provinsi,kabupaten_kota,komoditas,unit,tanggal_awal,harga_tanggal_awal
Jawa Tengah,Kab. Cilacap,Beras Medium,kg,01/02/2026,0
Jawa Tengah,Kab. Cilacap,Beras Premium,kg,01/02/2026,0
Jawa Tengah,Kab. Cilacap,Gula Pasir Curah,kg,01/02/2026,0
Jawa Tengah,Kab. Cilacap,Minyak Goreng Sawit Kemasan Premium,lt,01/02/2026,0
Jawa Tengah,Kab. Cilacap,Minyak Goreng Sawit Curah,lt,01/02/2026,0
Jawa Tengah,Kab. Cilacap,Minyakita,lt,01/02/2026,0
Jawa Tengah,Kab. Cilacap,Daging Sapi Paha Belakang,kg,01/02/2026,0
Jawa Tengah,Kab. Cilacap,Daging Ayam Ras,kg,01/02/2026,0
Jawa Tengah,Kab. Cilacap,Telur Ayam Ras,kg,01/02/2026,0
Jawa Tengah,Kab. Cilacap,Tepung Terigu,kg,01/02/2026,0
Jawa Tengah,Kab. Cilacap,Kedelai Impor,kg,01/02/2026,0
Jawa Tengah,Kab. Cilacap,Cabai Merah Keriting,kg,01/02/2026,0
Jawa Tengah,Kab. Cilacap,Cabai Rawit Merah,kg,01/02/2026,0
Jawa Tengah,Kab. Cilacap,Cabai Merah Besar,kg,01/02/2026,0
Jawa Tengah,Kab. Cilacap,Bawang Merah,kg,01/02/2026,0
Jawa Tengah,Kab. Cilacap,Bawang Putih Honan,kg,01/02/2026,0
Jawa Tengah,Kab. Banyumas,Beras Medium,kg,01/02/2026,0
Jawa Tengah,Kab. Banyumas,Beras Premium,kg,01/02/2026,0
Jawa Tengah,Kab. Banyumas,Gula Pasir Curah,kg,01/02/2026,0
Jawa Tengah,Kab. Banyumas,Minyak Goreng Sawit Kemasan Premium,lt,01/02/2026,0
Jawa Tengah,Kab. Banyumas,Minyak Goreng Sawit Curah,lt,01/02/2026,0
Jawa Tengah,Kab. Banyumas,Minyakita,lt,01/02/2026,0
Jawa Tengah,Kab. Banyumas,Daging Sapi Paha Belakang,kg,01/02/2026,0
Jawa Tengah,Kab. Banyumas,Daging Ayam Ras,kg,01/02/2026,0
Jawa Tengah,Kab. Banyumas,Telur Ayam Ras,kg,01/02/2026,0
Jawa Tengah,Kab. Banyumas,Tepung Terigu,kg,01/02/2026,0
Jawa Tengah,Kab. Banyumas,Kedelai Impor,kg,01/02/2026,0
Jawa Tengah,Kab. Banyumas,Cabai Merah Keriting,kg,01/02/2026,0
Jawa Tengah,Kab. Banyumas,Cabai Rawit Merah,kg,01/02/2026,0
Jawa Tengah,Kab. Banyumas,Cabai Merah Besar,kg,01/02/2026,0
Jawa Tengah,Kab. Banyumas,Bawang Merah,kg,01/02/2026,0
Jawa Tengah,Kab. Banyumas,Bawang Putih Honan,kg,01/02/2026,0
Jawa Tengah,Kab. Purbalingga,Beras Medium,kg,01/02/2026,0
Jawa Tengah,Kab. Purbalingga,Beras Premium,kg,01/02/2026,0
Jawa Tengah,Kab. Purbalingga,Gula Pasir Curah,kg,01/02/2026,0
Jawa Tengah,Kab. Purbalingga,Minyak Goreng Sawit Kemasan Premium,lt,01/02/2026,0
Jawa Tengah,Kab. Purbalingga,Minyak Goreng Sawit Curah,lt,01/02/2026,0
Jawa Tengah,Kab. Purbalingga,Minyakita,lt,01/02/2026,0
Jawa Tengah,Kab. Purbalingga,Daging Sapi Paha Belakang,kg,01/02/2026,0
Jawa Tengah,Kab. Purbalingga,Daging Ayam Ras,kg,01/02/2026,0
Jawa Tengah,Kab. Purbalingga,Telur Ayam Ras,kg,01/02/2026,0
Jawa Tengah,Kab. Purbalingga,Tepung Terigu,kg,01/02/2026,0
Jawa Tengah,Kab. Purbalingga,Kedelai Impor,kg,01/02/2026,0
Jawa Tengah,Kab. Purbalingga,Cabai Merah Keriting,kg,01/02/2026,0
Jawa Tengah,Kab. Purbalingga,Cabai Rawit Merah,kg,01/02/2026,0
Jawa Tengah,Kab. Purbalingga,Cabai Merah Besar,kg,01/02/2026,0
Jawa Tengah,Kab. Purbalingga,Bawang Merah,kg,01/02/2026,0
Jawa Tengah,Kab. Purbalingga,Bawang Putih Honan,kg,01/02/2026,0
Jawa Tengah,Kab. Banjarnegara,Beras Medium,kg,01/02/2026,0
Jawa Tengah,Kab. Banjarnegara,Beras Premium,kg,01/02/2026,0
Jawa Tengah,Kab. Banjarnegara,Gula Pasir Curah,kg,01/02/2026,0
Jawa Tengah,Kab. Banjarnegara,Minyak Goreng Sawit Kemasan Premium,lt,01/02/2026,0
Jawa Tengah,Kab. Banjarnegara,Minyak Goreng Sawit Curah,lt,01/02/2026,0
Jawa Tengah,Kab. Banjarnegara,Minyakita,lt,01/02/2026,0
Jawa Tengah,Kab. Banjarnegara,Daging Sapi Paha Belakang,kg,01/02/2026,0
Jawa Tengah,Kab. Banjarnegara,Daging Ayam Ras,kg,01/02/2026,0
Jawa Tengah,Kab. Banjarnegara,Telur Ayam Ras,kg,01/02/2026,0
Jawa Tengah,Kab. Banjarnegara,Tepung Terigu,kg,01/02/2026,0
Jawa Tengah,Kab. Banjarnegara,Kedelai Impor,kg,01/02/2026,0
Jawa Tengah,Kab. Banjarnegara,Cabai Merah Keriting,kg,01/02/2026,0
Jawa Tengah,Kab. Banjarnegara,Cabai Rawit Merah,kg,01/02/2026,0
Jawa Tengah,Kab. Banjarnegara,Cabai Merah Besar,kg,01/02/2026,0
Jawa Tengah,Kab. Banjarnegara,Bawang Merah,kg,01/02/2026,0
Jawa Tengah,Kab. Banjarnegara,Bawang Putih Honan,kg,01/02/2026,0
Jawa Tengah,Kab. Kebumen,Beras Medium,kg,01/02/2026,0
Jawa Tengah,Kab. Kebumen,Beras Premium,kg,01/02/2026,0
Jawa Tengah,Kab. Kebumen,Gula Pasir Curah,kg,01/02/2026,0
Jawa Tengah,Kab. Kebumen,Minyak Goreng Sawit Kemasan Premium,lt,01/02/2026,0
Jawa Tengah,Kab. Kebumen,Minyak Goreng Sawit Curah,lt,01/02/2026,0
Jawa Tengah,Kab. Kebumen,Minyakita,lt,01/02/2026,0
Jawa Tengah,Kab. Kebumen,Daging Sapi Paha Belakang,kg,01/02/2026,0
Jawa Tengah,Kab. Kebumen,Daging Ayam Ras,kg,01/02/2026,0
Jawa Tengah,Kab. Kebumen,Telur Ayam Ras,kg,01/02/2026,0
Jawa Tengah,Kab. Kebumen,Tepung Terigu,kg,01/02/2026,0
Jawa Tengah,Kab. Kebumen,Kedelai Impor,kg,01/02/2026,0
Jawa Tengah,Kab. Kebumen,Cabai Merah Keriting,kg,01/02/2026,0
Jawa Tengah,Kab. Kebumen,Cabai Rawit Merah,kg,01/02/2026,0
Jawa Tengah,Kab. Kebumen,Cabai Merah Besar,kg,01/02/2026,0
Jawa Tengah,Kab. Kebumen,Bawang Merah,kg,01/02/2026,0
Jawa Tengah,Kab. Kebumen,Bawang Putih Honan,kg,01/02/2026,0
Jawa Tengah,Kab. Purworejo,Beras Medium,kg,01/02/2026,0
Jawa Tengah,Kab. Purworejo,Beras Premium,kg,01/02/2026,0
Jawa Tengah,Kab. Purworejo,Gula Pasir Curah,kg,01/02/2026,0
Jawa Tengah,Kab. Purworejo,Minyak Goreng Sawit Kemasan Premium,lt,01/02/2026,0
Jawa Tengah,Kab. Purworejo,Minyak Goreng Sawit Curah,lt,01/02/2026,0
Jawa Tengah,Kab. Purworejo,Minyakita,lt,01/02/2026,0
Jawa Tengah,Kab. Purworejo,Daging Sapi Paha Belakang,kg,01/02/2026,0
Jawa Tengah,Kab. Purworejo,Daging Ayam Ras,kg,01/02/2026,0
Jawa Tengah,Kab. Purworejo,Telur Ayam Ras,kg,01/02/2026,0
Jawa Tengah,Kab. Purworejo,Tepung Terigu,kg,01/02/2026,0
Jawa Tengah,Kab. Purworejo,Kedelai Impor,kg,01/02/2026,0
Jawa Tengah,Kab. Purworejo,Cabai Merah Keriting,kg,01/02/2026,0
Jawa Tengah,Kab. Purworejo,Cabai Rawit Merah,kg,01/02/2026,0
Jawa Tengah,Kab. Purworejo,Cabai Merah Besar,kg,01/02/2026,0
Jawa Tengah,Kab. Purworejo,Bawang Merah,kg,01/02/2026,0
Jawa Tengah,Kab. Purworejo,Bawang Putih Honan,kg,01/02/2026,0
Jawa Tengah,Kab. Wonosobo,Beras Medium,kg,01/02/2026,0
Jawa Tengah,Kab. Wonosobo,Beras Premium,kg,01/02/2026,0
Jawa Tengah,Kab. Wonosobo,Gula Pasir Curah,kg,01/02/2026,0
Jawa Tengah,Kab. Wonosobo,Minyak Goreng Sawit Kemasan Premium,lt,01/02/2026,0
Jawa Tengah,Kab. Wonosobo,Minyak Goreng Sawit Curah,lt,01/02/2026,0
Jawa Tengah,Kab. Wonosobo,Minyakita,lt,01/02/2026,0
Jawa Tengah,Kab. Wonosobo,Daging Sapi Paha Belakang,kg,01/02/2026,0
Jawa Tengah,Kab. Wonosobo,Daging Ayam Ras,kg,01/02/2026,0
Jawa Tengah,Kab. Wonosobo,Telur Ayam Ras,kg,01/02/2026,0
Jawa Tengah,Kab. Wonosobo,Tepung Terigu,kg,01/02/2026,0
Jawa Tengah,Kab. Wonosobo,Kedelai Impor,kg,01/02/2026,0
Jawa Tengah,Kab. Wonosobo,Cabai Merah Keriting,kg,01/02/2026,0
Jawa Tengah,Kab. Wonosobo,Cabai Rawit Merah,kg,01/02/2026,0
Jawa Tengah,Kab. Wonosobo,Cabai Merah Besar,kg,01/02/2026,0
Jawa Tengah,Kab. Wonosobo,Bawang Merah,kg,01/02/2026,0
Jawa Tengah,Kab. Wonosobo,Bawang Putih Honan,kg,01/02/2026,0
Jawa Tengah,Kab. Magelang,Beras Medium,kg,01/02/2026,0
Jawa Tengah,Kab. Magelang,Beras Premium,kg,01/02/2026,0
Jawa Tengah,Kab. Magelang,Gula Pasir Curah,kg,01/02/2026,0
Jawa Tengah,Kab. Magelang,Minyak Goreng Sawit Kemasan Premium,lt,01/02/2026,0
Jawa Tengah,Kab. Magelang,Minyak Goreng Sawit Curah,lt,01/02/2026,0
Jawa Tengah,Kab. Magelang,Minyakita,lt,01/02/2026,0
Jawa Tengah,Kab. Magelang,Daging Sapi Paha Belakang,kg,01/02/2026,0
Jawa Tengah,Kab. Magelang,Daging Ayam Ras,kg,01/02/2026,0
Jawa Tengah,Kab. Magelang,Telur Ayam Ras,kg,01/02/2026,0
Jawa Tengah,Kab. Magelang,Tepung Terigu,kg,01/02/2026,0
Jawa Tengah,Kab. Magelang,Kedelai Impor,kg,01/02/2026,0
Jawa Tengah,Kab. Magelang,Cabai Merah Keriting,kg,01/02/2026,0
Jawa Tengah,Kab. Magelang,Cabai Rawit Merah,kg,01/02/2026,0
Jawa Tengah,Kab. Magelang,Cabai Merah Besar,kg,01/02/2026,0
Jawa Tengah,Kab. Magelang,Bawang Merah,kg,01/02/2026,0
Jawa Tengah,Kab. Magelang,Bawang Putih Honan,kg,01/02/2026,0
Jawa Tengah,Kab. Boyolali,Beras Medium,kg,01/02/2026,0
Jawa Tengah,Kab. Boyolali,Beras Premium,kg,01/02/2026,0
Jawa Tengah,Kab. Boyolali,Gula Pasir Curah,kg,01/02/2026,0
Jawa Tengah,Kab. Boyolali,Minyak Goreng Sawit Kemasan Premium,lt,01/02/2026,0
Jawa Tengah,Kab. Boyolali,Minyak Goreng Sawit Curah,lt,01/02/2026,0
Jawa Tengah,Kab. Boyolali,Minyakita,lt,01/02/2026,0
Jawa Tengah,Kab. Boyolali,Daging Sapi Paha Belakang,kg,01/02/2026,0
Jawa Tengah,Kab. Boyolali,Daging Ayam Ras,kg,01/02/2026,0
Jawa Tengah,Kab. Boyolali,Telur Ayam Ras,kg,01/02/2026,0
Jawa Tengah,Kab. Boyolali,Tepung Terigu,kg,01/02/2026,0
Jawa Tengah,Kab. Boyolali,Kedelai Impor,kg,01/02/2026,0
Jawa Tengah,Kab. Boyolali,Cabai Merah Keriting,kg,01/02/2026,0
Jawa Tengah,Kab. Boyolali,Cabai Rawit Merah,kg,01/02/2026,0
Jawa Tengah,Kab. Boyolali,Cabai Merah Besar,kg,01/02/2026,0
Jawa Tengah,Kab. Boyolali,Bawang Merah,kg,01/02/2026,0
Jawa Tengah,Kab. Boyolali,Bawang Putih Honan,kg,01/02/2026,0
Jawa Tengah,Kab. Klaten,Beras Medium,kg,01/02/2026,0
Jawa Tengah,Kab. Klaten,Beras Premium,kg,01/02/2026,0
Jawa Tengah,Kab. Klaten,Gula Pasir Curah,kg,01/02/2026,0
Jawa Tengah,Kab. Klaten,Minyak Goreng Sawit Kemasan Premium,lt,01/02/2026,0
Jawa Tengah,Kab. Klaten,Minyak Goreng Sawit Curah,lt,01/02/2026,0
Jawa Tengah,Kab. Klaten,Minyakita,lt,01/02/2026,0
Jawa Tengah,Kab. Klaten,Daging Sapi Paha Belakang,kg,01/02/2026,0
Jawa Tengah,Kab. Klaten,Daging Ayam Ras,kg,01/02/2026,0
Jawa Tengah,Kab. Klaten,Telur Ayam Ras,kg,01/02/2026,0
Jawa Tengah,Kab. Klaten,Tepung Terigu,kg,01/02/2026,0
Jawa Tengah,Kab. Klaten,Kedelai Impor,kg,01/02/2026,0
Jawa Tengah,Kab. Klaten,Cabai Merah Keriting,kg,01/02/2026,0
Jawa Tengah,Kab. Klaten,Cabai Rawit Merah,kg,01/02/2026,0
Jawa Tengah,Kab. Klaten,Cabai Merah Besar,kg,01/02/2026,0
Jawa Tengah,Kab. Klaten,Bawang Merah,kg,01/02/2026,0
Jawa Tengah,Kab. Klaten,Bawang Putih Honan,kg,01/02/2026,0
Jawa Tengah,Kab. Sukoharjo,Beras Medium,kg,01/02/2026,0
Jawa Tengah,Kab. Sukoharjo,Beras Premium,kg,01/02/2026,0
Jawa Tengah,Kab. Sukoharjo,Gula Pasir Curah,kg,01/02/2026,0
Jawa Tengah,Kab. Sukoharjo,Minyak Goreng Sawit Kemasan Premium,lt,01/02/2026,0
Jawa Tengah,Kab. Sukoharjo,Minyak Goreng Sawit Curah,lt,01/02/2026,0
Jawa Tengah,Kab. Sukoharjo,Minyakita,lt,01/02/2026,0
Jawa Tengah,Kab. Sukoharjo,Daging Sapi Paha Belakang,kg,01/02/2026,0
Jawa Tengah,Kab. Sukoharjo,Daging Ayam Ras,kg,01/02/2026,0
Jawa Tengah,Kab. Sukoharjo,Telur Ayam Ras,kg,01/02/2026,0
Jawa Tengah,Kab. Sukoharjo,Tepung Terigu,kg,01/02/2026,0
Jawa Tengah,Kab. Sukoharjo,Kedelai Impor,kg,01/02/2026,0
Jawa Tengah,Kab. Sukoharjo,Cabai Merah Keriting,kg,01/02/2026,0
Jawa Tengah,Kab. Sukoharjo,Cabai Rawit Merah,kg,01/02/2026,0
Jawa Tengah,Kab. Sukoharjo,Cabai Merah Besar,kg,01/02/2026,0
Jawa Tengah,Kab. Sukoharjo,Bawang Merah,kg,01/02/2026,0
Jawa Tengah,Kab. Sukoharjo,Bawang Putih Honan,kg,01/02/2026,0
Jawa Tengah,Kab. Wonogiri,Beras Medium,kg,01/02/2026,0
Jawa Tengah,Kab. Wonogiri,Beras Premium,kg,01/02/2026,0
Jawa Tengah,Kab. Wonogiri,Gula Pasir Curah,kg,01/02/2026,0
Jawa Tengah,Kab. Wonogiri,Minyak Goreng Sawit Kemasan Premium,lt,01/02/2026,0
Jawa Tengah,Kab. Wonogiri,Minyak Goreng Sawit Curah,lt,01/02/2026,0
Jawa Tengah,Kab. Wonogiri,Minyakita,lt,01/02/2026,0
Jawa Tengah,Kab. Wonogiri,Daging Sapi Paha Belakang,kg,01/02/2026,0
Jawa Tengah,Kab. Wonogiri,Daging Ayam Ras,kg,01/02/2026,0
Jawa Tengah,Kab. Wonogiri,Telur Ayam Ras,kg,01/02/2026,0
Jawa Tengah,Kab. Wonogiri,Tepung Terigu,kg,01/02/2026,0
Jawa Tengah,Kab. Wonogiri,Kedelai Impor,kg,01/02/2026,0
Jawa Tengah,Kab. Wonogiri,Cabai Merah Keriting,kg,01/02/2026,0
Jawa Tengah,Kab. Wonogiri,Cabai Rawit Merah,kg,01/02/2026,0
Jawa Tengah,Kab. Wonogiri,Cabai Merah Besar,kg,01/02/2026,0
Jawa Tengah,Kab. Wonogiri,Bawang Merah,kg,01/02/2026,0
Jawa Tengah,Kab. Wonogiri,Bawang Putih Honan,kg,01/02/2026,0
Jawa Tengah,Kab. Karanganyar,Beras Medium,kg,01/02/2026,0
Jawa Tengah,Kab. Karanganyar,Beras Premium,kg,01/02/2026,0
Jawa Tengah,Kab. Karanganyar,Gula Pasir Curah,kg,01/02/2026,0
Jawa Tengah,Kab. Karanganyar,Minyak Goreng Sawit Kemasan Premium,lt,01/02/2026,0
Jawa Tengah,Kab. Karanganyar,Minyak Goreng Sawit Curah,lt,01/02/2026,0
Jawa Tengah,Kab. Karanganyar,Minyakita,lt,01/02/2026,0
Jawa Tengah,Kab. Karanganyar,Daging Sapi Paha Belakang,kg,01/02/2026,0
Jawa Tengah,Kab. Karanganyar,Daging Ayam Ras,kg,01/02/2026,0
Jawa Tengah,Kab. Karanganyar,Telur Ayam Ras,kg,01/02/2026,0
Jawa Tengah,Kab. Karanganyar,Tepung Terigu,kg,01/02/2026,0
Jawa Tengah,Kab. Karanganyar,Kedelai Impor,kg,01/02/2026,0
Jawa Tengah,Kab. Karanganyar,Cabai Merah Keriting,kg,01/02/2026,0
Jawa Tengah,Kab. Karanganyar,Cabai Rawit Merah,kg,01/02/2026,0
Jawa Tengah,Kab. Karanganyar,Cabai Merah Besar,kg,01/02/2026,0
Jawa Tengah,Kab. Karanganyar,Bawang Merah,kg,01/02/2026,0
Jawa Tengah,Kab. Karanganyar,Bawang Putih Honan,kg,01/02/2026,0
Jawa Tengah,Kab. Sragen,Beras Medium,kg,01/02/2026,0
Jawa Tengah,Kab. Sragen,Beras Premium,kg,01/02/2026,0
Jawa Tengah,Kab. Sragen,Gula Pasir Curah,kg,01/02/2026,0
Jawa Tengah,Kab. Sragen,Minyak Goreng Sawit Kemasan Premium,lt,01/02/2026,0
Jawa Tengah,Kab. Sragen,Minyak Goreng Sawit Curah,lt,01/02/2026,0
Jawa Tengah,Kab. Sragen,Minyakita,lt,01/02/2026,0
Jawa Tengah,Kab. Sragen,Daging Sapi Paha Belakang,kg,01/02/2026,0
Jawa Tengah,Kab. Sragen,Daging Ayam Ras,kg,01/02/2026,0
Jawa Tengah,Kab. Sragen,Telur Ayam Ras,kg,01/02/2026,0
Jawa Tengah,Kab. Sragen,Tepung Terigu,kg,01/02/2026,0
Jawa Tengah,Kab. Sragen,Kedelai Impor,kg,01/02/2026,0
Jawa Tengah,Kab. Sragen,Cabai Merah Keriting,kg,01/02/2026,0
Jawa Tengah,Kab. Sragen,Cabai Rawit Merah,kg,01/02/2026,0
Jawa Tengah,Kab. Sragen,Cabai Merah Besar,kg,01/02/2026,0
Jawa Tengah,Kab. Sragen,Bawang Merah,kg,01/02/2026,0
Jawa Tengah,Kab. Sragen,Bawang Putih Honan,kg,01/02/2026,0
Jawa Tengah,Kab. Grobogan,Beras Medium,kg,01/02/2026,0
Jawa Tengah,Kab. Grobogan,Beras Premium,kg,01/02/2026,0
Jawa Tengah,Kab. Grobogan,Gula Pasir Curah,kg,01/02/2026,0
Jawa Tengah,Kab. Grobogan,Minyak Goreng Sawit Kemasan Premium,lt,01/02/2026,0
Jawa Tengah,Kab. Grobogan,Minyak Goreng Sawit Curah,lt,01/02/2026,0
Jawa Tengah,Kab. Grobogan,Minyakita,lt,01/02/2026,0
Jawa Tengah,Kab. Grobogan,Daging Sapi Paha Belakang,kg,01/02/2026,0
Jawa Tengah,Kab. Grobogan,Daging Ayam Ras,kg,01/02/2026,0
Jawa Tengah,Kab. Grobogan,Telur Ayam Ras,kg,01/02/2026,0
Jawa Tengah,Kab. Grobogan,Tepung Terigu,kg,01/02/2026,0
Jawa Tengah,Kab. Grobogan,Kedelai Impor,kg,01/02/2026,0
Jawa Tengah,Kab. Grobogan,Cabai Merah Keriting,kg,01/02/2026,0
Jawa Tengah,Kab. Grobogan,Cabai Rawit Merah,kg,01/02/2026,0
Jawa Tengah,Kab. Grobogan,Cabai Merah Besar,kg,01/02/2026,0
Jawa Tengah,Kab. Grobogan,Bawang Merah,kg,01/02/2026,0
Jawa Tengah,Kab. Grobogan,Bawang Putih Honan,kg,01/02/2026,0
Jawa Tengah,Kab. Blora,Beras Medium,kg,01/02/2026,0
Jawa Tengah,Kab. Blora,Beras Premium,kg,01/02/2026,0
Jawa Tengah,Kab. Blora,Gula Pasir Curah,kg,01/02/2026,0
Jawa Tengah,Kab. Blora,Minyak Goreng Sawit Kemasan Premium,lt,01/02/2026,0
Jawa Tengah,Kab. Blora,Minyak Goreng Sawit Curah,lt,01/02/2026,0
Jawa Tengah,Kab. Blora,Minyakita,lt,01/02/2026,0
Jawa Tengah,Kab. Blora,Daging Sapi Paha Belakang,kg,01/02/2026,0
Jawa Tengah,Kab. Blora,Daging Ayam Ras,kg,01/02/2026,0
Jawa Tengah,Kab. Blora,Telur Ayam Ras,kg,01/02/2026,0
Jawa Tengah,Kab. Blora,Tepung Terigu,kg,01/02/2026,0
Jawa Tengah,Kab. Blora,Kedelai Impor,kg,01/02/2026,0
Jawa Tengah,Kab. Blora,Cabai Merah Keriting,kg,01/02/2026,0
Jawa Tengah,Kab. Blora,Cabai Rawit Merah,kg,01/02/2026,0
Jawa Tengah,Kab. Blora,Cabai Merah Besar,kg,01/02/2026,0
Jawa Tengah,Kab. Blora,Bawang Merah,kg,01/02/2026,0
Jawa Tengah,Kab. Blora,Bawang Putih Honan,kg,01/02/2026,0
Jawa Tengah,Kab. Rembang,Beras Medium,kg,01/02/2026,0
Jawa Tengah,Kab. Rembang,Beras Premium,kg,01/02/2026,0
Jawa Tengah,Kab. Rembang,Gula Pasir Curah,kg,01/02/2026,0
Jawa Tengah,Kab. Rembang,Minyak Goreng Sawit Kemasan Premium,lt,01/02/2026,0
Jawa Tengah,Kab. Rembang,Minyak Goreng Sawit Curah,lt,01/02/2026,0
Jawa Tengah,Kab. Rembang,Minyakita,lt,01/02/2026,0
Jawa Tengah,Kab. Rembang,Daging Sapi Paha Belakang,kg,01/02/2026,0
Jawa Tengah,Kab. Rembang,Daging Ayam Ras,kg,01/02/2026,0
Jawa Tengah,Kab. Rembang,Telur Ayam Ras,kg,01/02/2026,0
Jawa Tengah,Kab. Rembang,Tepung Terigu,kg,01/02/2026,0
Jawa Tengah,Kab. Rembang,Kedelai Impor,kg,01/02/2026,0
Jawa Tengah,Kab. Rembang,Cabai Merah Keriting,kg,01/02/2026,0
Jawa Tengah,Kab. Rembang,Cabai Rawit Merah,kg,01/02/2026,0
Jawa Tengah,Kab. Rembang,Cabai Merah Besar,kg,01/02/2026,0
Jawa Tengah,Kab. Rembang,Bawang Merah,kg,01/02/2026,0
Jawa Tengah,Kab. Rembang,Bawang Putih Honan,kg,01/02/2026,0
Jawa Tengah,Kab. Pati,Beras Medium,kg,01/02/2026,0
Jawa Tengah,Kab. Pati,Beras Premium,kg,01/02/2026,0
Jawa Tengah,Kab. Pati,Gula Pasir Curah,kg,01/02/2026,0
Jawa Tengah,Kab. Pati,Minyak Goreng Sawit Kemasan Premium,lt,01/02/2026,0
Jawa Tengah,Kab. Pati,Minyak Goreng Sawit Curah,lt,01/02/2026,0
Jawa Tengah,Kab. Pati,Minyakita,lt,01/02/2026,0
Jawa Tengah,Kab. Pati,Daging Sapi Paha Belakang,kg,01/02/2026,0
Jawa Tengah,Kab. Pati,Daging Ayam Ras,kg,01/02/2026,0
Jawa Tengah,Kab. Pati,Telur Ayam Ras,kg,01/02/2026,0
Jawa Tengah,Kab. Pati,Tepung Terigu,kg,01/02/2026,0
Jawa Tengah,Kab. Pati,Kedelai Impor,kg,01/02/2026,0
Jawa Tengah,Kab. Pati,Cabai Merah Keriting,kg,01/02/2026,0
Jawa Tengah,Kab. Pati,Cabai Rawit Merah,kg,01/02/2026,0
Jawa Tengah,Kab. Pati,Cabai Merah Besar,kg,01/02/2026,0
Jawa Tengah,Kab. Pati,Bawang Merah,kg,01/02/2026,0
Jawa Tengah,Kab. Pati,Bawang Putih Honan,kg,01/02/2026,0
Jawa Tengah,Kab. Kudus,Beras Medium,kg,01/02/2026,0
Jawa Tengah,Kab. Kudus,Beras Premium,kg,01/02/2026,0
Jawa Tengah,Kab. Kudus,Gula Pasir Curah,kg,01/02/2026,0
Jawa Tengah,Kab. Kudus,Minyak Goreng Sawit Kemasan Premium,lt,01/02/2026,0
Jawa Tengah,Kab. Kudus,Minyak Goreng Sawit Curah,lt,01/02/2026,0
Jawa Tengah,Kab. Kudus,Minyakita,lt,01/02/2026,0
Jawa Tengah,Kab. Kudus,Daging Sapi Paha Belakang,kg,01/02/2026,0
Jawa Tengah,Kab. Kudus,Daging Ayam Ras,kg,01/02/2026,0
Jawa Tengah,Kab. Kudus,Telur Ayam Ras,kg,01/02/2026,0
Jawa Tengah,Kab. Kudus,Tepung Terigu,kg,01/02/2026,0
Jawa Tengah,Kab. Kudus,Kedelai Impor,kg,01/02/2026,0
Jawa Tengah,Kab. Kudus,Cabai Merah Keriting,kg,01/02/2026,0
Jawa Tengah,Kab. Kudus,Cabai Rawit Merah,kg,01/02/2026,0
Jawa Tengah,Kab. Kudus,Cabai Merah Besar,kg,01/02/2026,0
Jawa Tengah,Kab. Kudus,Bawang Merah,kg,01/02/2026,0
Jawa Tengah,Kab. Kudus,Bawang Putih Honan,kg,01/02/2026,0
Jawa Tengah,Kab. Jepara,Beras Medium,kg,01/02/2026,0
Jawa Tengah,Kab. Jepara,Beras Premium,kg,01/02/2026,0
Jawa Tengah,Kab. Jepara,Gula Pasir Curah,kg,01/02/2026,0
Jawa Tengah,Kab. Jepara,Minyak Goreng Sawit Kemasan Premium,lt,01/02/2026,0
Jawa Tengah,Kab. Jepara,Minyak Goreng Sawit Curah,lt,01/02/2026,0
Jawa Tengah,Kab. Jepara,Minyakita,lt,01/02/2026,0
Jawa Tengah,Kab. Jepara,Daging Sapi Paha Belakang,kg,01/02/2026,0
Jawa Tengah,Kab. Jepara,Daging Ayam Ras,kg,01/02/2026,0
Jawa Tengah,Kab. Jepara,Telur Ayam Ras,kg,01/02/2026,0
Jawa Tengah,Kab. Jepara,Tepung Terigu,kg,01/02/2026,0
Jawa Tengah,Kab. Jepara,Kedelai Impor,kg,01/02/2026,0
Jawa Tengah,Kab. Jepara,Cabai Merah Keriting,kg,01/02/2026,0
Jawa Tengah,Kab. Jepara,Cabai Rawit Merah,kg,01/02/2026,0
Jawa Tengah,Kab. Jepara,Cabai Merah Besar,kg,01/02/2026,0
Jawa Tengah,Kab. Jepara,Bawang Merah,kg,01/02/2026,0
Jawa Tengah,Kab. Jepara,Bawang Putih Honan,kg,01/02/2026,0
Jawa Tengah,Kab. Demak,Beras Medium,kg,01/02/2026,0
Jawa Tengah,Kab. Demak,Beras Premium,kg,01/02/2026,0
Jawa Tengah,Kab. Demak,Gula Pasir Curah,kg,01/02/2026,0
Jawa Tengah,Kab. Demak,Minyak Goreng Sawit Kemasan Premium,lt,01/02/2026,0
Jawa Tengah,Kab. Demak,Minyak Goreng Sawit Curah,lt,01/02/2026,0
Jawa Tengah,Kab. Demak,Minyakita,lt,01/02/2026,0
Jawa Tengah,Kab. Demak,Daging Sapi Paha Belakang,kg,01/02/2026,0
Jawa Tengah,Kab. Demak,Daging Ayam Ras,kg,01/02/2026,0
Jawa Tengah,Kab. Demak,Telur Ayam Ras,kg,01/02/2026,0
Jawa Tengah,Kab. Demak,Tepung Terigu,kg,01/02/2026,0
Jawa Tengah,Kab. Demak,Kedelai Impor,kg,01/02/2026,0
Jawa Tengah,Kab. Demak,Cabai Merah Keriting,kg,01/02/2026,0
Jawa Tengah,Kab. Demak,Cabai Rawit Merah,kg,01/02/2026,0
Jawa Tengah,Kab. Demak,Cabai Merah Besar,kg,01/02/2026,0
Jawa Tengah,Kab. Demak,Bawang Merah,kg,01/02/2026,0
Jawa Tengah,Kab. Demak,Bawang Putih Honan,kg,01/02/2026,0
Jawa Tengah,Kab. Semarang,Beras Medium,kg,01/02/2026,0
Jawa Tengah,Kab. Semarang,Beras Premium,kg,01/02/2026,0
Jawa Tengah,Kab. Semarang,Gula Pasir Curah,kg,01/02/2026,0
Jawa Tengah,Kab. Semarang,Minyak Goreng Sawit Kemasan Premium,lt,01/02/2026,0
Jawa Tengah,Kab. Semarang,Minyak Goreng Sawit Curah,lt,01/02/2026,0
Jawa Tengah,Kab. Semarang,Minyakita,lt,01/02/2026,0
Jawa Tengah,Kab. Semarang,Daging Sapi Paha Belakang,kg,01/02/2026,0
Jawa Tengah,Kab. Semarang,Daging Ayam Ras,kg,01/02/2026,0
Jawa Tengah,Kab. Semarang,Telur Ayam Ras,kg,01/02/2026,0
Jawa Tengah,Kab. Semarang,Tepung Terigu,kg,01/02/2026,0
Jawa Tengah,Kab. Semarang,Kedelai Impor,kg,01/02/2026,0
Jawa Tengah,Kab. Semarang,Cabai Merah Keriting,kg,01/02/2026,0
Jawa Tengah,Kab. Semarang,Cabai Rawit Merah,kg,01/02/2026,0
Jawa Tengah,Kab. Semarang,Cabai Merah Besar,kg,01/02/2026,0
Jawa Tengah,Kab. Semarang,Bawang Merah,kg,01/02/2026,0
Jawa Tengah,Kab. Semarang,Bawang Putih Honan,kg,01/02/2026,0
Jawa Tengah,Kab. Temanggung,Beras Medium,kg,01/02/2026,0
Jawa Tengah,Kab. Temanggung,Beras Premium,kg,01/02/2026,0
Jawa Tengah,Kab. Temanggung,Gula Pasir Curah,kg,01/02/2026,0
Jawa Tengah,Kab. Temanggung,Minyak Goreng Sawit Kemasan Premium,lt,01/02/2026,0
Jawa Tengah,Kab. Temanggung,Minyak Goreng Sawit Curah,lt,01/02/2026,0
Jawa Tengah,Kab. Temanggung,Minyakita,lt,01/02/2026,0
Jawa Tengah,Kab. Temanggung,Daging Sapi Paha Belakang,kg,01/02/2026,0
Jawa Tengah,Kab. Temanggung,Daging Ayam Ras,kg,01/02/2026,0
Jawa Tengah,Kab. Temanggung,Telur Ayam Ras,kg,01/02/2026,0
Jawa Tengah,Kab. Temanggung,Tepung Terigu,kg,01/02/2026,0
Jawa Tengah,Kab. Temanggung,Kedelai Impor,kg,01/02/2026,0
Jawa Tengah,Kab. Temanggung,Cabai Merah Keriting,kg,01/02/2026,0
Jawa Tengah,Kab. Temanggung,Cabai Rawit Merah,kg,01/02/2026,0
Jawa Tengah,Kab. Temanggung,Cabai Merah Besar,kg,01/02/2026,0
Jawa Tengah,Kab. Temanggung,Bawang Merah,kg,01/02/2026,0
Jawa Tengah,Kab. Temanggung,Bawang Putih Honan,kg,01/02/2026,0
Jawa Tengah,Kab. Kendal,Beras Medium,kg,01/02/2026,0
Jawa Tengah,Kab. Kendal,Beras Premium,kg,01/02/2026,0
Jawa Tengah,Kab. Kendal,Gula Pasir Curah,kg,01/02/2026,0
Jawa Tengah,Kab. Kendal,Minyak Goreng Sawit Kemasan Premium,lt,01/02/2026,0
Jawa Tengah,Kab. Kendal,Minyak Goreng Sawit Curah,lt,01/02/2026,0
Jawa Tengah,Kab. Kendal,Minyakita,lt,01/02/2026,0
Jawa Tengah,Kab. Kendal,Daging Sapi Paha Belakang,kg,01/02/2026,0
Jawa Tengah,Kab. Kendal,Daging Ayam Ras,kg,01/02/2026,0
Jawa Tengah,Kab. Kendal,Telur Ayam Ras,kg,01/02/2026,0
Jawa Tengah,Kab. Kendal,Tepung Terigu,kg,01/02/2026,0
Jawa Tengah,Kab. Kendal,Kedelai Impor,kg,01/02/2026,0
Jawa Tengah,Kab. Kendal,Cabai Merah Keriting,kg,01/02/2026,0
Jawa Tengah,Kab. Kendal,Cabai Rawit Merah,kg,01/02/2026,0
Jawa Tengah,Kab. Kendal,Cabai Merah Besar,kg,01/02/2026,0
Jawa Tengah,Kab. Kendal,Bawang Merah,kg,01/02/2026,0
Jawa Tengah,Kab. Kendal,Bawang Putih Honan,kg,01/02/2026,0
Jawa Tengah,Kab. Batang,Beras Medium,kg,01/02/2026,0
Jawa Tengah,Kab. Batang,Beras Premium,kg,01/02/2026,0
Jawa Tengah,Kab. Batang,Gula Pasir Curah,kg,01/02/2026,0
Jawa Tengah,Kab. Batang,Minyak Goreng Sawit Kemasan Premium,lt,01/02/2026,0
Jawa Tengah,Kab. Batang,Minyak Goreng Sawit Curah,lt,01/02/2026,0
Jawa Tengah,Kab. Batang,Minyakita,lt,01/02/2026,0
Jawa Tengah,Kab. Batang,Daging Sapi Paha Belakang,kg,01/02/2026,0
Jawa Tengah,Kab. Batang,Daging Ayam Ras,kg,01/02/2026,0
Jawa Tengah,Kab. Batang,Telur Ayam Ras,kg,01/02/2026,0
Jawa Tengah,Kab. Batang,Tepung Terigu,kg,01/02/2026,0
Jawa Tengah,Kab. Batang,Kedelai Impor,kg,01/02/2026,0
Jawa Tengah,Kab. Batang,Cabai Merah Keriting,kg,01/02/2026,0
Jawa Tengah,Kab. Batang,Cabai Rawit Merah,kg,01/02/2026,0
Jawa Tengah,Kab. Batang,Cabai Merah Besar,kg,01/02/2026,0
Jawa Tengah,Kab. Batang,Bawang Merah,kg,01/02/2026,0
Jawa Tengah,Kab. Batang,Bawang Putih Honan,kg,01/02/2026,0
Jawa Tengah,Kab. Pekalongan,Beras Medium,kg,01/02/2026,0
Jawa Tengah,Kab. Pekalongan,Beras Premium,kg,01/02/2026,0
Jawa Tengah,Kab. Pekalongan,Gula Pasir Curah,kg,01/02/2026,0
Jawa Tengah,Kab. Pekalongan,Minyak Goreng Sawit Kemasan Premium,lt,01/02/2026,0
Jawa Tengah,Kab. Pekalongan,Minyak Goreng Sawit Curah,lt,01/02/2026,0
Jawa Tengah,Kab. Pekalongan,Minyakita,lt,01/02/2026,0
Jawa Tengah,Kab. Pekalongan,Daging Sapi Paha Belakang,kg,01/02/2026,0
Jawa Tengah,Kab. Pekalongan,Daging Ayam Ras,kg,01/02/2026,0
Jawa Tengah,Kab. Pekalongan,Telur Ayam Ras,kg,01/02/2026,0
Jawa Tengah,Kab. Pekalongan,Tepung Terigu,kg,01/02/2026,0
Jawa Tengah,Kab. Pekalongan,Kedelai Impor,kg,01/02/2026,0
Jawa Tengah,Kab. Pekalongan,Cabai Merah Keriting,kg,01/02/2026,0
Jawa Tengah,Kab. Pekalongan,Cabai Rawit Merah,kg,01/02/2026,0
Jawa Tengah,Kab. Pekalongan,Cabai Merah Besar,kg,01/02/2026,0
Jawa Tengah,Kab. Pekalongan,Bawang Merah,kg,01/02/2026,0
Jawa Tengah,Kab. Pekalongan,Bawang Putih Honan,kg,01/02/2026,0
Jawa Tengah,Kab. Pemalang,Beras Medium,kg,01/02/2026,0
Jawa Tengah,Kab. Pemalang,Beras Premium,kg,01/02/2026,0
Jawa Tengah,Kab. Pemalang,Gula Pasir Curah,kg,01/02/2026,0
Jawa Tengah,Kab. Pemalang,Minyak Goreng Sawit Kemasan Premium,lt,01/02/2026,0
Jawa Tengah,Kab. Pemalang,Minyak Goreng Sawit Curah,lt,01/02/2026,0
Jawa Tengah,Kab. Pemalang,Minyakita,lt,01/02/2026,0
Jawa Tengah,Kab. Pemalang,Daging Sapi Paha Belakang,kg,01/02/2026,0
Jawa Tengah,Kab. Pemalang,Daging Ayam Ras,kg,01/02/2026,0
Jawa Tengah,Kab. Pemalang,Telur Ayam Ras,kg,01/02/2026,0
Jawa Tengah,Kab. Pemalang,Tepung Terigu,kg,01/02/2026,0
Jawa Tengah,Kab. Pemalang,Kedelai Impor,kg,01/02/2026,0
Jawa Tengah,Kab. Pemalang,Cabai Merah Keriting,kg,01/02/2026,0
Jawa Tengah,Kab. Pemalang,Cabai Rawit Merah,kg,01/02/2026,0
Jawa Tengah,Kab. Pemalang,Cabai Merah Besar,kg,01/02/2026,0
Jawa Tengah,Kab. Pemalang,Bawang Merah,kg,01/02/2026,0
Jawa Tengah,Kab. Pemalang,Bawang Putih Honan,kg,01/02/2026,0
Jawa Tengah,Kab. Tegal,Beras Medium,kg,01/02/2026,0
Jawa Tengah,Kab. Tegal,Beras Premium,kg,01/02/2026,0
Jawa Tengah,Kab. Tegal,Gula Pasir Curah,kg,01/02/2026,0
Jawa Tengah,Kab. Tegal,Minyak Goreng Sawit Kemasan Premium,lt,01/02/2026,0
Jawa Tengah,Kab. Tegal,Minyak Goreng Sawit Curah,lt,01/02/2026,0
Jawa Tengah,Kab. Tegal,Minyakita,lt,01/02/2026,0
Jawa Tengah,Kab. Tegal,Daging Sapi Paha Belakang,kg,01/02/2026,0
Jawa Tengah,Kab. Tegal,Daging Ayam Ras,kg,01/02/2026,0
Jawa Tengah,Kab. Tegal,Telur Ayam Ras,kg,01/02/2026,0
Jawa Tengah,Kab. Tegal,Tepung Terigu,kg,01/02/2026,0
Jawa Tengah,Kab. Tegal,Kedelai Impor,kg,01/02/2026,0
Jawa Tengah,Kab. Tegal,Cabai Merah Keriting,kg,01/02/2026,0
Jawa Tengah,Kab. Tegal,Cabai Rawit Merah,kg,01/02/2026,0
Jawa Tengah,Kab. Tegal,Cabai Merah Besar,kg,01/02/2026,0
Jawa Tengah,Kab. Tegal,Bawang Merah,kg,01/02/2026,0
Jawa Tengah,Kab. Tegal,Bawang Putih Honan,kg,01/02/2026,0
Jawa Tengah,Kab. Brebes,Beras Medium,kg,01/02/2026,0
Jawa Tengah,Kab. Brebes,Beras Premium,kg,01/02/2026,0
Jawa Tengah,Kab. Brebes,Gula Pasir Curah,kg,01/02/2026,0
Jawa Tengah,Kab. Brebes,Minyak Goreng Sawit Kemasan Premium,lt,01/02/2026,0
Jawa Tengah,Kab. Brebes,Minyak Goreng Sawit Curah,lt,01/02/2026,0
Jawa Tengah,Kab. Brebes,Minyakita,lt,01/02/2026,0
Jawa Tengah,Kab. Brebes,Daging Sapi Paha Belakang,kg,01/02/2026,0
Jawa Tengah,Kab. Brebes,Daging Ayam Ras,kg,01/02/2026,0
Jawa Tengah,Kab. Brebes,Telur Ayam Ras,kg,01/02/2026,0
Jawa Tengah,Kab. Brebes,Tepung Terigu,kg,01/02/2026,0
Jawa Tengah,Kab. Brebes,Kedelai Impor,kg,01/02/2026,0
Jawa Tengah,Kab. Brebes,Cabai Merah Keriting,kg,01/02/2026,0
Jawa Tengah,Kab. Brebes,Cabai Rawit Merah,kg,01/02/2026,0
Jawa Tengah,Kab. Brebes,Cabai Merah Besar,kg,01/02/2026,0
Jawa Tengah,Kab. Brebes,Bawang Merah,kg,01/02/2026,0
Jawa Tengah,Kab. Brebes,Bawang Putih Honan,kg,01/02/2026,0
Jawa Tengah,Kota Magelang,Beras Medium,kg,01/02/2026,0
Jawa Tengah,Kota Magelang,Beras Premium,kg,01/02/2026,0
Jawa Tengah,Kota Magelang,Gula Pasir Curah,kg,01/02/2026,0
Jawa Tengah,Kota Magelang,Minyak Goreng Sawit Kemasan Premium,lt,01/02/2026,0
Jawa Tengah,Kota Magelang,Minyak Goreng Sawit Curah,lt,01/02/2026,0
Jawa Tengah,Kota Magelang,Minyakita,lt,01/02/2026,0
Jawa Tengah,Kota Magelang,Daging Sapi Paha Belakang,kg,01/02/2026,0
Jawa Tengah,Kota Magelang,Daging Ayam Ras,kg,01/02/2026,0
Jawa Tengah,Kota Magelang,Telur Ayam Ras,kg,01/02/2026,0
Jawa Tengah,Kota Magelang,Tepung Terigu,kg,01/02/2026,0
Jawa Tengah,Kota Magelang,Kedelai Impor,kg,01/02/2026,0
Jawa Tengah,Kota Magelang,Cabai Merah Keriting,kg,01/02/2026,0
Jawa Tengah,Kota Magelang,Cabai Rawit Merah,kg,01/02/2026,0
Jawa Tengah,Kota Magelang,Cabai Merah Besar,kg,01/02/2026,0
Jawa Tengah,Kota Magelang,Bawang Merah,kg,01/02/2026,0
Jawa Tengah,Kota Magelang,Bawang Putih Honan,kg,01/02/2026,0
Jawa Tengah,Kota Surakarta,Beras Medium,kg,01/02/2026,0
Jawa Tengah,Kota Surakarta,Beras Premium,kg,01/02/2026,0
Jawa Tengah,Kota Surakarta,Gula Pasir Curah,kg,01/02/2026,0
Jawa Tengah,Kota Surakarta,Minyak Goreng Sawit Kemasan Premium,lt,01/02/2026,0
Jawa Tengah,Kota Surakarta,Minyak Goreng Sawit Curah,lt,01/02/2026,0
Jawa Tengah,Kota Surakarta,Minyakita,lt,01/02/2026,0
Jawa Tengah,Kota Surakarta,Daging Sapi Paha Belakang,kg,01/02/2026,0
Jawa Tengah,Kota Surakarta,Daging Ayam Ras,kg,01/02/2026,0
Jawa Tengah,Kota Surakarta,Telur Ayam Ras,kg,01/02/2026,0
Jawa Tengah,Kota Surakarta,Tepung Terigu,kg,01/02/2026,0
Jawa Tengah,Kota Surakarta,Kedelai Impor,kg,01/02/2026,0
Jawa Tengah,Kota Surakarta,Cabai Merah Keriting,kg,01/02/2026,0
Jawa Tengah,Kota Surakarta,Cabai Rawit Merah,kg,01/02/2026,0
Jawa Tengah,Kota Surakarta,Cabai Merah Besar,kg,01/02/2026,0
Jawa Tengah,Kota Surakarta,Bawang Merah,kg,01/02/2026,0
Jawa Tengah,Kota Surakarta,Bawang Putih Honan,kg,01/02/2026,0
Jawa Tengah,Kota Salatiga,Beras Medium,kg,01/02/2026,0
Jawa Tengah,Kota Salatiga,Beras Premium,kg,01/02/2026,0
Jawa Tengah,Kota Salatiga,Gula Pasir Curah,kg,01/02/2026,0
Jawa Tengah,Kota Salatiga,Minyak Goreng Sawit Kemasan Premium,lt,01/02/2026,0
Jawa Tengah,Kota Salatiga,Minyak Goreng Sawit Curah,lt,01/02/2026,0
Jawa Tengah,Kota Salatiga,Minyakita,lt,01/02/2026,0
Jawa Tengah,Kota Salatiga,Daging Sapi Paha Belakang,kg,01/02/2026,0
Jawa Tengah,Kota Salatiga,Daging Ayam Ras,kg,01/02/2026,0
Jawa Tengah,Kota Salatiga,Telur Ayam Ras,kg,01/02/2026,0
Jawa Tengah,Kota Salatiga,Tepung Terigu,kg,01/02/2026,0
Jawa Tengah,Kota Salatiga,Kedelai Impor,kg,01/02/2026,0
Jawa Tengah,Kota Salatiga,Cabai Merah Keriting,kg,01/02/2026,0
Jawa Tengah,Kota Salatiga,Cabai Rawit Merah,kg,01/02/2026,0
Jawa Tengah,Kota Salatiga,Cabai Merah Besar,kg,01/02/2026,0
Jawa Tengah,Kota Salatiga,Bawang Merah,kg,01/02/2026,0
Jawa Tengah,Kota Salatiga,Bawang Putih Honan,kg,01/02/2026,0
Jawa Tengah,Kota Semarang,Beras Medium,kg,01/02/2026,0
Jawa Tengah,Kota Semarang,Beras Premium,kg,01/02/2026,0
Jawa Tengah,Kota Semarang,Gula Pasir Curah,kg,01/02/2026,0
Jawa Tengah,Kota Semarang,Minyak Goreng Sawit Kemasan Premium,lt,01/02/2026,0
Jawa Tengah,Kota Semarang,Minyak Goreng Sawit Curah,lt,01/02/2026,0
Jawa Tengah,Kota Semarang,Minyakita,lt,01/02/2026,0
Jawa Tengah,Kota Semarang,Daging Sapi Paha Belakang,kg,01/02/2026,0
Jawa Tengah,Kota Semarang,Daging Ayam Ras,kg,01/02/2026,0
Jawa Tengah,Kota Semarang,Telur Ayam Ras,kg,01/02/2026,0
Jawa Tengah,Kota Semarang,Tepung Terigu,kg,01/02/2026,0
Jawa Tengah,Kota Semarang,Kedelai Impor,kg,01/02/2026,0
Jawa Tengah,Kota Semarang,Cabai Merah Keriting,kg,01/02/2026,0
Jawa Tengah,Kota Semarang,Cabai Rawit Merah,kg,01/02/2026,0
Jawa Tengah,Kota Semarang,Cabai Merah Besar,kg,01/02/2026,0
Jawa Tengah,Kota Semarang,Bawang Merah,kg,01/02/2026,0
Jawa Tengah,Kota Semarang,Bawang Putih Honan,kg,01/02/2026,0
Jawa Tengah,Kota Pekalongan,Beras Medium,kg,01/02/2026,0
Jawa Tengah,Kota Pekalongan,Beras Premium,kg,01/02/2026,0
Jawa Tengah,Kota Pekalongan,Gula Pasir Curah,kg,01/02/2026,0
Jawa Tengah,Kota Pekalongan,Minyak Goreng Sawit Kemasan Premium,lt,01/02/2026,0
Jawa Tengah,Kota Pekalongan,Minyak Goreng Sawit Curah,lt,01/02/2026,0
Jawa Tengah,Kota Pekalongan,Minyakita,lt,01/02/2026,0
Jawa Tengah,Kota Pekalongan,Daging Sapi Paha Belakang,kg,01/02/2026,0
Jawa Tengah,Kota Pekalongan,Daging Ayam Ras,kg,01/02/2026,0
Jawa Tengah,Kota Pekalongan,Telur Ayam Ras,kg,01/02/2026,0
Jawa Tengah,Kota Pekalongan,Tepung Terigu,kg,01/02/2026,0
Jawa Tengah,Kota Pekalongan,Kedelai Impor,kg,01/02/2026,0
Jawa Tengah,Kota Pekalongan,Cabai Merah Keriting,kg,01/02/2026,0
Jawa Tengah,Kota Pekalongan,Cabai Rawit Merah,kg,01/02/2026,0
Jawa Tengah,Kota Pekalongan,Cabai Merah Besar,kg,01/02/2026,0
Jawa Tengah,Kota Pekalongan,Bawang Merah,kg,01/02/2026,0
Jawa Tengah,Kota Pekalongan,Bawang Putih Honan,kg,01/02/2026,0
Jawa Tengah,Kota Tegal,Beras Medium,kg,01/02/2026,0
Jawa Tengah,Kota Tegal,Beras Premium,kg,01/02/2026,0
Jawa Tengah,Kota Tegal,Gula Pasir Curah,kg,01/02/2026,0
Jawa Tengah,Kota Tegal,Minyak Goreng Sawit Kemasan Premium,lt,01/02/2026,0
Jawa Tengah,Kota Tegal,Minyak Goreng Sawit Curah,lt,01/02/2026,0
Jawa Tengah,Kota Tegal,Minyakita,lt,01/02/2026,0
Jawa Tengah,Kota Tegal,Daging Sapi Paha Belakang,kg,01/02/2026,0
Jawa Tengah,Kota Tegal,Daging Ayam Ras,kg,01/02/2026,0
Jawa Tengah,Kota Tegal,Telur Ayam Ras,kg,01/02/2026,0
Jawa Tengah,Kota Tegal,Tepung Terigu,kg,01/02/2026,0
Jawa Tengah,Kota Tegal,Kedelai Impor,kg,01/02/2026,0
Jawa Tengah,Kota Tegal,Cabai Merah Keriting,kg,01/02/2026,0
Jawa Tengah,Kota Tegal,Cabai Rawit Merah,kg,01/02/2026,0
Jawa Tengah,Kota Tegal,Cabai Merah Besar,kg,01/02/2026,0
Jawa Tengah,Kota Tegal,Bawang Merah,kg,01/02/2026,0
Jawa Tengah,Kota Tegal,Bawang Putih Honan,kg,01/02/2026,0
Jawa Tengah,Kab. Cilacap,Beras Medium,kg,02/02/2026,13500
Jawa Tengah,Kab. Cilacap,Beras Premium,kg,02/02/2026,14500
Jawa Tengah,Kab. Cilacap,Gula Pasir Curah,kg,02/02/2026,17500
Jawa Tengah,Kab. Cilacap,Minyak Goreng Sawit Kemasan Premium,lt,02/02/2026,22000
Jawa Tengah,Kab. Cilacap,Minyak Goreng Sawit Curah,lt,02/02/2026,18000
Jawa Tengah,Kab. Cilacap,Minyakita,lt,02/02/2026,17167
Jawa Tengah,Kab. Cilacap,Daging Sapi Paha Belakang,kg,02/02/2026,135000
Jawa Tengah,Kab. Cilacap,Daging Ayam Ras,kg,02/02/2026,36667
Jawa Tengah,Kab. Cilacap,Telur Ayam Ras,kg,02/02/2026,26500
Jawa Tengah,Kab. Cilacap,Tepung Terigu,kg,02/02/2026,12000
Jawa Tengah,Kab. Cilacap,Kedelai Impor,kg,02/02/2026,11500
Jawa Tengah,Kab. Cilacap,Cabai Merah Keriting,kg,02/02/2026,25333
Jawa Tengah,Kab. Cilacap,Cabai Rawit Merah,kg,02/02/2026,57333
Jawa Tengah,Kab. Cilacap,Cabai Merah Besar,kg,02/02/2026,23333
Jawa Tengah,Kab. Cilacap,Bawang Merah,kg,02/02/2026,36000
Jawa Tengah,Kab. Cilacap,Bawang Putih Honan,kg,02/02/2026,35000
Jawa Tengah,Kab. Banyumas,Beras Medium,kg,02/02/2026,13250
Jawa Tengah,Kab. Banyumas,Beras Premium,kg,02/02/2026,14900
Jawa Tengah,Kab. Banyumas,Gula Pasir Curah,kg,02/02/2026,16500
Jawa Tengah,Kab. Banyumas,Minyak Goreng Sawit Kemasan Premium,lt,02/02/2026,21000
Jawa Tengah,Kab. Banyumas,Minyak Goreng Sawit Curah,lt,02/02/2026,17100
Jawa Tengah,Kab. Banyumas,Minyakita,lt,02/02/2026,15700
Jawa Tengah,Kab. Banyumas,Daging Sapi Paha Belakang,kg,02/02/2026,133333
Jawa Tengah,Kab. Banyumas,Daging Ayam Ras,kg,02/02/2026,37000
Jawa Tengah,Kab. Banyumas,Telur Ayam Ras,kg,02/02/2026,27000
Jawa Tengah,Kab. Banyumas,Tepung Terigu,kg,02/02/2026,11500
Jawa Tengah,Kab. Banyumas,Kedelai Impor,kg,02/02/2026,10000
Jawa Tengah,Kab. Banyumas,Cabai Merah Keriting,kg,02/02/2026,24000
Jawa Tengah,Kab. Banyumas,Cabai Rawit Merah,kg,02/02/2026,58667
Jawa Tengah,Kab. Banyumas,Cabai Merah Besar,kg,02/02/2026,24667
Jawa Tengah,Kab. Banyumas,Bawang Merah,kg,02/02/2026,38000
Jawa Tengah,Kab. Banyumas,Bawang Putih Honan,kg,02/02/2026,32667
Jawa Tengah,Kab. Purbalingga,Beras Medium,kg,02/02/2026,13000
Jawa Tengah,Kab. Purbalingga,Beras Premium,kg,02/02/2026,14200
Jawa Tengah,Kab. Purbalingga,Gula Pasir Curah,kg,02/02/2026,17200
Jawa Tengah,Kab. Purbalingga,Minyak Goreng Sawit Kemasan Premium,lt,02/02/2026,21000
Jawa Tengah,Kab. Purbalingga,Minyak Goreng Sawit Curah,lt,02/02/2026,17550
Jawa Tengah,Kab. Purbalingga,Minyakita,lt,02/02/2026,16000
Jawa Tengah,Kab. Purbalingga,Daging Sapi Paha Belakang,kg,02/02/2026,135000
Jawa Tengah,Kab. Purbalingga,Daging Ayam Ras,kg,02/02/2026,38000
Jawa Tengah,Kab. Purbalingga,Telur Ayam Ras,kg,02/02/2026,28000
Jawa Tengah,Kab. Purbalingga,Tepung Terigu,kg,02/02/2026,12000
Jawa Tengah,Kab. Purbalingga,Kedelai Impor,kg,02/02/2026,9800
Jawa Tengah,Kab. Purbalingga,Cabai Merah Keriting,kg,02/02/2026,28000
Jawa Tengah,Kab. Purbalingga,Cabai Rawit Merah,kg,02/02/2026,62000
Jawa Tengah,Kab. Purbalingga,Cabai Merah Besar,kg,02/02/2026,27000
Jawa Tengah,Kab. Purbalingga,Bawang Merah,kg,02/02/2026,41000
Jawa Tengah,Kab. Purbalingga,Bawang Putih Honan,kg,02/02/2026,33000
Jawa Tengah,Kab. Banjarnegara,Beras Medium,kg,02/02/2026,13333
Jawa Tengah,Kab. Banjarnegara,Beras Premium,kg,02/02/2026,14533
Jawa Tengah,Kab. Banjarnegara,Gula Pasir Curah,kg,02/02/2026,16500
Jawa Tengah,Kab. Banjarnegara,Minyak Goreng Sawit Kemasan Premium,lt,02/02/2026,20666
Jawa Tengah,Kab. Banjarnegara,Minyak Goreng Sawit Curah,lt,02/02/2026,17550
Jawa Tengah,Kab. Banjarnegara,Minyakita,lt,02/02/2026,16300
Jawa Tengah,Kab. Banjarnegara,Daging Sapi Paha Belakang,kg,02/02/2026,135000
Jawa Tengah,Kab. Banjarnegara,Daging Ayam Ras,kg,02/02/2026,34000
Jawa Tengah,Kab. Banjarnegara,Telur Ayam Ras,kg,02/02/2026,27000
Jawa Tengah,Kab. Banjarnegara,Tepung Terigu,kg,02/02/2026,11666
Jawa Tengah,Kab. Banjarnegara,Kedelai Impor,kg,02/02/2026,10366
Jawa Tengah,Kab. Banjarnegara,Cabai Merah Keriting,kg,02/02/2026,31666
Jawa Tengah,Kab. Banjarnegara,Cabai Rawit Merah,kg,02/02/2026,60000
Jawa Tengah,Kab. Banjarnegara,Cabai Merah Besar,kg,02/02/2026,0
Jawa Tengah,Kab. Banjarnegara,Bawang Merah,kg,02/02/2026,36666
Jawa Tengah,Kab. Banjarnegara,Bawang Putih Honan,kg,02/02/2026,33666
Jawa Tengah,Kab. Kebumen,Beras Medium,kg,02/02/2026,12250
Jawa Tengah,Kab. Kebumen,Beras Premium,kg,02/02/2026,14450
Jawa Tengah,Kab. Kebumen,Gula Pasir Curah,kg,02/02/2026,16000
Jawa Tengah,Kab. Kebumen,Minyak Goreng Sawit Kemasan Premium,lt,02/02/2026,20500
Jawa Tengah,Kab. Kebumen,Minyak Goreng Sawit Curah,lt,02/02/2026,17500
Jawa Tengah,Kab. Kebumen,Minyakita,lt,02/02/2026,16600
Jawa Tengah,Kab. Kebumen,Daging Sapi Paha Belakang,kg,02/02/2026,120000
Jawa Tengah,Kab. Kebumen,Daging Ayam Ras,kg,02/02/2026,33000
Jawa Tengah,Kab. Kebumen,Telur Ayam Ras,kg,02/02/2026,27500
Jawa Tengah,Kab. Kebumen,Tepung Terigu,kg,02/02/2026,11000
Jawa Tengah,Kab. Kebumen,Kedelai Impor,kg,02/02/2026,9500
Jawa Tengah,Kab. Kebumen,Cabai Merah Keriting,kg,02/02/2026,30667
Jawa Tengah,Kab. Kebumen,Cabai Rawit Merah,kg,02/02/2026,39167
Jawa Tengah,Kab. Kebumen,Cabai Merah Besar,kg,02/02/2026,31667
Jawa Tengah,Kab. Kebumen,Bawang Merah,kg,02/02/2026,35000
Jawa Tengah,Kab. Kebumen,Bawang Putih Honan,kg,02/02/2026,0
Jawa Tengah,Kab. Purworejo,Beras Medium,kg,02/02/2026,12800
Jawa Tengah,Kab. Purworejo,Beras Premium,kg,02/02/2026,14500
Jawa Tengah,Kab. Purworejo,Gula Pasir Curah,kg,02/02/2026,17500
Jawa Tengah,Kab. Purworejo,Minyak Goreng Sawit Kemasan Premium,lt,02/02/2026,20333
Jawa Tengah,Kab. Purworejo,Minyak Goreng Sawit Curah,lt,02/02/2026,17400
Jawa Tengah,Kab. Purworejo,Minyakita,lt,02/02/2026,16000
Jawa Tengah,Kab. Purworejo,Daging Sapi Paha Belakang,kg,02/02/2026,135500
Jawa Tengah,Kab. Purworejo,Daging Ayam Ras,kg,02/02/2026,36000
Jawa Tengah,Kab. Purworejo,Telur Ayam Ras,kg,02/02/2026,26667
Jawa Tengah,Kab. Purworejo,Tepung Terigu,kg,02/02/2026,11333
Jawa Tengah,Kab. Purworejo,Kedelai Impor,kg,02/02/2026,11500
Jawa Tengah,Kab. Purworejo,Cabai Merah Keriting,kg,02/02/2026,32000
Jawa Tengah,Kab. Purworejo,Cabai Rawit Merah,kg,02/02/2026,49333
Jawa Tengah,Kab. Purworejo,Cabai Merah Besar,kg,02/02/2026,33000
Jawa Tengah,Kab. Purworejo,Bawang Merah,kg,02/02/2026,38667
Jawa Tengah,Kab. Purworejo,Bawang Putih Honan,kg,02/02/2026,36000
Jawa Tengah,Kab. Wonosobo,Beras Medium,kg,02/02/2026,13000
Jawa Tengah,Kab. Wonosobo,Beras Premium,kg,02/02/2026,14867
Jawa Tengah,Kab. Wonosobo,Gula Pasir Curah,kg,02/02/2026,16933
Jawa Tengah,Kab. Wonosobo,Minyak Goreng Sawit Kemasan Premium,lt,02/02/2026,21500
Jawa Tengah,Kab. Wonosobo,Minyak Goreng Sawit Curah,lt,02/02/2026,16543
Jawa Tengah,Kab. Wonosobo,Minyakita,lt,02/02/2026,15700
Jawa Tengah,Kab. Wonosobo,Daging Sapi Paha Belakang,kg,02/02/2026,135000
Jawa Tengah,Kab. Wonosobo,Daging Ayam Ras,kg,02/02/2026,34333
Jawa Tengah,Kab. Wonosobo,Telur Ayam Ras,kg,02/02/2026,26667
Jawa Tengah,Kab. Wonosobo,Tepung Terigu,kg,02/02/2026,11500
Jawa Tengah,Kab. Wonosobo,Kedelai Impor,kg,02/02/2026,9400
Jawa Tengah,Kab. Wonosobo,Cabai Merah Keriting,kg,02/02/2026,34000
Jawa Tengah,Kab. Wonosobo,Cabai Rawit Merah,kg,02/02/2026,45000
Jawa Tengah,Kab. Wonosobo,Cabai Merah Besar,kg,02/02/2026,0
Jawa Tengah,Kab. Wonosobo,Bawang Merah,kg,02/02/2026,35000
Jawa Tengah,Kab. Wonosobo,Bawang Putih Honan,kg,02/02/2026,35000
Jawa Tengah,Kab. Magelang,Beras Medium,kg,02/02/2026,13400
Jawa Tengah,Kab. Magelang,Beras Premium,kg,02/02/2026,14900
Jawa Tengah,Kab. Magelang,Gula Pasir Curah,kg,02/02/2026,17000
Jawa Tengah,Kab. Magelang,Minyak Goreng Sawit Kemasan Premium,lt,02/02/2026,20000
Jawa Tengah,Kab. Magelang,Minyak Goreng Sawit Curah,lt,02/02/2026,17800
Jawa Tengah,Kab. Magelang,Minyakita,lt,02/02/2026,15700
Jawa Tengah,Kab. Magelang,Daging Sapi Paha Belakang,kg,02/02/2026,138000
Jawa Tengah,Kab. Magelang,Daging Ayam Ras,kg,02/02/2026,34000
Jawa Tengah,Kab. Magelang,Telur Ayam Ras,kg,02/02/2026,27000
Jawa Tengah,Kab. Magelang,Tepung Terigu,kg,02/02/2026,11500
Jawa Tengah,Kab. Magelang,Kedelai Impor,kg,02/02/2026,11700
Jawa Tengah,Kab. Magelang,Cabai Merah Keriting,kg,02/02/2026,28000
Jawa Tengah,Kab. Magelang,Cabai Rawit Merah,kg,02/02/2026,50000
Jawa Tengah,Kab. Magelang,Cabai Merah Besar,kg,02/02/2026,40000
Jawa Tengah,Kab. Magelang,Bawang Merah,kg,02/02/2026,38000
Jawa Tengah,Kab. Magelang,Bawang Putih Honan,kg,02/02/2026,34000
Jawa Tengah,Kab. Boyolali,Beras Medium,kg,02/02/2026,13000
Jawa Tengah,Kab. Boyolali,Beras Premium,kg,02/02/2026,14867
Jawa Tengah,Kab. Boyolali,Gula Pasir Curah,kg,02/02/2026,16500
Jawa Tengah,Kab. Boyolali,Minyak Goreng Sawit Kemasan Premium,lt,02/02/2026,21000
Jawa Tengah,Kab. Boyolali,Minyak Goreng Sawit Curah,lt,02/02/2026,17500
Jawa Tengah,Kab. Boyolali,Minyakita,lt,02/02/2026,15700
Jawa Tengah,Kab. Boyolali,Daging Sapi Paha Belakang,kg,02/02/2026,130000
Jawa Tengah,Kab. Boyolali,Daging Ayam Ras,kg,02/02/2026,36333
Jawa Tengah,Kab. Boyolali,Telur Ayam Ras,kg,02/02/2026,26667
Jawa Tengah,Kab. Boyolali,Tepung Terigu,kg,02/02/2026,11667
Jawa Tengah,Kab. Boyolali,Kedelai Impor,kg,02/02/2026,11667
Jawa Tengah,Kab. Boyolali,Cabai Merah Keriting,kg,02/02/2026,35000
Jawa Tengah,Kab. Boyolali,Cabai Rawit Merah,kg,02/02/2026,48333
Jawa Tengah,Kab. Boyolali,Cabai Merah Besar,kg,02/02/2026,41667
Jawa Tengah,Kab. Boyolali,Bawang Merah,kg,02/02/2026,38667
Jawa Tengah,Kab. Boyolali,Bawang Putih Honan,kg,02/02/2026,33000
Jawa Tengah,Kab. Klaten,Beras Medium,kg,02/02/2026,13500
Jawa Tengah,Kab. Klaten,Beras Premium,kg,02/02/2026,14900
Jawa Tengah,Kab. Klaten,Gula Pasir Curah,kg,02/02/2026,17500
Jawa Tengah,Kab. Klaten,Minyak Goreng Sawit Kemasan Premium,lt,02/02/2026,21000
Jawa Tengah,Kab. Klaten,Minyak Goreng Sawit Curah,lt,02/02/2026,17500
Jawa Tengah,Kab. Klaten,Minyakita,lt,02/02/2026,15700
Jawa Tengah,Kab. Klaten,Daging Sapi Paha Belakang,kg,02/02/2026,122500
Jawa Tengah,Kab. Klaten,Daging Ayam Ras,kg,02/02/2026,34667
Jawa Tengah,Kab. Klaten,Telur Ayam Ras,kg,02/02/2026,28000
Jawa Tengah,Kab. Klaten,Tepung Terigu,kg,02/02/2026,11333
Jawa Tengah,Kab. Klaten,Kedelai Impor,kg,02/02/2026,10333
Jawa Tengah,Kab. Klaten,Cabai Merah Keriting,kg,02/02/2026,26000
Jawa Tengah,Kab. Klaten,Cabai Rawit Merah,kg,02/02/2026,58000
Jawa Tengah,Kab. Klaten,Cabai Merah Besar,kg,02/02/2026,35000
Jawa Tengah,Kab. Klaten,Bawang Merah,kg,02/02/2026,40000
Jawa Tengah,Kab. Klaten,Bawang Putih Honan,kg,02/02/2026,30667
Jawa Tengah,Kab. Sukoharjo,Beras Medium,kg,02/02/2026,13000
Jawa Tengah,Kab. Sukoharjo,Beras Premium,kg,02/02/2026,14500
Jawa Tengah,Kab. Sukoharjo,Gula Pasir Curah,kg,02/02/2026,17000
Jawa Tengah,Kab. Sukoharjo,Minyak Goreng Sawit Kemasan Premium,lt,02/02/2026,20667
Jawa Tengah,Kab. Sukoharjo,Minyak Goreng Sawit Curah,lt,02/02/2026,17000
Jawa Tengah,Kab. Sukoharjo,Minyakita,lt,02/02/2026,15700
Jawa Tengah,Kab. Sukoharjo,Daging Sapi Paha Belakang,kg,02/02/2026,125000
Jawa Tengah,Kab. Sukoharjo,Daging Ayam Ras,kg,02/02/2026,37667
Jawa Tengah,Kab. Sukoharjo,Telur Ayam Ras,kg,02/02/2026,26000
Jawa Tengah,Kab. Sukoharjo,Tepung Terigu,kg,02/02/2026,12000
Jawa Tengah,Kab. Sukoharjo,Kedelai Impor,kg,02/02/2026,10000
Jawa Tengah,Kab. Sukoharjo,Cabai Merah Keriting,kg,02/02/2026,31667
Jawa Tengah,Kab. Sukoharjo,Cabai Rawit Merah,kg,02/02/2026,70000
Jawa Tengah,Kab. Sukoharjo,Cabai Merah Besar,kg,02/02/2026,28667
Jawa Tengah,Kab. Sukoharjo,Bawang Merah,kg,02/02/2026,35000
Jawa Tengah,Kab. Sukoharjo,Bawang Putih Honan,kg,02/02/2026,33000
Jawa Tengah,Kab. Wonogiri,Beras Medium,kg,02/02/2026,13667
Jawa Tengah,Kab. Wonogiri,Beras Premium,kg,02/02/2026,14333
Jawa Tengah,Kab. Wonogiri,Gula Pasir Curah,kg,02/02/2026,17000
Jawa Tengah,Kab. Wonogiri,Minyak Goreng Sawit Kemasan Premium,lt,02/02/2026,21000
Jawa Tengah,Kab. Wonogiri,Minyak Goreng Sawit Curah,lt,02/02/2026,19500
Jawa Tengah,Kab. Wonogiri,Minyakita,lt,02/02/2026,15700
Jawa Tengah,Kab. Wonogiri,Daging Sapi Paha Belakang,kg,02/02/2026,130000
Jawa Tengah,Kab. Wonogiri,Daging Ayam Ras,kg,02/02/2026,36667
Jawa Tengah,Kab. Wonogiri,Telur Ayam Ras,kg,02/02/2026,26333
Jawa Tengah,Kab. Wonogiri,Tepung Terigu,kg,02/02/2026,11833
Jawa Tengah,Kab. Wonogiri,Kedelai Impor,kg,02/02/2026,11000
Jawa Tengah,Kab. Wonogiri,Cabai Merah Keriting,kg,02/02/2026,28667
Jawa Tengah,Kab. Wonogiri,Cabai Rawit Merah,kg,02/02/2026,68667
Jawa Tengah,Kab. Wonogiri,Cabai Merah Besar,kg,02/02/2026,24667
Jawa Tengah,Kab. Wonogiri,Bawang Merah,kg,02/02/2026,34667
Jawa Tengah,Kab. Wonogiri,Bawang Putih Honan,kg,02/02/2026,0
Jawa Tengah,Kab. Karanganyar,Beras Medium,kg,02/02/2026,13000
Jawa Tengah,Kab. Karanganyar,Beras Premium,kg,02/02/2026,14833
Jawa Tengah,Kab. Karanganyar,Gula Pasir Curah,kg,02/02/2026,16833
Jawa Tengah,Kab. Karanganyar,Minyak Goreng Sawit Kemasan Premium,lt,02/02/2026,20333
Jawa Tengah,Kab. Karanganyar,Minyak Goreng Sawit Curah,lt,02/02/2026,19000
Jawa Tengah,Kab. Karanganyar,Minyakita,lt,02/02/2026,18500
Jawa Tengah,Kab. Karanganyar,Daging Sapi Paha Belakang,kg,02/02/2026,125000
Jawa Tengah,Kab. Karanganyar,Daging Ayam Ras,kg,02/02/2026,38000
Jawa Tengah,Kab. Karanganyar,Telur Ayam Ras,kg,02/02/2026,27000
Jawa Tengah,Kab. Karanganyar,Tepung Terigu,kg,02/02/2026,12000
Jawa Tengah,Kab. Karanganyar,Kedelai Impor,kg,02/02/2026,9600
Jawa Tengah,Kab. Karanganyar,Cabai Merah Keriting,kg,02/02/2026,30000
Jawa Tengah,Kab. Karanganyar,Cabai Rawit Merah,kg,02/02/2026,67500
Jawa Tengah,Kab. Karanganyar,Cabai Merah Besar,kg,02/02/2026,22000
Jawa Tengah,Kab. Karanganyar,Bawang Merah,kg,02/02/2026,34667
Jawa Tengah,Kab. Karanganyar,Bawang Putih Honan,kg,02/02/2026,30000
Jawa Tengah,Kab. Sragen,Beras Medium,kg,02/02/2026,13250
Jawa Tengah,Kab. Sragen,Beras Premium,kg,02/02/2026,14250
Jawa Tengah,Kab. Sragen,Gula Pasir Curah,kg,02/02/2026,16750
Jawa Tengah,Kab. Sragen,Minyak Goreng Sawit Kemasan Premium,lt,02/02/2026,19750
Jawa Tengah,Kab. Sragen,Minyak Goreng Sawit Curah,lt,02/02/2026,18700
Jawa Tengah,Kab. Sragen,Minyakita,lt,02/02/2026,16200
Jawa Tengah,Kab. Sragen,Daging Sapi Paha Belakang,kg,02/02/2026,120000
Jawa Tengah,Kab. Sragen,Daging Ayam Ras,kg,02/02/2026,39000
Jawa Tengah,Kab. Sragen,Telur Ayam Ras,kg,02/02/2026,26500
Jawa Tengah,Kab. Sragen,Tepung Terigu,kg,02/02/2026,12000
Jawa Tengah,Kab. Sragen,Kedelai Impor,kg,02/02/2026,9600
Jawa Tengah,Kab. Sragen,Cabai Merah Keriting,kg,02/02/2026,27000
Jawa Tengah,Kab. Sragen,Cabai Rawit Merah,kg,02/02/2026,66000
Jawa Tengah,Kab. Sragen,Cabai Merah Besar,kg,02/02/2026,22000
Jawa Tengah,Kab. Sragen,Bawang Merah,kg,02/02/2026,36000
Jawa Tengah,Kab. Sragen,Bawang Putih Honan,kg,02/02/2026,32000
Jawa Tengah,Kab. Grobogan,Beras Medium,kg,02/02/2026,13250
Jawa Tengah,Kab. Grobogan,Beras Premium,kg,02/02/2026,14825
Jawa Tengah,Kab. Grobogan,Gula Pasir Curah,kg,02/02/2026,17000
Jawa Tengah,Kab. Grobogan,Minyak Goreng Sawit Kemasan Premium,lt,02/02/2026,19000
Jawa Tengah,Kab. Grobogan,Minyak Goreng Sawit Curah,lt,02/02/2026,16000
Jawa Tengah,Kab. Grobogan,Minyakita,lt,02/02/2026,15700
Jawa Tengah,Kab. Grobogan,Daging Sapi Paha Belakang,kg,02/02/2026,130000
Jawa Tengah,Kab. Grobogan,Daging Ayam Ras,kg,02/02/2026,37500
Jawa Tengah,Kab. Grobogan,Telur Ayam Ras,kg,02/02/2026,28000
Jawa Tengah,Kab. Grobogan,Tepung Terigu,kg,02/02/2026,10500
Jawa Tengah,Kab. Grobogan,Kedelai Impor,kg,02/02/2026,11000
Jawa Tengah,Kab. Grobogan,Cabai Merah Keriting,kg,02/02/2026,30000
Jawa Tengah,Kab. Grobogan,Cabai Rawit Merah,kg,02/02/2026,43500
Jawa Tengah,Kab. Grobogan,Cabai Merah Besar,kg,02/02/2026,50000
Jawa Tengah,Kab. Grobogan,Bawang Merah,kg,02/02/2026,33000
Jawa Tengah,Kab. Grobogan,Bawang Putih Honan,kg,02/02/2026,31500
Jawa Tengah,Kab. Blora,Beras Medium,kg,02/02/2026,11492
Jawa Tengah,Kab. Blora,Beras Premium,kg,02/02/2026,13425
Jawa Tengah,Kab. Blora,Gula Pasir Curah,kg,02/02/2026,16500
Jawa Tengah,Kab. Blora,Minyak Goreng Sawit Kemasan Premium,lt,02/02/2026,19300
Jawa Tengah,Kab. Blora,Minyak Goreng Sawit Curah,lt,02/02/2026,16300
Jawa Tengah,Kab. Blora,Minyakita,lt,02/02/2026,16000
Jawa Tengah,Kab. Blora,Daging Sapi Paha Belakang,kg,02/02/2026,125000
Jawa Tengah,Kab. Blora,Daging Ayam Ras,kg,02/02/2026,37500
Jawa Tengah,Kab. Blora,Telur Ayam Ras,kg,02/02/2026,28167
Jawa Tengah,Kab. Blora,Tepung Terigu,kg,02/02/2026,12300
Jawa Tengah,Kab. Blora,Kedelai Impor,kg,02/02/2026,11500
Jawa Tengah,Kab. Blora,Cabai Merah Keriting,kg,02/02/2026,30333
Jawa Tengah,Kab. Blora,Cabai Rawit Merah,kg,02/02/2026,41000
Jawa Tengah,Kab. Blora,Cabai Merah Besar,kg,02/02/2026,0
Jawa Tengah,Kab. Blora,Bawang Merah,kg,02/02/2026,31333
Jawa Tengah,Kab. Blora,Bawang Putih Honan,kg,02/02/2026,29667
Jawa Tengah,Kab. Rembang,Beras Medium,kg,02/02/2026,13333
Jawa Tengah,Kab. Rembang,Beras Premium,kg,02/02/2026,14900
Jawa Tengah,Kab. Rembang,Gula Pasir Curah,kg,02/02/2026,16333
Jawa Tengah,Kab. Rembang,Minyak Goreng Sawit Kemasan Premium,lt,02/02/2026,21000
Jawa Tengah,Kab. Rembang,Minyak Goreng Sawit Curah,lt,02/02/2026,18222
Jawa Tengah,Kab. Rembang,Minyakita,lt,02/02/2026,17000
Jawa Tengah,Kab. Rembang,Daging Sapi Paha Belakang,kg,02/02/2026,126667
Jawa Tengah,Kab. Rembang,Daging Ayam Ras,kg,02/02/2026,37333
Jawa Tengah,Kab. Rembang,Telur Ayam Ras,kg,02/02/2026,29000
Jawa Tengah,Kab. Rembang,Tepung Terigu,kg,02/02/2026,11500
Jawa Tengah,Kab. Rembang,Kedelai Impor,kg,02/02/2026,11167
Jawa Tengah,Kab. Rembang,Cabai Merah Keriting,kg,02/02/2026,26333
Jawa Tengah,Kab. Rembang,Cabai Rawit Merah,kg,02/02/2026,65000
Jawa Tengah,Kab. Rembang,Cabai Merah Besar,kg,02/02/2026,58333
Jawa Tengah,Kab. Rembang,Bawang Merah,kg,02/02/2026,35333
Jawa Tengah,Kab. Rembang,Bawang Putih Honan,kg,02/02/2026,34000
Jawa Tengah,Kab. Pati,Beras Medium,kg,02/02/2026,13000
Jawa Tengah,Kab. Pati,Beras Premium,kg,02/02/2026,14400
Jawa Tengah,Kab. Pati,Gula Pasir Curah,kg,02/02/2026,17000
Jawa Tengah,Kab. Pati,Minyak Goreng Sawit Kemasan Premium,lt,02/02/2026,20000
Jawa Tengah,Kab. Pati,Minyak Goreng Sawit Curah,lt,02/02/2026,17500
Jawa Tengah,Kab. Pati,Minyakita,lt,02/02/2026,15700
Jawa Tengah,Kab. Pati,Daging Sapi Paha Belakang,kg,02/02/2026,120000
Jawa Tengah,Kab. Pati,Daging Ayam Ras,kg,02/02/2026,38000
Jawa Tengah,Kab. Pati,Telur Ayam Ras,kg,02/02/2026,28000
Jawa Tengah,Kab. Pati,Tepung Terigu,kg,02/02/2026,12500
Jawa Tengah,Kab. Pati,Kedelai Impor,kg,02/02/2026,10500
Jawa Tengah,Kab. Pati,Cabai Merah Keriting,kg,02/02/2026,28000
Jawa Tengah,Kab. Pati,Cabai Rawit Merah,kg,02/02/2026,53000
Jawa Tengah,Kab. Pati,Cabai Merah Besar,kg,02/02/2026,50000
Jawa Tengah,Kab. Pati,Bawang Merah,kg,02/02/2026,30000
Jawa Tengah,Kab. Pati,Bawang Putih Honan,kg,02/02/2026,32000
Jawa Tengah,Kab. Kudus,Beras Medium,kg,02/02/2026,13500
Jawa Tengah,Kab. Kudus,Beras Premium,kg,02/02/2026,14900
Jawa Tengah,Kab. Kudus,Gula Pasir Curah,kg,02/02/2026,16500
Jawa Tengah,Kab. Kudus,Minyak Goreng Sawit Kemasan Premium,lt,02/02/2026,20000
Jawa Tengah,Kab. Kudus,Minyak Goreng Sawit Curah,lt,02/02/2026,17000
Jawa Tengah,Kab. Kudus,Minyakita,lt,02/02/2026,15700
Jawa Tengah,Kab. Kudus,Daging Sapi Paha Belakang,kg,02/02/2026,125000
Jawa Tengah,Kab. Kudus,Daging Ayam Ras,kg,02/02/2026,36000
Jawa Tengah,Kab. Kudus,Telur Ayam Ras,kg,02/02/2026,29000
Jawa Tengah,Kab. Kudus,Tepung Terigu,kg,02/02/2026,12000
Jawa Tengah,Kab. Kudus,Kedelai Impor,kg,02/02/2026,11500
Jawa Tengah,Kab. Kudus,Cabai Merah Keriting,kg,02/02/2026,25000
Jawa Tengah,Kab. Kudus,Cabai Rawit Merah,kg,02/02/2026,53000
Jawa Tengah,Kab. Kudus,Cabai Merah Besar,kg,02/02/2026,40000
Jawa Tengah,Kab. Kudus,Bawang Merah,kg,02/02/2026,38000
Jawa Tengah,Kab. Kudus,Bawang Putih Honan,kg,02/02/2026,0
Jawa Tengah,Kab. Jepara,Beras Medium,kg,02/02/2026,13000
Jawa Tengah,Kab. Jepara,Beras Premium,kg,02/02/2026,14900
Jawa Tengah,Kab. Jepara,Gula Pasir Curah,kg,02/02/2026,16500
Jawa Tengah,Kab. Jepara,Minyak Goreng Sawit Kemasan Premium,lt,02/02/2026,21000
Jawa Tengah,Kab. Jepara,Minyak Goreng Sawit Curah,lt,02/02/2026,17500
Jawa Tengah,Kab. Jepara,Minyakita,lt,02/02/2026,16500
Jawa Tengah,Kab. Jepara,Daging Sapi Paha Belakang,kg,02/02/2026,130000
Jawa Tengah,Kab. Jepara,Daging Ayam Ras,kg,02/02/2026,36000
Jawa Tengah,Kab. Jepara,Telur Ayam Ras,kg,02/02/2026,26500
Jawa Tengah,Kab. Jepara,Tepung Terigu,kg,02/02/2026,12000
Jawa Tengah,Kab. Jepara,Kedelai Impor,kg,02/02/2026,10500
Jawa Tengah,Kab. Jepara,Cabai Merah Keriting,kg,02/02/2026,30000
Jawa Tengah,Kab. Jepara,Cabai Rawit Merah,kg,02/02/2026,55000
Jawa Tengah,Kab. Jepara,Cabai Merah Besar,kg,02/02/2026,35000
Jawa Tengah,Kab. Jepara,Bawang Merah,kg,02/02/2026,35000
Jawa Tengah,Kab. Jepara,Bawang Putih Honan,kg,02/02/2026,30000
Jawa Tengah,Kab. Demak,Beras Medium,kg,02/02/2026,12800
Jawa Tengah,Kab. Demak,Beras Premium,kg,02/02/2026,14250
Jawa Tengah,Kab. Demak,Gula Pasir Curah,kg,02/02/2026,16250
Jawa Tengah,Kab. Demak,Minyak Goreng Sawit Kemasan Premium,lt,02/02/2026,20250
Jawa Tengah,Kab. Demak,Minyak Goreng Sawit Curah,lt,02/02/2026,16167
Jawa Tengah,Kab. Demak,Minyakita,lt,02/02/2026,15300
Jawa Tengah,Kab. Demak,Daging Sapi Paha Belakang,kg,02/02/2026,130000
Jawa Tengah,Kab. Demak,Daging Ayam Ras,kg,02/02/2026,35000
Jawa Tengah,Kab. Demak,Telur Ayam Ras,kg,02/02/2026,27500
Jawa Tengah,Kab. Demak,Tepung Terigu,kg,02/02/2026,11250
Jawa Tengah,Kab. Demak,Kedelai Impor,kg,02/02/2026,10000
Jawa Tengah,Kab. Demak,Cabai Merah Keriting,kg,02/02/2026,28667
Jawa Tengah,Kab. Demak,Cabai Rawit Merah,kg,02/02/2026,31333
Jawa Tengah,Kab. Demak,Cabai Merah Besar,kg,02/02/2026,33333
Jawa Tengah,Kab. Demak,Bawang Merah,kg,02/02/2026,33667
Jawa Tengah,Kab. Demak,Bawang Putih Honan,kg,02/02/2026,30000
Jawa Tengah,Kab. Semarang,Beras Medium,kg,02/02/2026,13500
Jawa Tengah,Kab. Semarang,Beras Premium,kg,02/02/2026,15033
Jawa Tengah,Kab. Semarang,Gula Pasir Curah,kg,02/02/2026,17417
Jawa Tengah,Kab. Semarang,Minyak Goreng Sawit Kemasan Premium,lt,02/02/2026,21500
Jawa Tengah,Kab. Semarang,Minyak Goreng Sawit Curah,lt,02/02/2026,17550
Jawa Tengah,Kab. Semarang,Minyakita,lt,02/02/2026,15850
Jawa Tengah,Kab. Semarang,Daging Sapi Paha Belakang,kg,02/02/2026,135833
Jawa Tengah,Kab. Semarang,Daging Ayam Ras,kg,02/02/2026,35500
Jawa Tengah,Kab. Semarang,Telur Ayam Ras,kg,02/02/2026,26833
Jawa Tengah,Kab. Semarang,Tepung Terigu,kg,02/02/2026,12000
Jawa Tengah,Kab. Semarang,Kedelai Impor,kg,02/02/2026,9600
Jawa Tengah,Kab. Semarang,Cabai Merah Keriting,kg,02/02/2026,37500
Jawa Tengah,Kab. Semarang,Cabai Rawit Merah,kg,02/02/2026,60000
Jawa Tengah,Kab. Semarang,Cabai Merah Besar,kg,02/02/2026,39167
Jawa Tengah,Kab. Semarang,Bawang Merah,kg,02/02/2026,39167
Jawa Tengah,Kab. Semarang,Bawang Putih Honan,kg,02/02/2026,34000
Jawa Tengah,Kab. Temanggung,Beras Medium,kg,02/02/2026,13500
Jawa Tengah,Kab. Temanggung,Beras Premium,kg,02/02/2026,14800
Jawa Tengah,Kab. Temanggung,Gula Pasir Curah,kg,02/02/2026,16750
Jawa Tengah,Kab. Temanggung,Minyak Goreng Sawit Kemasan Premium,lt,02/02/2026,19000
Jawa Tengah,Kab. Temanggung,Minyak Goreng Sawit Curah,lt,02/02/2026,19000
Jawa Tengah,Kab. Temanggung,Minyakita,lt,02/02/2026,15700
Jawa Tengah,Kab. Temanggung,Daging Sapi Paha Belakang,kg,02/02/2026,135000
Jawa Tengah,Kab. Temanggung,Daging Ayam Ras,kg,02/02/2026,37000
Jawa Tengah,Kab. Temanggung,Telur Ayam Ras,kg,02/02/2026,28000
Jawa Tengah,Kab. Temanggung,Tepung Terigu,kg,02/02/2026,11750
Jawa Tengah,Kab. Temanggung,Kedelai Impor,kg,02/02/2026,9600
Jawa Tengah,Kab. Temanggung,Cabai Merah Keriting,kg,02/02/2026,31000
Jawa Tengah,Kab. Temanggung,Cabai Rawit Merah,kg,02/02/2026,41500
Jawa Tengah,Kab. Temanggung,Cabai Merah Besar,kg,02/02/2026,45625
Jawa Tengah,Kab. Temanggung,Bawang Merah,kg,02/02/2026,39000
Jawa Tengah,Kab. Temanggung,Bawang Putih Honan,kg,02/02/2026,35500
Jawa Tengah,Kab. Kendal,Beras Medium,kg,02/02/2026,13200
Jawa Tengah,Kab. Kendal,Beras Premium,kg,02/02/2026,14800
Jawa Tengah,Kab. Kendal,Gula Pasir Curah,kg,02/02/2026,17000
Jawa Tengah,Kab. Kendal,Minyak Goreng Sawit Kemasan Premium,lt,02/02/2026,20500
Jawa Tengah,Kab. Kendal,Minyak Goreng Sawit Curah,lt,02/02/2026,17550
Jawa Tengah,Kab. Kendal,Minyakita,lt,02/02/2026,15700
Jawa Tengah,Kab. Kendal,Daging Sapi Paha Belakang,kg,02/02/2026,135000
Jawa Tengah,Kab. Kendal,Daging Ayam Ras,kg,02/02/2026,38000
Jawa Tengah,Kab. Kendal,Telur Ayam Ras,kg,02/02/2026,27333
Jawa Tengah,Kab. Kendal,Tepung Terigu,kg,02/02/2026,11000
Jawa Tengah,Kab. Kendal,Kedelai Impor,kg,02/02/2026,9600
Jawa Tengah,Kab. Kendal,Cabai Merah Keriting,kg,02/02/2026,30000
Jawa Tengah,Kab. Kendal,Cabai Rawit Merah,kg,02/02/2026,56000
Jawa Tengah,Kab. Kendal,Cabai Merah Besar,kg,02/02/2026,35000
Jawa Tengah,Kab. Kendal,Bawang Merah,kg,02/02/2026,35000
Jawa Tengah,Kab. Kendal,Bawang Putih Honan,kg,02/02/2026,31000
Jawa Tengah,Kab. Batang,Beras Medium,kg,02/02/2026,13200
Jawa Tengah,Kab. Batang,Beras Premium,kg,02/02/2026,14700
Jawa Tengah,Kab. Batang,Gula Pasir Curah,kg,02/02/2026,16500
Jawa Tengah,Kab. Batang,Minyak Goreng Sawit Kemasan Premium,lt,02/02/2026,19500
Jawa Tengah,Kab. Batang,Minyak Goreng Sawit Curah,lt,02/02/2026,17100
Jawa Tengah,Kab. Batang,Minyakita,lt,02/02/2026,15700
Jawa Tengah,Kab. Batang,Daging Sapi Paha Belakang,kg,02/02/2026,125000
Jawa Tengah,Kab. Batang,Daging Ayam Ras,kg,02/02/2026,38000
Jawa Tengah,Kab. Batang,Telur Ayam Ras,kg,02/02/2026,28000
Jawa Tengah,Kab. Batang,Tepung Terigu,kg,02/02/2026,11500
Jawa Tengah,Kab. Batang,Kedelai Impor,kg,02/02/2026,10400
Jawa Tengah,Kab. Batang,Cabai Merah Keriting,kg,02/02/2026,30000
Jawa Tengah,Kab. Batang,Cabai Rawit Merah,kg,02/02/2026,46000
Jawa Tengah,Kab. Batang,Cabai Merah Besar,kg,02/02/2026,32000
Jawa Tengah,Kab. Batang,Bawang Merah,kg,02/02/2026,36000
Jawa Tengah,Kab. Batang,Bawang Putih Honan,kg,02/02/2026,32000
Jawa Tengah,Kab. Pekalongan,Beras Medium,kg,02/02/2026,13200
Jawa Tengah,Kab. Pekalongan,Beras Premium,kg,02/02/2026,14500
Jawa Tengah,Kab. Pekalongan,Gula Pasir Curah,kg,02/02/2026,17000
Jawa Tengah,Kab. Pekalongan,Minyak Goreng Sawit Kemasan Premium,lt,02/02/2026,21000
Jawa Tengah,Kab. Pekalongan,Minyak Goreng Sawit Curah,lt,02/02/2026,17550
Jawa Tengah,Kab. Pekalongan,Minyakita,lt,02/02/2026,15700
Jawa Tengah,Kab. Pekalongan,Daging Sapi Paha Belakang,kg,02/02/2026,135000
Jawa Tengah,Kab. Pekalongan,Daging Ayam Ras,kg,02/02/2026,40000
Jawa Tengah,Kab. Pekalongan,Telur Ayam Ras,kg,02/02/2026,27000
Jawa Tengah,Kab. Pekalongan,Tepung Terigu,kg,02/02/2026,12000
Jawa Tengah,Kab. Pekalongan,Kedelai Impor,kg,02/02/2026,9700
Jawa Tengah,Kab. Pekalongan,Cabai Merah Keriting,kg,02/02/2026,30000
Jawa Tengah,Kab. Pekalongan,Cabai Rawit Merah,kg,02/02/2026,57500
Jawa Tengah,Kab. Pekalongan,Cabai Merah Besar,kg,02/02/2026,27000
Jawa Tengah,Kab. Pekalongan,Bawang Merah,kg,02/02/2026,35000
Jawa Tengah,Kab. Pekalongan,Bawang Putih Honan,kg,02/02/2026,33000
Jawa Tengah,Kab. Pemalang,Beras Medium,kg,02/02/2026,13000
Jawa Tengah,Kab. Pemalang,Beras Premium,kg,02/02/2026,14800
Jawa Tengah,Kab. Pemalang,Gula Pasir Curah,kg,02/02/2026,17167
Jawa Tengah,Kab. Pemalang,Minyak Goreng Sawit Kemasan Premium,lt,02/02/2026,21000
Jawa Tengah,Kab. Pemalang,Minyak Goreng Sawit Curah,lt,02/02/2026,17167
Jawa Tengah,Kab. Pemalang,Minyakita,lt,02/02/2026,15700
Jawa Tengah,Kab. Pemalang,Daging Sapi Paha Belakang,kg,02/02/2026,128667
Jawa Tengah,Kab. Pemalang,Daging Ayam Ras,kg,02/02/2026,41667
Jawa Tengah,Kab. Pemalang,Telur Ayam Ras,kg,02/02/2026,28000
Jawa Tengah,Kab. Pemalang,Tepung Terigu,kg,02/02/2026,12000
Jawa Tengah,Kab. Pemalang,Kedelai Impor,kg,02/02/2026,11500
Jawa Tengah,Kab. Pemalang,Cabai Merah Keriting,kg,02/02/2026,37333
Jawa Tengah,Kab. Pemalang,Cabai Rawit Merah,kg,02/02/2026,46667
Jawa Tengah,Kab. Pemalang,Cabai Merah Besar,kg,02/02/2026,26000
Jawa Tengah,Kab. Pemalang,Bawang Merah,kg,02/02/2026,37333
Jawa Tengah,Kab. Pemalang,Bawang Putih Honan,kg,02/02/2026,34000
Jawa Tengah,Kab. Tegal,Beras Medium,kg,02/02/2026,13000
Jawa Tengah,Kab. Tegal,Beras Premium,kg,02/02/2026,14000
Jawa Tengah,Kab. Tegal,Gula Pasir Curah,kg,02/02/2026,17000
Jawa Tengah,Kab. Tegal,Minyak Goreng Sawit Kemasan Premium,lt,02/02/2026,21167
Jawa Tengah,Kab. Tegal,Minyak Goreng Sawit Curah,lt,02/02/2026,18150
Jawa Tengah,Kab. Tegal,Minyakita,lt,02/02/2026,15700
Jawa Tengah,Kab. Tegal,Daging Sapi Paha Belakang,kg,02/02/2026,140000
Jawa Tengah,Kab. Tegal,Daging Ayam Ras,kg,02/02/2026,37667
Jawa Tengah,Kab. Tegal,Telur Ayam Ras,kg,02/02/2026,26500
Jawa Tengah,Kab. Tegal,Tepung Terigu,kg,02/02/2026,11167
Jawa Tengah,Kab. Tegal,Kedelai Impor,kg,02/02/2026,9833
Jawa Tengah,Kab. Tegal,Cabai Merah Keriting,kg,02/02/2026,28000
Jawa Tengah,Kab. Tegal,Cabai Rawit Merah,kg,02/02/2026,66000
Jawa Tengah,Kab. Tegal,Cabai Merah Besar,kg,02/02/2026,25000
Jawa Tengah,Kab. Tegal,Bawang Merah,kg,02/02/2026,36000
Jawa Tengah,Kab. Tegal,Bawang Putih Honan,kg,02/02/2026,30667
Jawa Tengah,Kab. Brebes,Beras Medium,kg,02/02/2026,13333
Jawa Tengah,Kab. Brebes,Beras Premium,kg,02/02/2026,14667
Jawa Tengah,Kab. Brebes,Gula Pasir Curah,kg,02/02/2026,16500
Jawa Tengah,Kab. Brebes,Minyak Goreng Sawit Kemasan Premium,lt,02/02/2026,20333
Jawa Tengah,Kab. Brebes,Minyak Goreng Sawit Curah,lt,02/02/2026,18000
Jawa Tengah,Kab. Brebes,Minyakita,lt,02/02/2026,15700
Jawa Tengah,Kab. Brebes,Daging Sapi Paha Belakang,kg,02/02/2026,140000
Jawa Tengah,Kab. Brebes,Daging Ayam Ras,kg,02/02/2026,38500
Jawa Tengah,Kab. Brebes,Telur Ayam Ras,kg,02/02/2026,28000
Jawa Tengah,Kab. Brebes,Tepung Terigu,kg,02/02/2026,11000
Jawa Tengah,Kab. Brebes,Kedelai Impor,kg,02/02/2026,0
Jawa Tengah,Kab. Brebes,Cabai Merah Keriting,kg,02/02/2026,30000
Jawa Tengah,Kab. Brebes,Cabai Rawit Merah,kg,02/02/2026,40000
Jawa Tengah,Kab. Brebes,Cabai Merah Besar,kg,02/02/2026,30000
Jawa Tengah,Kab. Brebes,Bawang Merah,kg,02/02/2026,32500
Jawa Tengah,Kab. Brebes,Bawang Putih Honan,kg,02/02/2026,34500
Jawa Tengah,Kota Magelang,Beras Medium,kg,02/02/2026,13500
Jawa Tengah,Kota Magelang,Beras Premium,kg,02/02/2026,14833
Jawa Tengah,Kota Magelang,Gula Pasir Curah,kg,02/02/2026,16833
Jawa Tengah,Kota Magelang,Minyak Goreng Sawit Kemasan Premium,lt,02/02/2026,20333
Jawa Tengah,Kota Magelang,Minyak Goreng Sawit Curah,lt,02/02/2026,16500
Jawa Tengah,Kota Magelang,Minyakita,lt,02/02/2026,15800
Jawa Tengah,Kota Magelang,Daging Sapi Paha Belakang,kg,02/02/2026,135000
Jawa Tengah,Kota Magelang,Daging Ayam Ras,kg,02/02/2026,37333
Jawa Tengah,Kota Magelang,Telur Ayam Ras,kg,02/02/2026,27667
Jawa Tengah,Kota Magelang,Tepung Terigu,kg,02/02/2026,12000
Jawa Tengah,Kota Magelang,Kedelai Impor,kg,02/02/2026,11000
Jawa Tengah,Kota Magelang,Cabai Merah Keriting,kg,02/02/2026,29333
Jawa Tengah,Kota Magelang,Cabai Rawit Merah,kg,02/02/2026,41000
Jawa Tengah,Kota Magelang,Cabai Merah Besar,kg,02/02/2026,40667
Jawa Tengah,Kota Magelang,Bawang Merah,kg,02/02/2026,36000
Jawa Tengah,Kota Magelang,Bawang Putih Honan,kg,02/02/2026,32333
Jawa Tengah,Kota Surakarta,Beras Medium,kg,02/02/2026,13500
Jawa Tengah,Kota Surakarta,Beras Premium,kg,02/02/2026,15750
Jawa Tengah,Kota Surakarta,Gula Pasir Curah,kg,02/02/2026,17000
Jawa Tengah,Kota Surakarta,Minyak Goreng Sawit Kemasan Premium,lt,02/02/2026,21000
Jawa Tengah,Kota Surakarta,Minyak Goreng Sawit Curah,lt,02/02/2026,19500
Jawa Tengah,Kota Surakarta,Minyakita,lt,02/02/2026,16000
Jawa Tengah,Kota Surakarta,Daging Sapi Paha Belakang,kg,02/02/2026,140000
Jawa Tengah,Kota Surakarta,Daging Ayam Ras,kg,02/02/2026,36000
Jawa Tengah,Kota Surakarta,Telur Ayam Ras,kg,02/02/2026,25500
Jawa Tengah,Kota Surakarta,Tepung Terigu,kg,02/02/2026,11250
Jawa Tengah,Kota Surakarta,Kedelai Impor,kg,02/02/2026,11800
Jawa Tengah,Kota Surakarta,Cabai Merah Keriting,kg,02/02/2026,27000
Jawa Tengah,Kota Surakarta,Cabai Rawit Merah,kg,02/02/2026,68000
Jawa Tengah,Kota Surakarta,Cabai Merah Besar,kg,02/02/2026,20000
Jawa Tengah,Kota Surakarta,Bawang Merah,kg,02/02/2026,33000
Jawa Tengah,Kota Surakarta,Bawang Putih Honan,kg,02/02/2026,30000
Jawa Tengah,Kota Salatiga,Beras Medium,kg,02/02/2026,13444
Jawa Tengah,Kota Salatiga,Beras Premium,kg,02/02/2026,14267
Jawa Tengah,Kota Salatiga,Gula Pasir Curah,kg,02/02/2026,17500
Jawa Tengah,Kota Salatiga,Minyak Goreng Sawit Kemasan Premium,lt,02/02/2026,22000
Jawa Tengah,Kota Salatiga,Minyak Goreng Sawit Curah,lt,02/02/2026,17100
Jawa Tengah,Kota Salatiga,Minyakita,lt,02/02/2026,15700
Jawa Tengah,Kota Salatiga,Daging Sapi Paha Belakang,kg,02/02/2026,120000
Jawa Tengah,Kota Salatiga,Daging Ayam Ras,kg,02/02/2026,35667
Jawa Tengah,Kota Salatiga,Telur Ayam Ras,kg,02/02/2026,26333
Jawa Tengah,Kota Salatiga,Tepung Terigu,kg,02/02/2026,12000
Jawa Tengah,Kota Salatiga,Kedelai Impor,kg,02/02/2026,12000
Jawa Tengah,Kota Salatiga,Cabai Merah Keriting,kg,02/02/2026,30000
Jawa Tengah,Kota Salatiga,Cabai Rawit Merah,kg,02/02/2026,59333
Jawa Tengah,Kota Salatiga,Cabai Merah Besar,kg,02/02/2026,36667
Jawa Tengah,Kota Salatiga,Bawang Merah,kg,02/02/2026,35000
Jawa Tengah,Kota Salatiga,Bawang Putih Honan,kg,02/02/2026,30667
Jawa Tengah,Kota Semarang,Beras Medium,kg,02/02/2026,13792
Jawa Tengah,Kota Semarang,Beras Premium,kg,02/02/2026,15292
Jawa Tengah,Kota Semarang,Gula Pasir Curah,kg,02/02/2026,17000
Jawa Tengah,Kota Semarang,Minyak Goreng Sawit Kemasan Premium,lt,02/02/2026,21167
Jawa Tengah,Kota Semarang,Minyak Goreng Sawit Curah,lt,02/02/2026,19000
Jawa Tengah,Kota Semarang,Minyakita,lt,02/02/2026,15700
Jawa Tengah,Kota Semarang,Daging Sapi Paha Belakang,kg,02/02/2026,130000
Jawa Tengah,Kota Semarang,Daging Ayam Ras,kg,02/02/2026,37500
Jawa Tengah,Kota Semarang,Telur Ayam Ras,kg,02/02/2026,27083
Jawa Tengah,Kota Semarang,Tepung Terigu,kg,02/02/2026,11750
Jawa Tengah,Kota Semarang,Kedelai Impor,kg,02/02/2026,0
Jawa Tengah,Kota Semarang,Cabai Merah Keriting,kg,02/02/2026,27500
Jawa Tengah,Kota Semarang,Cabai Rawit Merah,kg,02/02/2026,58667
Jawa Tengah,Kota Semarang,Cabai Merah Besar,kg,02/02/2026,29667
Jawa Tengah,Kota Semarang,Bawang Merah,kg,02/02/2026,38667
Jawa Tengah,Kota Semarang,Bawang Putih Honan,kg,02/02/2026,0
Jawa Tengah,Kota Pekalongan,Beras Medium,kg,02/02/2026,13500
Jawa Tengah,Kota Pekalongan,Beras Premium,kg,02/02/2026,14900
Jawa Tengah,Kota Pekalongan,Gula Pasir Curah,kg,02/02/2026,17000
Jawa Tengah,Kota Pekalongan,Minyak Goreng Sawit Kemasan Premium,lt,02/02/2026,21000
Jawa Tengah,Kota Pekalongan,Minyak Goreng Sawit Curah,lt,02/02/2026,18000
Jawa Tengah,Kota Pekalongan,Minyakita,lt,02/02/2026,15700
Jawa Tengah,Kota Pekalongan,Daging Sapi Paha Belakang,kg,02/02/2026,120000
Jawa Tengah,Kota Pekalongan,Daging Ayam Ras,kg,02/02/2026,38000
Jawa Tengah,Kota Pekalongan,Telur Ayam Ras,kg,02/02/2026,27000
Jawa Tengah,Kota Pekalongan,Tepung Terigu,kg,02/02/2026,11000
Jawa Tengah,Kota Pekalongan,Kedelai Impor,kg,02/02/2026,10000
Jawa Tengah,Kota Pekalongan,Cabai Merah Keriting,kg,02/02/2026,34000
Jawa Tengah,Kota Pekalongan,Cabai Rawit Merah,kg,02/02/2026,50000
Jawa Tengah,Kota Pekalongan,Cabai Merah Besar,kg,02/02/2026,28000
Jawa Tengah,Kota Pekalongan,Bawang Merah,kg,02/02/2026,36000
Jawa Tengah,Kota Pekalongan,Bawang Putih Honan,kg,02/02/2026,0
Jawa Tengah,Kota Tegal,Beras Medium,kg,02/02/2026,13000
Jawa Tengah,Kota Tegal,Beras Premium,kg,02/02/2026,14900
Jawa Tengah,Kota Tegal,Gula Pasir Curah,kg,02/02/2026,17167
Jawa Tengah,Kota Tegal,Minyak Goreng Sawit Kemasan Premium,lt,02/02/2026,21500
Jawa Tengah,Kota Tegal,Minyak Goreng Sawit Curah,lt,02/02/2026,17200
Jawa Tengah,Kota Tegal,Minyakita,lt,02/02/2026,15700
Jawa Tengah,Kota Tegal,Daging Sapi Paha Belakang,kg,02/02/2026,140000
Jawa Tengah,Kota Tegal,Daging Ayam Ras,kg,02/02/2026,39000
Jawa Tengah,Kota Tegal,Telur Ayam Ras,kg,02/02/2026,28167
Jawa Tengah,Kota Tegal,Tepung Terigu,kg,02/02/2026,11833
Jawa Tengah,Kota Tegal,Kedelai Impor,kg,02/02/2026,10500
Jawa Tengah,Kota Tegal,Cabai Merah Keriting,kg,02/02/2026,35000
Jawa Tengah,Kota Tegal,Cabai Rawit Merah,kg,02/02/2026,68333
Jawa Tengah,Kota Tegal,Cabai Merah Besar,kg,02/02/2026,27667
Jawa Tengah,Kota Tegal,Bawang Merah,kg,02/02/2026,36667
Jawa Tengah,Kota Tegal,Bawang Putih Honan,kg,02/02/2026,34667
Jawa Tengah,Kab. Cilacap,Beras Medium,kg,03/02/2026,13500
Jawa Tengah,Kab. Cilacap,Beras Premium,kg,03/02/2026,14500
Jawa Tengah,Kab. Cilacap,Gula Pasir Curah,kg,03/02/2026,17500
Jawa Tengah,Kab. Cilacap,Minyak Goreng Sawit Kemasan Premium,lt,03/02/2026,22000
Jawa Tengah,Kab. Cilacap,Minyak Goreng Sawit Curah,lt,03/02/2026,18000
Jawa Tengah,Kab. Cilacap,Minyakita,lt,03/02/2026,17167
Jawa Tengah,Kab. Cilacap,Daging Sapi Paha Belakang,kg,03/02/2026,135000
Jawa Tengah,Kab. Cilacap,Daging Ayam Ras,kg,03/02/2026,37000
Jawa Tengah,Kab. Cilacap,Telur Ayam Ras,kg,03/02/2026,26167
Jawa Tengah,Kab. Cilacap,Tepung Terigu,kg,03/02/2026,12000
Jawa Tengah,Kab. Cilacap,Kedelai Impor,kg,03/02/2026,11667
Jawa Tengah,Kab. Cilacap,Cabai Merah Keriting,kg,03/02/2026,26000
Jawa Tengah,Kab. Cilacap,Cabai Rawit Merah,kg,03/02/2026,58667
Jawa Tengah,Kab. Cilacap,Cabai Merah Besar,kg,03/02/2026,24333
Jawa Tengah,Kab. Cilacap,Bawang Merah,kg,03/02/2026,36000
Jawa Tengah,Kab. Cilacap,Bawang Putih Honan,kg,03/02/2026,35000
Jawa Tengah,Kab. Banyumas,Beras Medium,kg,03/02/2026,13250
Jawa Tengah,Kab. Banyumas,Beras Premium,kg,03/02/2026,14900
Jawa Tengah,Kab. Banyumas,Gula Pasir Curah,kg,03/02/2026,16667
Jawa Tengah,Kab. Banyumas,Minyak Goreng Sawit Kemasan Premium,lt,03/02/2026,21000
Jawa Tengah,Kab. Banyumas,Minyak Goreng Sawit Curah,lt,03/02/2026,17100
Jawa Tengah,Kab. Banyumas,Minyakita,lt,03/02/2026,15700
Jawa Tengah,Kab. Banyumas,Daging Sapi Paha Belakang,kg,03/02/2026,133333
Jawa Tengah,Kab. Banyumas,Daging Ayam Ras,kg,03/02/2026,37000
Jawa Tengah,Kab. Banyumas,Telur Ayam Ras,kg,03/02/2026,27000
Jawa Tengah,Kab. Banyumas,Tepung Terigu,kg,03/02/2026,11500
Jawa Tengah,Kab. Banyumas,Kedelai Impor,kg,03/02/2026,10000
Jawa Tengah,Kab. Banyumas,Cabai Merah Keriting,kg,03/02/2026,25333
Jawa Tengah,Kab. Banyumas,Cabai Rawit Merah,kg,03/02/2026,62667
Jawa Tengah,Kab. Banyumas,Cabai Merah Besar,kg,03/02/2026,24667
Jawa Tengah,Kab. Banyumas,Bawang Merah,kg,03/02/2026,38000
Jawa Tengah,Kab. Banyumas,Bawang Putih Honan,kg,03/02/2026,32667
Jawa Tengah,Kab. Purbalingga,Beras Medium,kg,03/02/2026,13000
Jawa Tengah,Kab. Purbalingga,Beras Premium,kg,03/02/2026,14200
Jawa Tengah,Kab. Purbalingga,Gula Pasir Curah,kg,03/02/2026,17200
Jawa Tengah,Kab. Purbalingga,Minyak Goreng Sawit Kemasan Premium,lt,03/02/2026,21000
Jawa Tengah,Kab. Purbalingga,Minyak Goreng Sawit Curah,lt,03/02/2026,17550
Jawa Tengah,Kab. Purbalingga,Minyakita,lt,03/02/2026,16000
Jawa Tengah,Kab. Purbalingga,Daging Sapi Paha Belakang,kg,03/02/2026,135000
Jawa Tengah,Kab. Purbalingga,Daging Ayam Ras,kg,03/02/2026,38000
Jawa Tengah,Kab. Purbalingga,Telur Ayam Ras,kg,03/02/2026,28000
Jawa Tengah,Kab. Purbalingga,Tepung Terigu,kg,03/02/2026,12000
Jawa Tengah,Kab. Purbalingga,Kedelai Impor,kg,03/02/2026,9800
Jawa Tengah,Kab. Purbalingga,Cabai Merah Keriting,kg,03/02/2026,28000
Jawa Tengah,Kab. Purbalingga,Cabai Rawit Merah,kg,03/02/2026,65000
Jawa Tengah,Kab. Purbalingga,Cabai Merah Besar,kg,03/02/2026,25000
Jawa Tengah,Kab. Purbalingga,Bawang Merah,kg,03/02/2026,40000
Jawa Tengah,Kab. Purbalingga,Bawang Putih Honan,kg,03/02/2026,33000
Jawa Tengah,Kab. Banjarnegara,Beras Medium,kg,03/02/2026,13333
Jawa Tengah,Kab. Banjarnegara,Beras Premium,kg,03/02/2026,14533
Jawa Tengah,Kab. Banjarnegara,Gula Pasir Curah,kg,03/02/2026,16833
Jawa Tengah,Kab. Banjarnegara,Minyak Goreng Sawit Kemasan Premium,lt,03/02/2026,20666
Jawa Tengah,Kab. Banjarnegara,Minyak Goreng Sawit Curah,lt,03/02/2026,17550
Jawa Tengah,Kab. Banjarnegara,Minyakita,lt,03/02/2026,15700
Jawa Tengah,Kab. Banjarnegara,Daging Sapi Paha Belakang,kg,03/02/2026,135000
Jawa Tengah,Kab. Banjarnegara,Daging Ayam Ras,kg,03/02/2026,35000
Jawa Tengah,Kab. Banjarnegara,Telur Ayam Ras,kg,03/02/2026,27000
Jawa Tengah,Kab. Banjarnegara,Tepung Terigu,kg,03/02/2026,11666
Jawa Tengah,Kab. Banjarnegara,Kedelai Impor,kg,03/02/2026,10366
Jawa Tengah,Kab. Banjarnegara,Cabai Merah Keriting,kg,03/02/2026,31666
Jawa Tengah,Kab. Banjarnegara,Cabai Rawit Merah,kg,03/02/2026,60000
Jawa Tengah,Kab. Banjarnegara,Cabai Merah Besar,kg,03/02/2026,0
Jawa Tengah,Kab. Banjarnegara,Bawang Merah,kg,03/02/2026,36666
Jawa Tengah,Kab. Banjarnegara,Bawang Putih Honan,kg,03/02/2026,33666
Jawa Tengah,Kab. Kebumen,Beras Medium,kg,03/02/2026,12250
Jawa Tengah,Kab. Kebumen,Beras Premium,kg,03/02/2026,14450
Jawa Tengah,Kab. Kebumen,Gula Pasir Curah,kg,03/02/2026,16000
Jawa Tengah,Kab. Kebumen,Minyak Goreng Sawit Kemasan Premium,lt,03/02/2026,20500
Jawa Tengah,Kab. Kebumen,Minyak Goreng Sawit Curah,lt,03/02/2026,17500
Jawa Tengah,Kab. Kebumen,Minyakita,lt,03/02/2026,15700
Jawa Tengah,Kab. Kebumen,Daging Sapi Paha Belakang,kg,03/02/2026,120000
Jawa Tengah,Kab. Kebumen,Daging Ayam Ras,kg,03/02/2026,33000
Jawa Tengah,Kab. Kebumen,Telur Ayam Ras,kg,03/02/2026,27500
Jawa Tengah,Kab. Kebumen,Tepung Terigu,kg,03/02/2026,11000
Jawa Tengah,Kab. Kebumen,Kedelai Impor,kg,03/02/2026,9500
Jawa Tengah,Kab. Kebumen,Cabai Merah Keriting,kg,03/02/2026,30667
Jawa Tengah,Kab. Kebumen,Cabai Rawit Merah,kg,03/02/2026,39167
Jawa Tengah,Kab. Kebumen,Cabai Merah Besar,kg,03/02/2026,31667
Jawa Tengah,Kab. Kebumen,Bawang Merah,kg,03/02/2026,35000
Jawa Tengah,Kab. Kebumen,Bawang Putih Honan,kg,03/02/2026,0
Jawa Tengah,Kab. Purworejo,Beras Medium,kg,03/02/2026,12800
Jawa Tengah,Kab. Purworejo,Beras Premium,kg,03/02/2026,14500
Jawa Tengah,Kab. Purworejo,Gula Pasir Curah,kg,03/02/2026,17500
Jawa Tengah,Kab. Purworejo,Minyak Goreng Sawit Kemasan Premium,lt,03/02/2026,20333
Jawa Tengah,Kab. Purworejo,Minyak Goreng Sawit Curah,lt,03/02/2026,17400
Jawa Tengah,Kab. Purworejo,Minyakita,lt,03/02/2026,15700
Jawa Tengah,Kab. Purworejo,Daging Sapi Paha Belakang,kg,03/02/2026,135500
Jawa Tengah,Kab. Purworejo,Daging Ayam Ras,kg,03/02/2026,37000
Jawa Tengah,Kab. Purworejo,Telur Ayam Ras,kg,03/02/2026,26833
Jawa Tengah,Kab. Purworejo,Tepung Terigu,kg,03/02/2026,11333
Jawa Tengah,Kab. Purworejo,Kedelai Impor,kg,03/02/2026,11500
Jawa Tengah,Kab. Purworejo,Cabai Merah Keriting,kg,03/02/2026,31333
Jawa Tengah,Kab. Purworejo,Cabai Rawit Merah,kg,03/02/2026,50000
Jawa Tengah,Kab. Purworejo,Cabai Merah Besar,kg,03/02/2026,33000
Jawa Tengah,Kab. Purworejo,Bawang Merah,kg,03/02/2026,38667
Jawa Tengah,Kab. Purworejo,Bawang Putih Honan,kg,03/02/2026,35000
Jawa Tengah,Kab. Wonosobo,Beras Medium,kg,03/02/2026,13000
Jawa Tengah,Kab. Wonosobo,Beras Premium,kg,03/02/2026,14867
Jawa Tengah,Kab. Wonosobo,Gula Pasir Curah,kg,03/02/2026,16933
Jawa Tengah,Kab. Wonosobo,Minyak Goreng Sawit Kemasan Premium,lt,03/02/2026,21500
Jawa Tengah,Kab. Wonosobo,Minyak Goreng Sawit Curah,lt,03/02/2026,16543
Jawa Tengah,Kab. Wonosobo,Minyakita,lt,03/02/2026,15700
Jawa Tengah,Kab. Wonosobo,Daging Sapi Paha Belakang,kg,03/02/2026,135000
Jawa Tengah,Kab. Wonosobo,Daging Ayam Ras,kg,03/02/2026,34333
Jawa Tengah,Kab. Wonosobo,Telur Ayam Ras,kg,03/02/2026,26667
Jawa Tengah,Kab. Wonosobo,Tepung Terigu,kg,03/02/2026,11500
Jawa Tengah,Kab. Wonosobo,Kedelai Impor,kg,03/02/2026,9400
Jawa Tengah,Kab. Wonosobo,Cabai Merah Keriting,kg,03/02/2026,34000
Jawa Tengah,Kab. Wonosobo,Cabai Rawit Merah,kg,03/02/2026,45000
Jawa Tengah,Kab. Wonosobo,Cabai Merah Besar,kg,03/02/2026,0
Jawa Tengah,Kab. Wonosobo,Bawang Merah,kg,03/02/2026,35000
Jawa Tengah,Kab. Wonosobo,Bawang Putih Honan,kg,03/02/2026,35000
Jawa Tengah,Kab. Magelang,Beras Medium,kg,03/02/2026,13400
Jawa Tengah,Kab. Magelang,Beras Premium,kg,03/02/2026,14900
Jawa Tengah,Kab. Magelang,Gula Pasir Curah,kg,03/02/2026,17000
Jawa Tengah,Kab. Magelang,Minyak Goreng Sawit Kemasan Premium,lt,03/02/2026,20000
Jawa Tengah,Kab. Magelang,Minyak Goreng Sawit Curah,lt,03/02/2026,17800
Jawa Tengah,Kab. Magelang,Minyakita,lt,03/02/2026,15700
Jawa Tengah,Kab. Magelang,Daging Sapi Paha Belakang,kg,03/02/2026,138000
Jawa Tengah,Kab. Magelang,Daging Ayam Ras,kg,03/02/2026,34000
Jawa Tengah,Kab. Magelang,Telur Ayam Ras,kg,03/02/2026,27000
Jawa Tengah,Kab. Magelang,Tepung Terigu,kg,03/02/2026,11500
Jawa Tengah,Kab. Magelang,Kedelai Impor,kg,03/02/2026,11700
Jawa Tengah,Kab. Magelang,Cabai Merah Keriting,kg,03/02/2026,30000
Jawa Tengah,Kab. Magelang,Cabai Rawit Merah,kg,03/02/2026,55000
Jawa Tengah,Kab. Magelang,Cabai Merah Besar,kg,03/02/2026,40000
Jawa Tengah,Kab. Magelang,Bawang Merah,kg,03/02/2026,38000
Jawa Tengah,Kab. Magelang,Bawang Putih Honan,kg,03/02/2026,34000
Jawa Tengah,Kab. Boyolali,Beras Medium,kg,03/02/2026,13000
Jawa Tengah,Kab. Boyolali,Beras Premium,kg,03/02/2026,14867
Jawa Tengah,Kab. Boyolali,Gula Pasir Curah,kg,03/02/2026,16500
Jawa Tengah,Kab. Boyolali,Minyak Goreng Sawit Kemasan Premium,lt,03/02/2026,21000
Jawa Tengah,Kab. Boyolali,Minyak Goreng Sawit Curah,lt,03/02/2026,17500
Jawa Tengah,Kab. Boyolali,Minyakita,lt,03/02/2026,15700
Jawa Tengah,Kab. Boyolali,Daging Sapi Paha Belakang,kg,03/02/2026,130000
Jawa Tengah,Kab. Boyolali,Daging Ayam Ras,kg,03/02/2026,36667
Jawa Tengah,Kab. Boyolali,Telur Ayam Ras,kg,03/02/2026,27000
Jawa Tengah,Kab. Boyolali,Tepung Terigu,kg,03/02/2026,11667
Jawa Tengah,Kab. Boyolali,Kedelai Impor,kg,03/02/2026,11667
Jawa Tengah,Kab. Boyolali,Cabai Merah Keriting,kg,03/02/2026,38333
Jawa Tengah,Kab. Boyolali,Cabai Rawit Merah,kg,03/02/2026,55000
Jawa Tengah,Kab. Boyolali,Cabai Merah Besar,kg,03/02/2026,43333
Jawa Tengah,Kab. Boyolali,Bawang Merah,kg,03/02/2026,38667
Jawa Tengah,Kab. Boyolali,Bawang Putih Honan,kg,03/02/2026,33000
Jawa Tengah,Kab. Klaten,Beras Medium,kg,03/02/2026,13500
Jawa Tengah,Kab. Klaten,Beras Premium,kg,03/02/2026,14900
Jawa Tengah,Kab. Klaten,Gula Pasir Curah,kg,03/02/2026,17500
Jawa Tengah,Kab. Klaten,Minyak Goreng Sawit Kemasan Premium,lt,03/02/2026,21000
Jawa Tengah,Kab. Klaten,Minyak Goreng Sawit Curah,lt,03/02/2026,17500
Jawa Tengah,Kab. Klaten,Minyakita,lt,03/02/2026,15700
Jawa Tengah,Kab. Klaten,Daging Sapi Paha Belakang,kg,03/02/2026,122500
Jawa Tengah,Kab. Klaten,Daging Ayam Ras,kg,03/02/2026,34667
Jawa Tengah,Kab. Klaten,Telur Ayam Ras,kg,03/02/2026,28000
Jawa Tengah,Kab. Klaten,Tepung Terigu,kg,03/02/2026,11333
Jawa Tengah,Kab. Klaten,Kedelai Impor,kg,03/02/2026,10333
Jawa Tengah,Kab. Klaten,Cabai Merah Keriting,kg,03/02/2026,26000
Jawa Tengah,Kab. Klaten,Cabai Rawit Merah,kg,03/02/2026,58000
Jawa Tengah,Kab. Klaten,Cabai Merah Besar,kg,03/02/2026,35000
Jawa Tengah,Kab. Klaten,Bawang Merah,kg,03/02/2026,40000
Jawa Tengah,Kab. Klaten,Bawang Putih Honan,kg,03/02/2026,30667
Jawa Tengah,Kab. Sukoharjo,Beras Medium,kg,03/02/2026,13000
Jawa Tengah,Kab. Sukoharjo,Beras Premium,kg,03/02/2026,14500
Jawa Tengah,Kab. Sukoharjo,Gula Pasir Curah,kg,03/02/2026,17000
Jawa Tengah,Kab. Sukoharjo,Minyak Goreng Sawit Kemasan Premium,lt,03/02/2026,20667
Jawa Tengah,Kab. Sukoharjo,Minyak Goreng Sawit Curah,lt,03/02/2026,17000
Jawa Tengah,Kab. Sukoharjo,Minyakita,lt,03/02/2026,15700
Jawa Tengah,Kab. Sukoharjo,Daging Sapi Paha Belakang,kg,03/02/2026,125000
Jawa Tengah,Kab. Sukoharjo,Daging Ayam Ras,kg,03/02/2026,37667
Jawa Tengah,Kab. Sukoharjo,Telur Ayam Ras,kg,03/02/2026,26000
Jawa Tengah,Kab. Sukoharjo,Tepung Terigu,kg,03/02/2026,12000
Jawa Tengah,Kab. Sukoharjo,Kedelai Impor,kg,03/02/2026,10000
Jawa Tengah,Kab. Sukoharjo,Cabai Merah Keriting,kg,03/02/2026,31667
Jawa Tengah,Kab. Sukoharjo,Cabai Rawit Merah,kg,03/02/2026,70000
Jawa Tengah,Kab. Sukoharjo,Cabai Merah Besar,kg,03/02/2026,29333
Jawa Tengah,Kab. Sukoharjo,Bawang Merah,kg,03/02/2026,35000
Jawa Tengah,Kab. Sukoharjo,Bawang Putih Honan,kg,03/02/2026,33000
Jawa Tengah,Kab. Wonogiri,Beras Medium,kg,03/02/2026,13667
Jawa Tengah,Kab. Wonogiri,Beras Premium,kg,03/02/2026,14333
Jawa Tengah,Kab. Wonogiri,Gula Pasir Curah,kg,03/02/2026,17000
Jawa Tengah,Kab. Wonogiri,Minyak Goreng Sawit Kemasan Premium,lt,03/02/2026,21000
Jawa Tengah,Kab. Wonogiri,Minyak Goreng Sawit Curah,lt,03/02/2026,19500
Jawa Tengah,Kab. Wonogiri,Minyakita,lt,03/02/2026,15700
Jawa Tengah,Kab. Wonogiri,Daging Sapi Paha Belakang,kg,03/02/2026,130000
Jawa Tengah,Kab. Wonogiri,Daging Ayam Ras,kg,03/02/2026,36667
Jawa Tengah,Kab. Wonogiri,Telur Ayam Ras,kg,03/02/2026,26333
Jawa Tengah,Kab. Wonogiri,Tepung Terigu,kg,03/02/2026,11833
Jawa Tengah,Kab. Wonogiri,Kedelai Impor,kg,03/02/2026,11000
Jawa Tengah,Kab. Wonogiri,Cabai Merah Keriting,kg,03/02/2026,28333
Jawa Tengah,Kab. Wonogiri,Cabai Rawit Merah,kg,03/02/2026,71667
Jawa Tengah,Kab. Wonogiri,Cabai Merah Besar,kg,03/02/2026,25000
Jawa Tengah,Kab. Wonogiri,Bawang Merah,kg,03/02/2026,36000
Jawa Tengah,Kab. Wonogiri,Bawang Putih Honan,kg,03/02/2026,0
Jawa Tengah,Kab. Karanganyar,Beras Medium,kg,03/02/2026,13000
Jawa Tengah,Kab. Karanganyar,Beras Premium,kg,03/02/2026,14833
Jawa Tengah,Kab. Karanganyar,Gula Pasir Curah,kg,03/02/2026,16833
Jawa Tengah,Kab. Karanganyar,Minyak Goreng Sawit Kemasan Premium,lt,03/02/2026,20333
Jawa Tengah,Kab. Karanganyar,Minyak Goreng Sawit Curah,lt,03/02/2026,19000
Jawa Tengah,Kab. Karanganyar,Minyakita,lt,03/02/2026,16500
Jawa Tengah,Kab. Karanganyar,Daging Sapi Paha Belakang,kg,03/02/2026,125000
Jawa Tengah,Kab. Karanganyar,Daging Ayam Ras,kg,03/02/2026,38000
Jawa Tengah,Kab. Karanganyar,Telur Ayam Ras,kg,03/02/2026,27000
Jawa Tengah,Kab. Karanganyar,Tepung Terigu,kg,03/02/2026,12000
Jawa Tengah,Kab. Karanganyar,Kedelai Impor,kg,03/02/2026,9600
Jawa Tengah,Kab. Karanganyar,Cabai Merah Keriting,kg,03/02/2026,30000
Jawa Tengah,Kab. Karanganyar,Cabai Rawit Merah,kg,03/02/2026,67500
Jawa Tengah,Kab. Karanganyar,Cabai Merah Besar,kg,03/02/2026,22000
Jawa Tengah,Kab. Karanganyar,Bawang Merah,kg,03/02/2026,34667
Jawa Tengah,Kab. Karanganyar,Bawang Putih Honan,kg,03/02/2026,30000
Jawa Tengah,Kab. Sragen,Beras Medium,kg,03/02/2026,13250
Jawa Tengah,Kab. Sragen,Beras Premium,kg,03/02/2026,14250
Jawa Tengah,Kab. Sragen,Gula Pasir Curah,kg,03/02/2026,16750
Jawa Tengah,Kab. Sragen,Minyak Goreng Sawit Kemasan Premium,lt,03/02/2026,19750
Jawa Tengah,Kab. Sragen,Minyak Goreng Sawit Curah,lt,03/02/2026,18700
Jawa Tengah,Kab. Sragen,Minyakita,lt,03/02/2026,16200
Jawa Tengah,Kab. Sragen,Daging Sapi Paha Belakang,kg,03/02/2026,120000
Jawa Tengah,Kab. Sragen,Daging Ayam Ras,kg,03/02/2026,39000
Jawa Tengah,Kab. Sragen,Telur Ayam Ras,kg,03/02/2026,26500
Jawa Tengah,Kab. Sragen,Tepung Terigu,kg,03/02/2026,12000
Jawa Tengah,Kab. Sragen,Kedelai Impor,kg,03/02/2026,9600
Jawa Tengah,Kab. Sragen,Cabai Merah Keriting,kg,03/02/2026,27000
Jawa Tengah,Kab. Sragen,Cabai Rawit Merah,kg,03/02/2026,72000
Jawa Tengah,Kab. Sragen,Cabai Merah Besar,kg,03/02/2026,20000
Jawa Tengah,Kab. Sragen,Bawang Merah,kg,03/02/2026,36000
Jawa Tengah,Kab. Sragen,Bawang Putih Honan,kg,03/02/2026,32000
Jawa Tengah,Kab. Grobogan,Beras Medium,kg,03/02/2026,13250
Jawa Tengah,Kab. Grobogan,Beras Premium,kg,03/02/2026,14825
Jawa Tengah,Kab. Grobogan,Gula Pasir Curah,kg,03/02/2026,17000
Jawa Tengah,Kab. Grobogan,Minyak Goreng Sawit Kemasan Premium,lt,03/02/2026,19000
Jawa Tengah,Kab. Grobogan,Minyak Goreng Sawit Curah,lt,03/02/2026,16000
Jawa Tengah,Kab. Grobogan,Minyakita,lt,03/02/2026,15700
Jawa Tengah,Kab. Grobogan,Daging Sapi Paha Belakang,kg,03/02/2026,130000
Jawa Tengah,Kab. Grobogan,Daging Ayam Ras,kg,03/02/2026,38000
Jawa Tengah,Kab. Grobogan,Telur Ayam Ras,kg,03/02/2026,28000
Jawa Tengah,Kab. Grobogan,Tepung Terigu,kg,03/02/2026,10500
Jawa Tengah,Kab. Grobogan,Kedelai Impor,kg,03/02/2026,11000
Jawa Tengah,Kab. Grobogan,Cabai Merah Keriting,kg,03/02/2026,29000
Jawa Tengah,Kab. Grobogan,Cabai Rawit Merah,kg,03/02/2026,47500
Jawa Tengah,Kab. Grobogan,Cabai Merah Besar,kg,03/02/2026,50000
Jawa Tengah,Kab. Grobogan,Bawang Merah,kg,03/02/2026,33500
Jawa Tengah,Kab. Grobogan,Bawang Putih Honan,kg,03/02/2026,31500
Jawa Tengah,Kab. Blora,Beras Medium,kg,03/02/2026,11492
Jawa Tengah,Kab. Blora,Beras Premium,kg,03/02/2026,13425
Jawa Tengah,Kab. Blora,Gula Pasir Curah,kg,03/02/2026,16500
Jawa Tengah,Kab. Blora,Minyak Goreng Sawit Kemasan Premium,lt,03/02/2026,19300
Jawa Tengah,Kab. Blora,Minyak Goreng Sawit Curah,lt,03/02/2026,16300
Jawa Tengah,Kab. Blora,Minyakita,lt,03/02/2026,16000
Jawa Tengah,Kab. Blora,Daging Sapi Paha Belakang,kg,03/02/2026,125000
Jawa Tengah,Kab. Blora,Daging Ayam Ras,kg,03/02/2026,37500
Jawa Tengah,Kab. Blora,Telur Ayam Ras,kg,03/02/2026,28167
Jawa Tengah,Kab. Blora,Tepung Terigu,kg,03/02/2026,12300
Jawa Tengah,Kab. Blora,Kedelai Impor,kg,03/02/2026,11500
Jawa Tengah,Kab. Blora,Cabai Merah Keriting,kg,03/02/2026,30333
Jawa Tengah,Kab. Blora,Cabai Rawit Merah,kg,03/02/2026,41000
Jawa Tengah,Kab. Blora,Cabai Merah Besar,kg,03/02/2026,0
Jawa Tengah,Kab. Blora,Bawang Merah,kg,03/02/2026,31333
Jawa Tengah,Kab. Blora,Bawang Putih Honan,kg,03/02/2026,29667
Jawa Tengah,Kab. Rembang,Beras Medium,kg,03/02/2026,13333
Jawa Tengah,Kab. Rembang,Beras Premium,kg,03/02/2026,14900
Jawa Tengah,Kab. Rembang,Gula Pasir Curah,kg,03/02/2026,16333
Jawa Tengah,Kab. Rembang,Minyak Goreng Sawit Kemasan Premium,lt,03/02/2026,21000
Jawa Tengah,Kab. Rembang,Minyak Goreng Sawit Curah,lt,03/02/2026,18222
Jawa Tengah,Kab. Rembang,Minyakita,lt,03/02/2026,17000
Jawa Tengah,Kab. Rembang,Daging Sapi Paha Belakang,kg,03/02/2026,126667
Jawa Tengah,Kab. Rembang,Daging Ayam Ras,kg,03/02/2026,37333
Jawa Tengah,Kab. Rembang,Telur Ayam Ras,kg,03/02/2026,29000
Jawa Tengah,Kab. Rembang,Tepung Terigu,kg,03/02/2026,11500
Jawa Tengah,Kab. Rembang,Kedelai Impor,kg,03/02/2026,11167
Jawa Tengah,Kab. Rembang,Cabai Merah Keriting,kg,03/02/2026,26333
Jawa Tengah,Kab. Rembang,Cabai Rawit Merah,kg,03/02/2026,67667
Jawa Tengah,Kab. Rembang,Cabai Merah Besar,kg,03/02/2026,58333
Jawa Tengah,Kab. Rembang,Bawang Merah,kg,03/02/2026,36000
Jawa Tengah,Kab. Rembang,Bawang Putih Honan,kg,03/02/2026,34000
Jawa Tengah,Kab. Pati,Beras Medium,kg,03/02/2026,13000
Jawa Tengah,Kab. Pati,Beras Premium,kg,03/02/2026,14400
Jawa Tengah,Kab. Pati,Gula Pasir Curah,kg,03/02/2026,17000
Jawa Tengah,Kab. Pati,Minyak Goreng Sawit Kemasan Premium,lt,03/02/2026,20000
Jawa Tengah,Kab. Pati,Minyak Goreng Sawit Curah,lt,03/02/2026,17500
Jawa Tengah,Kab. Pati,Minyakita,lt,03/02/2026,15700
Jawa Tengah,Kab. Pati,Daging Sapi Paha Belakang,kg,03/02/2026,120000
Jawa Tengah,Kab. Pati,Daging Ayam Ras,kg,03/02/2026,38000
Jawa Tengah,Kab. Pati,Telur Ayam Ras,kg,03/02/2026,27000
Jawa Tengah,Kab. Pati,Tepung Terigu,kg,03/02/2026,12500
Jawa Tengah,Kab. Pati,Kedelai Impor,kg,03/02/2026,10500
Jawa Tengah,Kab. Pati,Cabai Merah Keriting,kg,03/02/2026,30000
Jawa Tengah,Kab. Pati,Cabai Rawit Merah,kg,03/02/2026,58000
Jawa Tengah,Kab. Pati,Cabai Merah Besar,kg,03/02/2026,55000
Jawa Tengah,Kab. Pati,Bawang Merah,kg,03/02/2026,30000
Jawa Tengah,Kab. Pati,Bawang Putih Honan,kg,03/02/2026,32000
Jawa Tengah,Kab. Kudus,Beras Medium,kg,03/02/2026,13500
Jawa Tengah,Kab. Kudus,Beras Premium,kg,03/02/2026,14900
Jawa Tengah,Kab. Kudus,Gula Pasir Curah,kg,03/02/2026,16500
Jawa Tengah,Kab. Kudus,Minyak Goreng Sawit Kemasan Premium,lt,03/02/2026,20000
Jawa Tengah,Kab. Kudus,Minyak Goreng Sawit Curah,lt,03/02/2026,17000
Jawa Tengah,Kab. Kudus,Minyakita,lt,03/02/2026,15700
Jawa Tengah,Kab. Kudus,Daging Sapi Paha Belakang,kg,03/02/2026,125000
Jawa Tengah,Kab. Kudus,Daging Ayam Ras,kg,03/02/2026,36000
Jawa Tengah,Kab. Kudus,Telur Ayam Ras,kg,03/02/2026,29000
Jawa Tengah,Kab. Kudus,Tepung Terigu,kg,03/02/2026,12000
Jawa Tengah,Kab. Kudus,Kedelai Impor,kg,03/02/2026,11500
Jawa Tengah,Kab. Kudus,Cabai Merah Keriting,kg,03/02/2026,25000
Jawa Tengah,Kab. Kudus,Cabai Rawit Merah,kg,03/02/2026,55000
Jawa Tengah,Kab. Kudus,Cabai Merah Besar,kg,03/02/2026,40000
Jawa Tengah,Kab. Kudus,Bawang Merah,kg,03/02/2026,38000
Jawa Tengah,Kab. Kudus,Bawang Putih Honan,kg,03/02/2026,0
Jawa Tengah,Kab. Jepara,Beras Medium,kg,03/02/2026,13000
Jawa Tengah,Kab. Jepara,Beras Premium,kg,03/02/2026,14900
Jawa Tengah,Kab. Jepara,Gula Pasir Curah,kg,03/02/2026,16500
Jawa Tengah,Kab. Jepara,Minyak Goreng Sawit Kemasan Premium,lt,03/02/2026,21000
Jawa Tengah,Kab. Jepara,Minyak Goreng Sawit Curah,lt,03/02/2026,17500
Jawa Tengah,Kab. Jepara,Minyakita,lt,03/02/2026,15700
Jawa Tengah,Kab. Jepara,Daging Sapi Paha Belakang,kg,03/02/2026,130000
Jawa Tengah,Kab. Jepara,Daging Ayam Ras,kg,03/02/2026,36000
Jawa Tengah,Kab. Jepara,Telur Ayam Ras,kg,03/02/2026,26500
Jawa Tengah,Kab. Jepara,Tepung Terigu,kg,03/02/2026,12000
Jawa Tengah,Kab. Jepara,Kedelai Impor,kg,03/02/2026,10500
Jawa Tengah,Kab. Jepara,Cabai Merah Keriting,kg,03/02/2026,30000
Jawa Tengah,Kab. Jepara,Cabai Rawit Merah,kg,03/02/2026,55000
Jawa Tengah,Kab. Jepara,Cabai Merah Besar,kg,03/02/2026,35000
Jawa Tengah,Kab. Jepara,Bawang Merah,kg,03/02/2026,35000
Jawa Tengah,Kab. Jepara,Bawang Putih Honan,kg,03/02/2026,30000
Jawa Tengah,Kab. Demak,Beras Medium,kg,03/02/2026,12800
Jawa Tengah,Kab. Demak,Beras Premium,kg,03/02/2026,14250
Jawa Tengah,Kab. Demak,Gula Pasir Curah,kg,03/02/2026,16250
Jawa Tengah,Kab. Demak,Minyak Goreng Sawit Kemasan Premium,lt,03/02/2026,20250
Jawa Tengah,Kab. Demak,Minyak Goreng Sawit Curah,lt,03/02/2026,16167
Jawa Tengah,Kab. Demak,Minyakita,lt,03/02/2026,15300
Jawa Tengah,Kab. Demak,Daging Sapi Paha Belakang,kg,03/02/2026,130000
Jawa Tengah,Kab. Demak,Daging Ayam Ras,kg,03/02/2026,35000
Jawa Tengah,Kab. Demak,Telur Ayam Ras,kg,03/02/2026,27500
Jawa Tengah,Kab. Demak,Tepung Terigu,kg,03/02/2026,11250
Jawa Tengah,Kab. Demak,Kedelai Impor,kg,03/02/2026,10000
Jawa Tengah,Kab. Demak,Cabai Merah Keriting,kg,03/02/2026,28667
Jawa Tengah,Kab. Demak,Cabai Rawit Merah,kg,03/02/2026,31667
Jawa Tengah,Kab. Demak,Cabai Merah Besar,kg,03/02/2026,33333
Jawa Tengah,Kab. Demak,Bawang Merah,kg,03/02/2026,33667
Jawa Tengah,Kab. Demak,Bawang Putih Honan,kg,03/02/2026,30000
Jawa Tengah,Kab. Semarang,Beras Medium,kg,03/02/2026,13500
Jawa Tengah,Kab. Semarang,Beras Premium,kg,03/02/2026,15033
Jawa Tengah,Kab. Semarang,Gula Pasir Curah,kg,03/02/2026,17083
Jawa Tengah,Kab. Semarang,Minyak Goreng Sawit Kemasan Premium,lt,03/02/2026,21500
Jawa Tengah,Kab. Semarang,Minyak Goreng Sawit Curah,lt,03/02/2026,17800
Jawa Tengah,Kab. Semarang,Minyakita,lt,03/02/2026,15667
Jawa Tengah,Kab. Semarang,Daging Sapi Paha Belakang,kg,03/02/2026,135833
Jawa Tengah,Kab. Semarang,Daging Ayam Ras,kg,03/02/2026,35500
Jawa Tengah,Kab. Semarang,Telur Ayam Ras,kg,03/02/2026,26833
Jawa Tengah,Kab. Semarang,Tepung Terigu,kg,03/02/2026,12000
Jawa Tengah,Kab. Semarang,Kedelai Impor,kg,03/02/2026,9650
Jawa Tengah,Kab. Semarang,Cabai Merah Keriting,kg,03/02/2026,38333
Jawa Tengah,Kab. Semarang,Cabai Rawit Merah,kg,03/02/2026,60000
Jawa Tengah,Kab. Semarang,Cabai Merah Besar,kg,03/02/2026,40000
Jawa Tengah,Kab. Semarang,Bawang Merah,kg,03/02/2026,38833
Jawa Tengah,Kab. Semarang,Bawang Putih Honan,kg,03/02/2026,34000
Jawa Tengah,Kab. Temanggung,Beras Medium,kg,03/02/2026,13500
Jawa Tengah,Kab. Temanggung,Beras Premium,kg,03/02/2026,14800
Jawa Tengah,Kab. Temanggung,Gula Pasir Curah,kg,03/02/2026,16750
Jawa Tengah,Kab. Temanggung,Minyak Goreng Sawit Kemasan Premium,lt,03/02/2026,19000
Jawa Tengah,Kab. Temanggung,Minyak Goreng Sawit Curah,lt,03/02/2026,19000
Jawa Tengah,Kab. Temanggung,Minyakita,lt,03/02/2026,15700
Jawa Tengah,Kab. Temanggung,Daging Sapi Paha Belakang,kg,03/02/2026,135000
Jawa Tengah,Kab. Temanggung,Daging Ayam Ras,kg,03/02/2026,37000
Jawa Tengah,Kab. Temanggung,Telur Ayam Ras,kg,03/02/2026,28000
Jawa Tengah,Kab. Temanggung,Tepung Terigu,kg,03/02/2026,11750
Jawa Tengah,Kab. Temanggung,Kedelai Impor,kg,03/02/2026,9600
Jawa Tengah,Kab. Temanggung,Cabai Merah Keriting,kg,03/02/2026,32000
Jawa Tengah,Kab. Temanggung,Cabai Rawit Merah,kg,03/02/2026,43000
Jawa Tengah,Kab. Temanggung,Cabai Merah Besar,kg,03/02/2026,47000
Jawa Tengah,Kab. Temanggung,Bawang Merah,kg,03/02/2026,39000
Jawa Tengah,Kab. Temanggung,Bawang Putih Honan,kg,03/02/2026,35500
Jawa Tengah,Kab. Kendal,Beras Medium,kg,03/02/2026,13200
Jawa Tengah,Kab. Kendal,Beras Premium,kg,03/02/2026,14800
Jawa Tengah,Kab. Kendal,Gula Pasir Curah,kg,03/02/2026,17000
Jawa Tengah,Kab. Kendal,Minyak Goreng Sawit Kemasan Premium,lt,03/02/2026,20500
Jawa Tengah,Kab. Kendal,Minyak Goreng Sawit Curah,lt,03/02/2026,17550
Jawa Tengah,Kab. Kendal,Minyakita,lt,03/02/2026,15700
Jawa Tengah,Kab. Kendal,Daging Sapi Paha Belakang,kg,03/02/2026,135000
Jawa Tengah,Kab. Kendal,Daging Ayam Ras,kg,03/02/2026,38000
Jawa Tengah,Kab. Kendal,Telur Ayam Ras,kg,03/02/2026,27333
Jawa Tengah,Kab. Kendal,Tepung Terigu,kg,03/02/2026,11000
Jawa Tengah,Kab. Kendal,Kedelai Impor,kg,03/02/2026,9600
Jawa Tengah,Kab. Kendal,Cabai Merah Keriting,kg,03/02/2026,31000
Jawa Tengah,Kab. Kendal,Cabai Rawit Merah,kg,03/02/2026,57000
Jawa Tengah,Kab. Kendal,Cabai Merah Besar,kg,03/02/2026,36667
Jawa Tengah,Kab. Kendal,Bawang Merah,kg,03/02/2026,35000
Jawa Tengah,Kab. Kendal,Bawang Putih Honan,kg,03/02/2026,32000
Jawa Tengah,Kab. Batang,Beras Medium,kg,03/02/2026,13200
Jawa Tengah,Kab. Batang,Beras Premium,kg,03/02/2026,14700
Jawa Tengah,Kab. Batang,Gula Pasir Curah,kg,03/02/2026,16500
Jawa Tengah,Kab. Batang,Minyak Goreng Sawit Kemasan Premium,lt,03/02/2026,19500
Jawa Tengah,Kab. Batang,Minyak Goreng Sawit Curah,lt,03/02/2026,17100
Jawa Tengah,Kab. Batang,Minyakita,lt,03/02/2026,15700
Jawa Tengah,Kab. Batang,Daging Sapi Paha Belakang,kg,03/02/2026,125000
Jawa Tengah,Kab. Batang,Daging Ayam Ras,kg,03/02/2026,38000
Jawa Tengah,Kab. Batang,Telur Ayam Ras,kg,03/02/2026,28000
Jawa Tengah,Kab. Batang,Tepung Terigu,kg,03/02/2026,11500
Jawa Tengah,Kab. Batang,Kedelai Impor,kg,03/02/2026,10400
Jawa Tengah,Kab. Batang,Cabai Merah Keriting,kg,03/02/2026,30000
Jawa Tengah,Kab. Batang,Cabai Rawit Merah,kg,03/02/2026,50000
Jawa Tengah,Kab. Batang,Cabai Merah Besar,kg,03/02/2026,32000
Jawa Tengah,Kab. Batang,Bawang Merah,kg,03/02/2026,36000
Jawa Tengah,Kab. Batang,Bawang Putih Honan,kg,03/02/2026,32000
Jawa Tengah,Kab. Pekalongan,Beras Medium,kg,03/02/2026,13200
Jawa Tengah,Kab. Pekalongan,Beras Premium,kg,03/02/2026,14500
Jawa Tengah,Kab. Pekalongan,Gula Pasir Curah,kg,03/02/2026,17000
Jawa Tengah,Kab. Pekalongan,Minyak Goreng Sawit Kemasan Premium,lt,03/02/2026,21000
Jawa Tengah,Kab. Pekalongan,Minyak Goreng Sawit Curah,lt,03/02/2026,17550
Jawa Tengah,Kab. Pekalongan,Minyakita,lt,03/02/2026,15700
Jawa Tengah,Kab. Pekalongan,Daging Sapi Paha Belakang,kg,03/02/2026,135000
Jawa Tengah,Kab. Pekalongan,Daging Ayam Ras,kg,03/02/2026,40000
Jawa Tengah,Kab. Pekalongan,Telur Ayam Ras,kg,03/02/2026,27000
Jawa Tengah,Kab. Pekalongan,Tepung Terigu,kg,03/02/2026,12000
Jawa Tengah,Kab. Pekalongan,Kedelai Impor,kg,03/02/2026,9800
Jawa Tengah,Kab. Pekalongan,Cabai Merah Keriting,kg,03/02/2026,30000
Jawa Tengah,Kab. Pekalongan,Cabai Rawit Merah,kg,03/02/2026,60000
Jawa Tengah,Kab. Pekalongan,Cabai Merah Besar,kg,03/02/2026,27000
Jawa Tengah,Kab. Pekalongan,Bawang Merah,kg,03/02/2026,37000
Jawa Tengah,Kab. Pekalongan,Bawang Putih Honan,kg,03/02/2026,33000
Jawa Tengah,Kab. Pemalang,Beras Medium,kg,03/02/2026,13000
Jawa Tengah,Kab. Pemalang,Beras Premium,kg,03/02/2026,14800
Jawa Tengah,Kab. Pemalang,Gula Pasir Curah,kg,03/02/2026,17167
Jawa Tengah,Kab. Pemalang,Minyak Goreng Sawit Kemasan Premium,lt,03/02/2026,21000
Jawa Tengah,Kab. Pemalang,Minyak Goreng Sawit Curah,lt,03/02/2026,17167
Jawa Tengah,Kab. Pemalang,Minyakita,lt,03/02/2026,15700
Jawa Tengah,Kab. Pemalang,Daging Sapi Paha Belakang,kg,03/02/2026,128667
Jawa Tengah,Kab. Pemalang,Daging Ayam Ras,kg,03/02/2026,41667
Jawa Tengah,Kab. Pemalang,Telur Ayam Ras,kg,03/02/2026,28000
Jawa Tengah,Kab. Pemalang,Tepung Terigu,kg,03/02/2026,12000
Jawa Tengah,Kab. Pemalang,Kedelai Impor,kg,03/02/2026,11500
Jawa Tengah,Kab. Pemalang,Cabai Merah Keriting,kg,03/02/2026,37333
Jawa Tengah,Kab. Pemalang,Cabai Rawit Merah,kg,03/02/2026,47000
Jawa Tengah,Kab. Pemalang,Cabai Merah Besar,kg,03/02/2026,26333
Jawa Tengah,Kab. Pemalang,Bawang Merah,kg,03/02/2026,37333
Jawa Tengah,Kab. Pemalang,Bawang Putih Honan,kg,03/02/2026,34000
Jawa Tengah,Kab. Tegal,Beras Medium,kg,03/02/2026,13000
Jawa Tengah,Kab. Tegal,Beras Premium,kg,03/02/2026,14000
Jawa Tengah,Kab. Tegal,Gula Pasir Curah,kg,03/02/2026,17000
Jawa Tengah,Kab. Tegal,Minyak Goreng Sawit Kemasan Premium,lt,03/02/2026,21167
Jawa Tengah,Kab. Tegal,Minyak Goreng Sawit Curah,lt,03/02/2026,18150
Jawa Tengah,Kab. Tegal,Minyakita,lt,03/02/2026,15700
Jawa Tengah,Kab. Tegal,Daging Sapi Paha Belakang,kg,03/02/2026,140000
Jawa Tengah,Kab. Tegal,Daging Ayam Ras,kg,03/02/2026,38667
Jawa Tengah,Kab. Tegal,Telur Ayam Ras,kg,03/02/2026,26500
Jawa Tengah,Kab. Tegal,Tepung Terigu,kg,03/02/2026,11167
Jawa Tengah,Kab. Tegal,Kedelai Impor,kg,03/02/2026,9967
Jawa Tengah,Kab. Tegal,Cabai Merah Keriting,kg,03/02/2026,29000
Jawa Tengah,Kab. Tegal,Cabai Rawit Merah,kg,03/02/2026,66000
Jawa Tengah,Kab. Tegal,Cabai Merah Besar,kg,03/02/2026,25000
Jawa Tengah,Kab. Tegal,Bawang Merah,kg,03/02/2026,37000
Jawa Tengah,Kab. Tegal,Bawang Putih Honan,kg,03/02/2026,30667
Jawa Tengah,Kab. Brebes,Beras Medium,kg,03/02/2026,13333
Jawa Tengah,Kab. Brebes,Beras Premium,kg,03/02/2026,14667
Jawa Tengah,Kab. Brebes,Gula Pasir Curah,kg,03/02/2026,16500
Jawa Tengah,Kab. Brebes,Minyak Goreng Sawit Kemasan Premium,lt,03/02/2026,20333
Jawa Tengah,Kab. Brebes,Minyak Goreng Sawit Curah,lt,03/02/2026,18000
Jawa Tengah,Kab. Brebes,Minyakita,lt,03/02/2026,15700
Jawa Tengah,Kab. Brebes,Daging Sapi Paha Belakang,kg,03/02/2026,140000
Jawa Tengah,Kab. Brebes,Daging Ayam Ras,kg,03/02/2026,38000
Jawa Tengah,Kab. Brebes,Telur Ayam Ras,kg,03/02/2026,28000
Jawa Tengah,Kab. Brebes,Tepung Terigu,kg,03/02/2026,11000
Jawa Tengah,Kab. Brebes,Kedelai Impor,kg,03/02/2026,0
Jawa Tengah,Kab. Brebes,Cabai Merah Keriting,kg,03/02/2026,30000
Jawa Tengah,Kab. Brebes,Cabai Rawit Merah,kg,03/02/2026,40000
Jawa Tengah,Kab. Brebes,Cabai Merah Besar,kg,03/02/2026,30000
Jawa Tengah,Kab. Brebes,Bawang Merah,kg,03/02/2026,32500
Jawa Tengah,Kab. Brebes,Bawang Putih Honan,kg,03/02/2026,34500
Jawa Tengah,Kota Magelang,Beras Medium,kg,03/02/2026,13500
Jawa Tengah,Kota Magelang,Beras Premium,kg,03/02/2026,14833
Jawa Tengah,Kota Magelang,Gula Pasir Curah,kg,03/02/2026,16833
Jawa Tengah,Kota Magelang,Minyak Goreng Sawit Kemasan Premium,lt,03/02/2026,20333
Jawa Tengah,Kota Magelang,Minyak Goreng Sawit Curah,lt,03/02/2026,16500
Jawa Tengah,Kota Magelang,Minyakita,lt,03/02/2026,15800
Jawa Tengah,Kota Magelang,Daging Sapi Paha Belakang,kg,03/02/2026,135000
Jawa Tengah,Kota Magelang,Daging Ayam Ras,kg,03/02/2026,37333
Jawa Tengah,Kota Magelang,Telur Ayam Ras,kg,03/02/2026,27667
Jawa Tengah,Kota Magelang,Tepung Terigu,kg,03/02/2026,12000
Jawa Tengah,Kota Magelang,Kedelai Impor,kg,03/02/2026,11000
Jawa Tengah,Kota Magelang,Cabai Merah Keriting,kg,03/02/2026,29000
Jawa Tengah,Kota Magelang,Cabai Rawit Merah,kg,03/02/2026,43667
Jawa Tengah,Kota Magelang,Cabai Merah Besar,kg,03/02/2026,39333
Jawa Tengah,Kota Magelang,Bawang Merah,kg,03/02/2026,36000
Jawa Tengah,Kota Magelang,Bawang Putih Honan,kg,03/02/2026,32667
Jawa Tengah,Kota Surakarta,Beras Medium,kg,03/02/2026,13500
Jawa Tengah,Kota Surakarta,Beras Premium,kg,03/02/2026,15750
Jawa Tengah,Kota Surakarta,Gula Pasir Curah,kg,03/02/2026,17000
Jawa Tengah,Kota Surakarta,Minyak Goreng Sawit Kemasan Premium,lt,03/02/2026,21000
Jawa Tengah,Kota Surakarta,Minyak Goreng Sawit Curah,lt,03/02/2026,19500
Jawa Tengah,Kota Surakarta,Minyakita,lt,03/02/2026,16000
Jawa Tengah,Kota Surakarta,Daging Sapi Paha Belakang,kg,03/02/2026,140000
Jawa Tengah,Kota Surakarta,Daging Ayam Ras,kg,03/02/2026,37000
Jawa Tengah,Kota Surakarta,Telur Ayam Ras,kg,03/02/2026,25500
Jawa Tengah,Kota Surakarta,Tepung Terigu,kg,03/02/2026,11250
Jawa Tengah,Kota Surakarta,Kedelai Impor,kg,03/02/2026,12000
Jawa Tengah,Kota Surakarta,Cabai Merah Keriting,kg,03/02/2026,29333
Jawa Tengah,Kota Surakarta,Cabai Rawit Merah,kg,03/02/2026,72667
Jawa Tengah,Kota Surakarta,Cabai Merah Besar,kg,03/02/2026,21333
Jawa Tengah,Kota Surakarta,Bawang Merah,kg,03/02/2026,34333
Jawa Tengah,Kota Surakarta,Bawang Putih Honan,kg,03/02/2026,28000
Jawa Tengah,Kota Salatiga,Beras Medium,kg,03/02/2026,13444
Jawa Tengah,Kota Salatiga,Beras Premium,kg,03/02/2026,14267
Jawa Tengah,Kota Salatiga,Gula Pasir Curah,kg,03/02/2026,17500
Jawa Tengah,Kota Salatiga,Minyak Goreng Sawit Kemasan Premium,lt,03/02/2026,22000
Jawa Tengah,Kota Salatiga,Minyak Goreng Sawit Curah,lt,03/02/2026,17100
Jawa Tengah,Kota Salatiga,Minyakita,lt,03/02/2026,15700
Jawa Tengah,Kota Salatiga,Daging Sapi Paha Belakang,kg,03/02/2026,120000
Jawa Tengah,Kota Salatiga,Daging Ayam Ras,kg,03/02/2026,36333
Jawa Tengah,Kota Salatiga,Telur Ayam Ras,kg,03/02/2026,26333
Jawa Tengah,Kota Salatiga,Tepung Terigu,kg,03/02/2026,12000
Jawa Tengah,Kota Salatiga,Kedelai Impor,kg,03/02/2026,12000
Jawa Tengah,Kota Salatiga,Cabai Merah Keriting,kg,03/02/2026,30000
Jawa Tengah,Kota Salatiga,Cabai Rawit Merah,kg,03/02/2026,60000
Jawa Tengah,Kota Salatiga,Cabai Merah Besar,kg,03/02/2026,35000
Jawa Tengah,Kota Salatiga,Bawang Merah,kg,03/02/2026,35000
Jawa Tengah,Kota Salatiga,Bawang Putih Honan,kg,03/02/2026,30667
Jawa Tengah,Kota Semarang,Beras Medium,kg,03/02/2026,13792
Jawa Tengah,Kota Semarang,Beras Premium,kg,03/02/2026,15292
Jawa Tengah,Kota Semarang,Gula Pasir Curah,kg,03/02/2026,17000
Jawa Tengah,Kota Semarang,Minyak Goreng Sawit Kemasan Premium,lt,03/02/2026,21167
Jawa Tengah,Kota Semarang,Minyak Goreng Sawit Curah,lt,03/02/2026,19000
Jawa Tengah,Kota Semarang,Minyakita,lt,03/02/2026,15700
Jawa Tengah,Kota Semarang,Daging Sapi Paha Belakang,kg,03/02/2026,130000
Jawa Tengah,Kota Semarang,Daging Ayam Ras,kg,03/02/2026,37500
Jawa Tengah,Kota Semarang,Telur Ayam Ras,kg,03/02/2026,27250
Jawa Tengah,Kota Semarang,Tepung Terigu,kg,03/02/2026,11750
Jawa Tengah,Kota Semarang,Kedelai Impor,kg,03/02/2026,0
Jawa Tengah,Kota Semarang,Cabai Merah Keriting,kg,03/02/2026,28667
Jawa Tengah,Kota Semarang,Cabai Rawit Merah,kg,03/02/2026,62167
Jawa Tengah,Kota Semarang,Cabai Merah Besar,kg,03/02/2026,29333
Jawa Tengah,Kota Semarang,Bawang Merah,kg,03/02/2026,37833
Jawa Tengah,Kota Semarang,Bawang Putih Honan,kg,03/02/2026,0
Jawa Tengah,Kota Pekalongan,Beras Medium,kg,03/02/2026,13500
Jawa Tengah,Kota Pekalongan,Beras Premium,kg,03/02/2026,14900
Jawa Tengah,Kota Pekalongan,Gula Pasir Curah,kg,03/02/2026,17000
Jawa Tengah,Kota Pekalongan,Minyak Goreng Sawit Kemasan Premium,lt,03/02/2026,21000
Jawa Tengah,Kota Pekalongan,Minyak Goreng Sawit Curah,lt,03/02/2026,18000
Jawa Tengah,Kota Pekalongan,Minyakita,lt,03/02/2026,15700
Jawa Tengah,Kota Pekalongan,Daging Sapi Paha Belakang,kg,03/02/2026,120000
Jawa Tengah,Kota Pekalongan,Daging Ayam Ras,kg,03/02/2026,38000
Jawa Tengah,Kota Pekalongan,Telur Ayam Ras,kg,03/02/2026,27000
Jawa Tengah,Kota Pekalongan,Tepung Terigu,kg,03/02/2026,11000
Jawa Tengah,Kota Pekalongan,Kedelai Impor,kg,03/02/2026,10000
Jawa Tengah,Kota Pekalongan,Cabai Merah Keriting,kg,03/02/2026,34000
Jawa Tengah,Kota Pekalongan,Cabai Rawit Merah,kg,03/02/2026,50000
Jawa Tengah,Kota Pekalongan,Cabai Merah Besar,kg,03/02/2026,28000
Jawa Tengah,Kota Pekalongan,Bawang Merah,kg,03/02/2026,36000
Jawa Tengah,Kota Pekalongan,Bawang Putih Honan,kg,03/02/2026,0
Jawa Tengah,Kota Tegal,Beras Medium,kg,03/02/2026,13000
Jawa Tengah,Kota Tegal,Beras Premium,kg,03/02/2026,14900
Jawa Tengah,Kota Tegal,Gula Pasir Curah,kg,03/02/2026,17167
Jawa Tengah,Kota Tegal,Minyak Goreng Sawit Kemasan Premium,lt,03/02/2026,21500
Jawa Tengah,Kota Tegal,Minyak Goreng Sawit Curah,lt,03/02/2026,17200
Jawa Tengah,Kota Tegal,Minyakita,lt,03/02/2026,15700
Jawa Tengah,Kota Tegal,Daging Sapi Paha Belakang,kg,03/02/2026,140000
Jawa Tengah,Kota Tegal,Daging Ayam Ras,kg,03/02/2026,38000
Jawa Tengah,Kota Tegal,Telur Ayam Ras,kg,03/02/2026,27833
Jawa Tengah,Kota Tegal,Tepung Terigu,kg,03/02/2026,11833
Jawa Tengah,Kota Tegal,Kedelai Impor,kg,03/02/2026,10500
Jawa Tengah,Kota Tegal,Cabai Merah Keriting,kg,03/02/2026,35000
Jawa Tengah,Kota Tegal,Cabai Rawit Merah,kg,03/02/2026,68333
Jawa Tengah,Kota Tegal,Cabai Merah Besar,kg,03/02/2026,27667
Jawa Tengah,Kota Tegal,Bawang Merah,kg,03/02/2026,36667
Jawa Tengah,Kota Tegal,Bawang Putih Honan,kg,03/02/2026,34667
Jawa Tengah,Kab. Cilacap,Beras Medium,kg,04/02/2026,13500
Jawa Tengah,Kab. Cilacap,Beras Premium,kg,04/02/2026,14500
Jawa Tengah,Kab. Cilacap,Gula Pasir Curah,kg,04/02/2026,17500
Jawa Tengah,Kab. Cilacap,Minyak Goreng Sawit Kemasan Premium,lt,04/02/2026,22000
Jawa Tengah,Kab. Cilacap,Minyak Goreng Sawit Curah,lt,04/02/2026,18000
Jawa Tengah,Kab. Cilacap,Minyakita,lt,04/02/2026,17167
Jawa Tengah,Kab. Cilacap,Daging Sapi Paha Belakang,kg,04/02/2026,135000
Jawa Tengah,Kab. Cilacap,Daging Ayam Ras,kg,04/02/2026,38333
Jawa Tengah,Kab. Cilacap,Telur Ayam Ras,kg,04/02/2026,26167
Jawa Tengah,Kab. Cilacap,Tepung Terigu,kg,04/02/2026,12000
Jawa Tengah,Kab. Cilacap,Kedelai Impor,kg,04/02/2026,11667
Jawa Tengah,Kab. Cilacap,Cabai Merah Keriting,kg,04/02/2026,28667
Jawa Tengah,Kab. Cilacap,Cabai Rawit Merah,kg,04/02/2026,63667
Jawa Tengah,Kab. Cilacap,Cabai Merah Besar,kg,04/02/2026,26333
Jawa Tengah,Kab. Cilacap,Bawang Merah,kg,04/02/2026,36333
Jawa Tengah,Kab. Cilacap,Bawang Putih Honan,kg,04/02/2026,35000
Jawa Tengah,Kab. Banyumas,Beras Medium,kg,04/02/2026,13250
Jawa Tengah,Kab. Banyumas,Beras Premium,kg,04/02/2026,14900
Jawa Tengah,Kab. Banyumas,Gula Pasir Curah,kg,04/02/2026,16667
Jawa Tengah,Kab. Banyumas,Minyak Goreng Sawit Kemasan Premium,lt,04/02/2026,21000
Jawa Tengah,Kab. Banyumas,Minyak Goreng Sawit Curah,lt,04/02/2026,17100
Jawa Tengah,Kab. Banyumas,Minyakita,lt,04/02/2026,15700
Jawa Tengah,Kab. Banyumas,Daging Sapi Paha Belakang,kg,04/02/2026,133333
Jawa Tengah,Kab. Banyumas,Daging Ayam Ras,kg,04/02/2026,37000
Jawa Tengah,Kab. Banyumas,Telur Ayam Ras,kg,04/02/2026,27000
Jawa Tengah,Kab. Banyumas,Tepung Terigu,kg,04/02/2026,11500
Jawa Tengah,Kab. Banyumas,Kedelai Impor,kg,04/02/2026,10000
Jawa Tengah,Kab. Banyumas,Cabai Merah Keriting,kg,04/02/2026,28667
Jawa Tengah,Kab. Banyumas,Cabai Rawit Merah,kg,04/02/2026,67333
Jawa Tengah,Kab. Banyumas,Cabai Merah Besar,kg,04/02/2026,25000
Jawa Tengah,Kab. Banyumas,Bawang Merah,kg,04/02/2026,41333
Jawa Tengah,Kab. Banyumas,Bawang Putih Honan,kg,04/02/2026,32667
Jawa Tengah,Kab. Purbalingga,Beras Medium,kg,04/02/2026,13000
Jawa Tengah,Kab. Purbalingga,Beras Premium,kg,04/02/2026,14200
Jawa Tengah,Kab. Purbalingga,Gula Pasir Curah,kg,04/02/2026,17200
Jawa Tengah,Kab. Purbalingga,Minyak Goreng Sawit Kemasan Premium,lt,04/02/2026,21000
Jawa Tengah,Kab. Purbalingga,Minyak Goreng Sawit Curah,lt,04/02/2026,17550
Jawa Tengah,Kab. Purbalingga,Minyakita,lt,04/02/2026,16000
Jawa Tengah,Kab. Purbalingga,Daging Sapi Paha Belakang,kg,04/02/2026,135000
Jawa Tengah,Kab. Purbalingga,Daging Ayam Ras,kg,04/02/2026,38000
Jawa Tengah,Kab. Purbalingga,Telur Ayam Ras,kg,04/02/2026,28000
Jawa Tengah,Kab. Purbalingga,Tepung Terigu,kg,04/02/2026,12000
Jawa Tengah,Kab. Purbalingga,Kedelai Impor,kg,04/02/2026,9800
Jawa Tengah,Kab. Purbalingga,Cabai Merah Keriting,kg,04/02/2026,30000
Jawa Tengah,Kab. Purbalingga,Cabai Rawit Merah,kg,04/02/2026,70000
Jawa Tengah,Kab. Purbalingga,Cabai Merah Besar,kg,04/02/2026,25000
Jawa Tengah,Kab. Purbalingga,Bawang Merah,kg,04/02/2026,41000
Jawa Tengah,Kab. Purbalingga,Bawang Putih Honan,kg,04/02/2026,33000
Jawa Tengah,Kab. Banjarnegara,Beras Medium,kg,04/02/2026,13333
Jawa Tengah,Kab. Banjarnegara,Beras Premium,kg,04/02/2026,14533
Jawa Tengah,Kab. Banjarnegara,Gula Pasir Curah,kg,04/02/2026,16833
Jawa Tengah,Kab. Banjarnegara,Minyak Goreng Sawit Kemasan Premium,lt,04/02/2026,20666
Jawa Tengah,Kab. Banjarnegara,Minyak Goreng Sawit Curah,lt,04/02/2026,17550
Jawa Tengah,Kab. Banjarnegara,Minyakita,lt,04/02/2026,15700
Jawa Tengah,Kab. Banjarnegara,Daging Sapi Paha Belakang,kg,04/02/2026,135000
Jawa Tengah,Kab. Banjarnegara,Daging Ayam Ras,kg,04/02/2026,35000
Jawa Tengah,Kab. Banjarnegara,Telur Ayam Ras,kg,04/02/2026,27000
Jawa Tengah,Kab. Banjarnegara,Tepung Terigu,kg,04/02/2026,11666
Jawa Tengah,Kab. Banjarnegara,Kedelai Impor,kg,04/02/2026,10366
Jawa Tengah,Kab. Banjarnegara,Cabai Merah Keriting,kg,04/02/2026,33333
Jawa Tengah,Kab. Banjarnegara,Cabai Rawit Merah,kg,04/02/2026,70000
Jawa Tengah,Kab. Banjarnegara,Cabai Merah Besar,kg,04/02/2026,0
Jawa Tengah,Kab. Banjarnegara,Bawang Merah,kg,04/02/2026,36666
Jawa Tengah,Kab. Banjarnegara,Bawang Putih Honan,kg,04/02/2026,33666
Jawa Tengah,Kab. Kebumen,Beras Medium,kg,04/02/2026,12250
Jawa Tengah,Kab. Kebumen,Beras Premium,kg,04/02/2026,14450
Jawa Tengah,Kab. Kebumen,Gula Pasir Curah,kg,04/02/2026,16000
Jawa Tengah,Kab. Kebumen,Minyak Goreng Sawit Kemasan Premium,lt,04/02/2026,20500
Jawa Tengah,Kab. Kebumen,Minyak Goreng Sawit Curah,lt,04/02/2026,17500
Jawa Tengah,Kab. Kebumen,Minyakita,lt,04/02/2026,15700
Jawa Tengah,Kab. Kebumen,Daging Sapi Paha Belakang,kg,04/02/2026,120000
Jawa Tengah,Kab. Kebumen,Daging Ayam Ras,kg,04/02/2026,33000
Jawa Tengah,Kab. Kebumen,Telur Ayam Ras,kg,04/02/2026,27500
Jawa Tengah,Kab. Kebumen,Tepung Terigu,kg,04/02/2026,11000
Jawa Tengah,Kab. Kebumen,Kedelai Impor,kg,04/02/2026,9500
Jawa Tengah,Kab. Kebumen,Cabai Merah Keriting,kg,04/02/2026,30667
Jawa Tengah,Kab. Kebumen,Cabai Rawit Merah,kg,04/02/2026,39167
Jawa Tengah,Kab. Kebumen,Cabai Merah Besar,kg,04/02/2026,31667
Jawa Tengah,Kab. Kebumen,Bawang Merah,kg,04/02/2026,35000
Jawa Tengah,Kab. Kebumen,Bawang Putih Honan,kg,04/02/2026,0
Jawa Tengah,Kab. Purworejo,Beras Medium,kg,04/02/2026,12800
Jawa Tengah,Kab. Purworejo,Beras Premium,kg,04/02/2026,14500
Jawa Tengah,Kab. Purworejo,Gula Pasir Curah,kg,04/02/2026,17167
Jawa Tengah,Kab. Purworejo,Minyak Goreng Sawit Kemasan Premium,lt,04/02/2026,20333
Jawa Tengah,Kab. Purworejo,Minyak Goreng Sawit Curah,lt,04/02/2026,17400
Jawa Tengah,Kab. Purworejo,Minyakita,lt,04/02/2026,15700
Jawa Tengah,Kab. Purworejo,Daging Sapi Paha Belakang,kg,04/02/2026,135500
Jawa Tengah,Kab. Purworejo,Daging Ayam Ras,kg,04/02/2026,37000
Jawa Tengah,Kab. Purworejo,Telur Ayam Ras,kg,04/02/2026,27767
Jawa Tengah,Kab. Purworejo,Tepung Terigu,kg,04/02/2026,11333
Jawa Tengah,Kab. Purworejo,Kedelai Impor,kg,04/02/2026,11500
Jawa Tengah,Kab. Purworejo,Cabai Merah Keriting,kg,04/02/2026,31333
Jawa Tengah,Kab. Purworejo,Cabai Rawit Merah,kg,04/02/2026,52333
Jawa Tengah,Kab. Purworejo,Cabai Merah Besar,kg,04/02/2026,33000
Jawa Tengah,Kab. Purworejo,Bawang Merah,kg,04/02/2026,38667
Jawa Tengah,Kab. Purworejo,Bawang Putih Honan,kg,04/02/2026,35000
Jawa Tengah,Kab. Wonosobo,Beras Medium,kg,04/02/2026,13000
Jawa Tengah,Kab. Wonosobo,Beras Premium,kg,04/02/2026,14867
Jawa Tengah,Kab. Wonosobo,Gula Pasir Curah,kg,04/02/2026,16933
Jawa Tengah,Kab. Wonosobo,Minyak Goreng Sawit Kemasan Premium,lt,04/02/2026,21500
Jawa Tengah,Kab. Wonosobo,Minyak Goreng Sawit Curah,lt,04/02/2026,16543
Jawa Tengah,Kab. Wonosobo,Minyakita,lt,04/02/2026,15700
Jawa Tengah,Kab. Wonosobo,Daging Sapi Paha Belakang,kg,04/02/2026,135000
Jawa Tengah,Kab. Wonosobo,Daging Ayam Ras,kg,04/02/2026,34333
Jawa Tengah,Kab. Wonosobo,Telur Ayam Ras,kg,04/02/2026,26667
Jawa Tengah,Kab. Wonosobo,Tepung Terigu,kg,04/02/2026,11500
Jawa Tengah,Kab. Wonosobo,Kedelai Impor,kg,04/02/2026,9400
Jawa Tengah,Kab. Wonosobo,Cabai Merah Keriting,kg,04/02/2026,34000
Jawa Tengah,Kab. Wonosobo,Cabai Rawit Merah,kg,04/02/2026,46000
Jawa Tengah,Kab. Wonosobo,Cabai Merah Besar,kg,04/02/2026,0
Jawa Tengah,Kab. Wonosobo,Bawang Merah,kg,04/02/2026,35000
Jawa Tengah,Kab. Wonosobo,Bawang Putih Honan,kg,04/02/2026,35000
Jawa Tengah,Kab. Magelang,Beras Medium,kg,04/02/2026,13400
Jawa Tengah,Kab. Magelang,Beras Premium,kg,04/02/2026,14900
Jawa Tengah,Kab. Magelang,Gula Pasir Curah,kg,04/02/2026,17000
Jawa Tengah,Kab. Magelang,Minyak Goreng Sawit Kemasan Premium,lt,04/02/2026,20000
Jawa Tengah,Kab. Magelang,Minyak Goreng Sawit Curah,lt,04/02/2026,17800
Jawa Tengah,Kab. Magelang,Minyakita,lt,04/02/2026,15700
Jawa Tengah,Kab. Magelang,Daging Sapi Paha Belakang,kg,04/02/2026,138000
Jawa Tengah,Kab. Magelang,Daging Ayam Ras,kg,04/02/2026,34000
Jawa Tengah,Kab. Magelang,Telur Ayam Ras,kg,04/02/2026,27000
Jawa Tengah,Kab. Magelang,Tepung Terigu,kg,04/02/2026,11500
Jawa Tengah,Kab. Magelang,Kedelai Impor,kg,04/02/2026,11700
Jawa Tengah,Kab. Magelang,Cabai Merah Keriting,kg,04/02/2026,30000
Jawa Tengah,Kab. Magelang,Cabai Rawit Merah,kg,04/02/2026,57000
Jawa Tengah,Kab. Magelang,Cabai Merah Besar,kg,04/02/2026,40000
Jawa Tengah,Kab. Magelang,Bawang Merah,kg,04/02/2026,38000
Jawa Tengah,Kab. Magelang,Bawang Putih Honan,kg,04/02/2026,34000
Jawa Tengah,Kab. Boyolali,Beras Medium,kg,04/02/2026,13000
Jawa Tengah,Kab. Boyolali,Beras Premium,kg,04/02/2026,14867
Jawa Tengah,Kab. Boyolali,Gula Pasir Curah,kg,04/02/2026,16500
Jawa Tengah,Kab. Boyolali,Minyak Goreng Sawit Kemasan Premium,lt,04/02/2026,21000
Jawa Tengah,Kab. Boyolali,Minyak Goreng Sawit Curah,lt,04/02/2026,17500
Jawa Tengah,Kab. Boyolali,Minyakita,lt,04/02/2026,15700
Jawa Tengah,Kab. Boyolali,Daging Sapi Paha Belakang,kg,04/02/2026,130000
Jawa Tengah,Kab. Boyolali,Daging Ayam Ras,kg,04/02/2026,37000
Jawa Tengah,Kab. Boyolali,Telur Ayam Ras,kg,04/02/2026,27000
Jawa Tengah,Kab. Boyolali,Tepung Terigu,kg,04/02/2026,11667
Jawa Tengah,Kab. Boyolali,Kedelai Impor,kg,04/02/2026,11667
Jawa Tengah,Kab. Boyolali,Cabai Merah Keriting,kg,04/02/2026,40000
Jawa Tengah,Kab. Boyolali,Cabai Rawit Merah,kg,04/02/2026,61667
Jawa Tengah,Kab. Boyolali,Cabai Merah Besar,kg,04/02/2026,45000
Jawa Tengah,Kab. Boyolali,Bawang Merah,kg,04/02/2026,38667
Jawa Tengah,Kab. Boyolali,Bawang Putih Honan,kg,04/02/2026,33000
Jawa Tengah,Kab. Klaten,Beras Medium,kg,04/02/2026,13500
Jawa Tengah,Kab. Klaten,Beras Premium,kg,04/02/2026,14900
Jawa Tengah,Kab. Klaten,Gula Pasir Curah,kg,04/02/2026,17500
Jawa Tengah,Kab. Klaten,Minyak Goreng Sawit Kemasan Premium,lt,04/02/2026,21000
Jawa Tengah,Kab. Klaten,Minyak Goreng Sawit Curah,lt,04/02/2026,17833
Jawa Tengah,Kab. Klaten,Minyakita,lt,04/02/2026,15700
Jawa Tengah,Kab. Klaten,Daging Sapi Paha Belakang,kg,04/02/2026,122500
Jawa Tengah,Kab. Klaten,Daging Ayam Ras,kg,04/02/2026,34667
Jawa Tengah,Kab. Klaten,Telur Ayam Ras,kg,04/02/2026,27833
Jawa Tengah,Kab. Klaten,Tepung Terigu,kg,04/02/2026,11333
Jawa Tengah,Kab. Klaten,Kedelai Impor,kg,04/02/2026,10333
Jawa Tengah,Kab. Klaten,Cabai Merah Keriting,kg,04/02/2026,27000
Jawa Tengah,Kab. Klaten,Cabai Rawit Merah,kg,04/02/2026,58000
Jawa Tengah,Kab. Klaten,Cabai Merah Besar,kg,04/02/2026,40000
Jawa Tengah,Kab. Klaten,Bawang Merah,kg,04/02/2026,40000
Jawa Tengah,Kab. Klaten,Bawang Putih Honan,kg,04/02/2026,30667
Jawa Tengah,Kab. Sukoharjo,Beras Medium,kg,04/02/2026,13000
Jawa Tengah,Kab. Sukoharjo,Beras Premium,kg,04/02/2026,14500
Jawa Tengah,Kab. Sukoharjo,Gula Pasir Curah,kg,04/02/2026,17000
Jawa Tengah,Kab. Sukoharjo,Minyak Goreng Sawit Kemasan Premium,lt,04/02/2026,20667
Jawa Tengah,Kab. Sukoharjo,Minyak Goreng Sawit Curah,lt,04/02/2026,17000
Jawa Tengah,Kab. Sukoharjo,Minyakita,lt,04/02/2026,15700
Jawa Tengah,Kab. Sukoharjo,Daging Sapi Paha Belakang,kg,04/02/2026,125000
Jawa Tengah,Kab. Sukoharjo,Daging Ayam Ras,kg,04/02/2026,37667
Jawa Tengah,Kab. Sukoharjo,Telur Ayam Ras,kg,04/02/2026,26000
Jawa Tengah,Kab. Sukoharjo,Tepung Terigu,kg,04/02/2026,12000
Jawa Tengah,Kab. Sukoharjo,Kedelai Impor,kg,04/02/2026,10000
Jawa Tengah,Kab. Sukoharjo,Cabai Merah Keriting,kg,04/02/2026,31667
Jawa Tengah,Kab. Sukoharjo,Cabai Rawit Merah,kg,04/02/2026,70000
Jawa Tengah,Kab. Sukoharjo,Cabai Merah Besar,kg,04/02/2026,29333
Jawa Tengah,Kab. Sukoharjo,Bawang Merah,kg,04/02/2026,35000
Jawa Tengah,Kab. Sukoharjo,Bawang Putih Honan,kg,04/02/2026,33000
Jawa Tengah,Kab. Wonogiri,Beras Medium,kg,04/02/2026,13667
Jawa Tengah,Kab. Wonogiri,Beras Premium,kg,04/02/2026,14417
Jawa Tengah,Kab. Wonogiri,Gula Pasir Curah,kg,04/02/2026,17000
Jawa Tengah,Kab. Wonogiri,Minyak Goreng Sawit Kemasan Premium,lt,04/02/2026,21000
Jawa Tengah,Kab. Wonogiri,Minyak Goreng Sawit Curah,lt,04/02/2026,19700
Jawa Tengah,Kab. Wonogiri,Minyakita,lt,04/02/2026,15700
Jawa Tengah,Kab. Wonogiri,Daging Sapi Paha Belakang,kg,04/02/2026,130000
Jawa Tengah,Kab. Wonogiri,Daging Ayam Ras,kg,04/02/2026,38000
Jawa Tengah,Kab. Wonogiri,Telur Ayam Ras,kg,04/02/2026,26833
Jawa Tengah,Kab. Wonogiri,Tepung Terigu,kg,04/02/2026,11833
Jawa Tengah,Kab. Wonogiri,Kedelai Impor,kg,04/02/2026,11000
Jawa Tengah,Kab. Wonogiri,Cabai Merah Keriting,kg,04/02/2026,30667
Jawa Tengah,Kab. Wonogiri,Cabai Rawit Merah,kg,04/02/2026,72333
Jawa Tengah,Kab. Wonogiri,Cabai Merah Besar,kg,04/02/2026,25000
Jawa Tengah,Kab. Wonogiri,Bawang Merah,kg,04/02/2026,37000
Jawa Tengah,Kab. Wonogiri,Bawang Putih Honan,kg,04/02/2026,0
Jawa Tengah,Kab. Karanganyar,Beras Medium,kg,04/02/2026,13000
Jawa Tengah,Kab. Karanganyar,Beras Premium,kg,04/02/2026,14833
Jawa Tengah,Kab. Karanganyar,Gula Pasir Curah,kg,04/02/2026,16833
Jawa Tengah,Kab. Karanganyar,Minyak Goreng Sawit Kemasan Premium,lt,04/02/2026,20333
Jawa Tengah,Kab. Karanganyar,Minyak Goreng Sawit Curah,lt,04/02/2026,19000
Jawa Tengah,Kab. Karanganyar,Minyakita,lt,04/02/2026,15500
Jawa Tengah,Kab. Karanganyar,Daging Sapi Paha Belakang,kg,04/02/2026,125000
Jawa Tengah,Kab. Karanganyar,Daging Ayam Ras,kg,04/02/2026,38000
Jawa Tengah,Kab. Karanganyar,Telur Ayam Ras,kg,04/02/2026,27000
Jawa Tengah,Kab. Karanganyar,Tepung Terigu,kg,04/02/2026,12000
Jawa Tengah,Kab. Karanganyar,Kedelai Impor,kg,04/02/2026,9600
Jawa Tengah,Kab. Karanganyar,Cabai Merah Keriting,kg,04/02/2026,34000
Jawa Tengah,Kab. Karanganyar,Cabai Rawit Merah,kg,04/02/2026,75000
Jawa Tengah,Kab. Karanganyar,Cabai Merah Besar,kg,04/02/2026,25000
Jawa Tengah,Kab. Karanganyar,Bawang Merah,kg,04/02/2026,35000
Jawa Tengah,Kab. Karanganyar,Bawang Putih Honan,kg,04/02/2026,30000
Jawa Tengah,Kab. Sragen,Beras Medium,kg,04/02/2026,13250
Jawa Tengah,Kab. Sragen,Beras Premium,kg,04/02/2026,14250
Jawa Tengah,Kab. Sragen,Gula Pasir Curah,kg,04/02/2026,16750
Jawa Tengah,Kab. Sragen,Minyak Goreng Sawit Kemasan Premium,lt,04/02/2026,19750
Jawa Tengah,Kab. Sragen,Minyak Goreng Sawit Curah,lt,04/02/2026,18700
Jawa Tengah,Kab. Sragen,Minyakita,lt,04/02/2026,15700
Jawa Tengah,Kab. Sragen,Daging Sapi Paha Belakang,kg,04/02/2026,120000
Jawa Tengah,Kab. Sragen,Daging Ayam Ras,kg,04/02/2026,39000
Jawa Tengah,Kab. Sragen,Telur Ayam Ras,kg,04/02/2026,27000
Jawa Tengah,Kab. Sragen,Tepung Terigu,kg,04/02/2026,12000
Jawa Tengah,Kab. Sragen,Kedelai Impor,kg,04/02/2026,9600
Jawa Tengah,Kab. Sragen,Cabai Merah Keriting,kg,04/02/2026,29000
Jawa Tengah,Kab. Sragen,Cabai Rawit Merah,kg,04/02/2026,74000
Jawa Tengah,Kab. Sragen,Cabai Merah Besar,kg,04/02/2026,20000
Jawa Tengah,Kab. Sragen,Bawang Merah,kg,04/02/2026,35000
Jawa Tengah,Kab. Sragen,Bawang Putih Honan,kg,04/02/2026,32000
Jawa Tengah,Kab. Grobogan,Beras Medium,kg,04/02/2026,13250
Jawa Tengah,Kab. Grobogan,Beras Premium,kg,04/02/2026,14825
Jawa Tengah,Kab. Grobogan,Gula Pasir Curah,kg,04/02/2026,17000
Jawa Tengah,Kab. Grobogan,Minyak Goreng Sawit Kemasan Premium,lt,04/02/2026,19000
Jawa Tengah,Kab. Grobogan,Minyak Goreng Sawit Curah,lt,04/02/2026,16000
Jawa Tengah,Kab. Grobogan,Minyakita,lt,04/02/2026,15700
Jawa Tengah,Kab. Grobogan,Daging Sapi Paha Belakang,kg,04/02/2026,130000
Jawa Tengah,Kab. Grobogan,Daging Ayam Ras,kg,04/02/2026,38000
Jawa Tengah,Kab. Grobogan,Telur Ayam Ras,kg,04/02/2026,28000
Jawa Tengah,Kab. Grobogan,Tepung Terigu,kg,04/02/2026,10500
Jawa Tengah,Kab. Grobogan,Kedelai Impor,kg,04/02/2026,11000
Jawa Tengah,Kab. Grobogan,Cabai Merah Keriting,kg,04/02/2026,29000
Jawa Tengah,Kab. Grobogan,Cabai Rawit Merah,kg,04/02/2026,47500
Jawa Tengah,Kab. Grobogan,Cabai Merah Besar,kg,04/02/2026,50000
Jawa Tengah,Kab. Grobogan,Bawang Merah,kg,04/02/2026,33500
Jawa Tengah,Kab. Grobogan,Bawang Putih Honan,kg,04/02/2026,31500
Jawa Tengah,Kab. Blora,Beras Medium,kg,04/02/2026,11492
Jawa Tengah,Kab. Blora,Beras Premium,kg,04/02/2026,13425
Jawa Tengah,Kab. Blora,Gula Pasir Curah,kg,04/02/2026,16500
Jawa Tengah,Kab. Blora,Minyak Goreng Sawit Kemasan Premium,lt,04/02/2026,19300
Jawa Tengah,Kab. Blora,Minyak Goreng Sawit Curah,lt,04/02/2026,16300
Jawa Tengah,Kab. Blora,Minyakita,lt,04/02/2026,15700
Jawa Tengah,Kab. Blora,Daging Sapi Paha Belakang,kg,04/02/2026,125000
Jawa Tengah,Kab. Blora,Daging Ayam Ras,kg,04/02/2026,38000
Jawa Tengah,Kab. Blora,Telur Ayam Ras,kg,04/02/2026,28000
Jawa Tengah,Kab. Blora,Tepung Terigu,kg,04/02/2026,12300
Jawa Tengah,Kab. Blora,Kedelai Impor,kg,04/02/2026,11500
Jawa Tengah,Kab. Blora,Cabai Merah Keriting,kg,04/02/2026,29333
Jawa Tengah,Kab. Blora,Cabai Rawit Merah,kg,04/02/2026,45333
Jawa Tengah,Kab. Blora,Cabai Merah Besar,kg,04/02/2026,0
Jawa Tengah,Kab. Blora,Bawang Merah,kg,04/02/2026,32333
Jawa Tengah,Kab. Blora,Bawang Putih Honan,kg,04/02/2026,30667
Jawa Tengah,Kab. Rembang,Beras Medium,kg,04/02/2026,13333
Jawa Tengah,Kab. Rembang,Beras Premium,kg,04/02/2026,14900
Jawa Tengah,Kab. Rembang,Gula Pasir Curah,kg,04/02/2026,16333
Jawa Tengah,Kab. Rembang,Minyak Goreng Sawit Kemasan Premium,lt,04/02/2026,21000
Jawa Tengah,Kab. Rembang,Minyak Goreng Sawit Curah,lt,04/02/2026,18822
Jawa Tengah,Kab. Rembang,Minyakita,lt,04/02/2026,15633
Jawa Tengah,Kab. Rembang,Daging Sapi Paha Belakang,kg,04/02/2026,125000
Jawa Tengah,Kab. Rembang,Daging Ayam Ras,kg,04/02/2026,37333
Jawa Tengah,Kab. Rembang,Telur Ayam Ras,kg,04/02/2026,29000
Jawa Tengah,Kab. Rembang,Tepung Terigu,kg,04/02/2026,11500
Jawa Tengah,Kab. Rembang,Kedelai Impor,kg,04/02/2026,11167
Jawa Tengah,Kab. Rembang,Cabai Merah Keriting,kg,04/02/2026,26333
Jawa Tengah,Kab. Rembang,Cabai Rawit Merah,kg,04/02/2026,69333
Jawa Tengah,Kab. Rembang,Cabai Merah Besar,kg,04/02/2026,58333
Jawa Tengah,Kab. Rembang,Bawang Merah,kg,04/02/2026,37667
Jawa Tengah,Kab. Rembang,Bawang Putih Honan,kg,04/02/2026,34000
Jawa Tengah,Kab. Pati,Beras Medium,kg,04/02/2026,13500
Jawa Tengah,Kab. Pati,Beras Premium,kg,04/02/2026,14650
Jawa Tengah,Kab. Pati,Gula Pasir Curah,kg,04/02/2026,17000
Jawa Tengah,Kab. Pati,Minyak Goreng Sawit Kemasan Premium,lt,04/02/2026,20000
Jawa Tengah,Kab. Pati,Minyak Goreng Sawit Curah,lt,04/02/2026,18000
Jawa Tengah,Kab. Pati,Minyakita,lt,04/02/2026,15700
Jawa Tengah,Kab. Pati,Daging Sapi Paha Belakang,kg,04/02/2026,120000
Jawa Tengah,Kab. Pati,Daging Ayam Ras,kg,04/02/2026,38000
Jawa Tengah,Kab. Pati,Telur Ayam Ras,kg,04/02/2026,27000
Jawa Tengah,Kab. Pati,Tepung Terigu,kg,04/02/2026,12500
Jawa Tengah,Kab. Pati,Kedelai Impor,kg,04/02/2026,10500
Jawa Tengah,Kab. Pati,Cabai Merah Keriting,kg,04/02/2026,30000
Jawa Tengah,Kab. Pati,Cabai Rawit Merah,kg,04/02/2026,58000
Jawa Tengah,Kab. Pati,Cabai Merah Besar,kg,04/02/2026,55000
Jawa Tengah,Kab. Pati,Bawang Merah,kg,04/02/2026,30000
Jawa Tengah,Kab. Pati,Bawang Putih Honan,kg,04/02/2026,32000
Jawa Tengah,Kab. Kudus,Beras Medium,kg,04/02/2026,13500
Jawa Tengah,Kab. Kudus,Beras Premium,kg,04/02/2026,14900
Jawa Tengah,Kab. Kudus,Gula Pasir Curah,kg,04/02/2026,16500
Jawa Tengah,Kab. Kudus,Minyak Goreng Sawit Kemasan Premium,lt,04/02/2026,20000
Jawa Tengah,Kab. Kudus,Minyak Goreng Sawit Curah,lt,04/02/2026,17000
Jawa Tengah,Kab. Kudus,Minyakita,lt,04/02/2026,15700
Jawa Tengah,Kab. Kudus,Daging Sapi Paha Belakang,kg,04/02/2026,125000
Jawa Tengah,Kab. Kudus,Daging Ayam Ras,kg,04/02/2026,36000
Jawa Tengah,Kab. Kudus,Telur Ayam Ras,kg,04/02/2026,29000
Jawa Tengah,Kab. Kudus,Tepung Terigu,kg,04/02/2026,12000
Jawa Tengah,Kab. Kudus,Kedelai Impor,kg,04/02/2026,11500
Jawa Tengah,Kab. Kudus,Cabai Merah Keriting,kg,04/02/2026,29000
Jawa Tengah,Kab. Kudus,Cabai Rawit Merah,kg,04/02/2026,57000
Jawa Tengah,Kab. Kudus,Cabai Merah Besar,kg,04/02/2026,40000
Jawa Tengah,Kab. Kudus,Bawang Merah,kg,04/02/2026,38000
Jawa Tengah,Kab. Kudus,Bawang Putih Honan,kg,04/02/2026,0
Jawa Tengah,Kab. Jepara,Beras Medium,kg,04/02/2026,13000
Jawa Tengah,Kab. Jepara,Beras Premium,kg,04/02/2026,14900
Jawa Tengah,Kab. Jepara,Gula Pasir Curah,kg,04/02/2026,16500
Jawa Tengah,Kab. Jepara,Minyak Goreng Sawit Kemasan Premium,lt,04/02/2026,21000
Jawa Tengah,Kab. Jepara,Minyak Goreng Sawit Curah,lt,04/02/2026,17500
Jawa Tengah,Kab. Jepara,Minyakita,lt,04/02/2026,15700
Jawa Tengah,Kab. Jepara,Daging Sapi Paha Belakang,kg,04/02/2026,130000
Jawa Tengah,Kab. Jepara,Daging Ayam Ras,kg,04/02/2026,36000
Jawa Tengah,Kab. Jepara,Telur Ayam Ras,kg,04/02/2026,26500
Jawa Tengah,Kab. Jepara,Tepung Terigu,kg,04/02/2026,12000
Jawa Tengah,Kab. Jepara,Kedelai Impor,kg,04/02/2026,10500
Jawa Tengah,Kab. Jepara,Cabai Merah Keriting,kg,04/02/2026,30000
Jawa Tengah,Kab. Jepara,Cabai Rawit Merah,kg,04/02/2026,55000
Jawa Tengah,Kab. Jepara,Cabai Merah Besar,kg,04/02/2026,35000
Jawa Tengah,Kab. Jepara,Bawang Merah,kg,04/02/2026,35000
Jawa Tengah,Kab. Jepara,Bawang Putih Honan,kg,04/02/2026,30000
Jawa Tengah,Kab. Demak,Beras Medium,kg,04/02/2026,12800
Jawa Tengah,Kab. Demak,Beras Premium,kg,04/02/2026,14250
Jawa Tengah,Kab. Demak,Gula Pasir Curah,kg,04/02/2026,16500
Jawa Tengah,Kab. Demak,Minyak Goreng Sawit Kemasan Premium,lt,04/02/2026,20250
Jawa Tengah,Kab. Demak,Minyak Goreng Sawit Curah,lt,04/02/2026,16167
Jawa Tengah,Kab. Demak,Minyakita,lt,04/02/2026,15300
Jawa Tengah,Kab. Demak,Daging Sapi Paha Belakang,kg,04/02/2026,130000
Jawa Tengah,Kab. Demak,Daging Ayam Ras,kg,04/02/2026,35000
Jawa Tengah,Kab. Demak,Telur Ayam Ras,kg,04/02/2026,27500
Jawa Tengah,Kab. Demak,Tepung Terigu,kg,04/02/2026,11250
Jawa Tengah,Kab. Demak,Kedelai Impor,kg,04/02/2026,10000
Jawa Tengah,Kab. Demak,Cabai Merah Keriting,kg,04/02/2026,28667
Jawa Tengah,Kab. Demak,Cabai Rawit Merah,kg,04/02/2026,31667
Jawa Tengah,Kab. Demak,Cabai Merah Besar,kg,04/02/2026,33333
Jawa Tengah,Kab. Demak,Bawang Merah,kg,04/02/2026,33667
Jawa Tengah,Kab. Demak,Bawang Putih Honan,kg,04/02/2026,30000
Jawa Tengah,Kab. Semarang,Beras Medium,kg,04/02/2026,13500
Jawa Tengah,Kab. Semarang,Beras Premium,kg,04/02/2026,15050
Jawa Tengah,Kab. Semarang,Gula Pasir Curah,kg,04/02/2026,17083
Jawa Tengah,Kab. Semarang,Minyak Goreng Sawit Kemasan Premium,lt,04/02/2026,21500
Jawa Tengah,Kab. Semarang,Minyak Goreng Sawit Curah,lt,04/02/2026,17800
Jawa Tengah,Kab. Semarang,Minyakita,lt,04/02/2026,15600
Jawa Tengah,Kab. Semarang,Daging Sapi Paha Belakang,kg,04/02/2026,135833
Jawa Tengah,Kab. Semarang,Daging Ayam Ras,kg,04/02/2026,34500
Jawa Tengah,Kab. Semarang,Telur Ayam Ras,kg,04/02/2026,26833
Jawa Tengah,Kab. Semarang,Tepung Terigu,kg,04/02/2026,12000
Jawa Tengah,Kab. Semarang,Kedelai Impor,kg,04/02/2026,9750
Jawa Tengah,Kab. Semarang,Cabai Merah Keriting,kg,04/02/2026,37500
Jawa Tengah,Kab. Semarang,Cabai Rawit Merah,kg,04/02/2026,59167
Jawa Tengah,Kab. Semarang,Cabai Merah Besar,kg,04/02/2026,39167
Jawa Tengah,Kab. Semarang,Bawang Merah,kg,04/02/2026,39333
Jawa Tengah,Kab. Semarang,Bawang Putih Honan,kg,04/02/2026,34000
Jawa Tengah,Kab. Temanggung,Beras Medium,kg,04/02/2026,13500
Jawa Tengah,Kab. Temanggung,Beras Premium,kg,04/02/2026,14800
Jawa Tengah,Kab. Temanggung,Gula Pasir Curah,kg,04/02/2026,16750
Jawa Tengah,Kab. Temanggung,Minyak Goreng Sawit Kemasan Premium,lt,04/02/2026,19000
Jawa Tengah,Kab. Temanggung,Minyak Goreng Sawit Curah,lt,04/02/2026,19000
Jawa Tengah,Kab. Temanggung,Minyakita,lt,04/02/2026,15700
Jawa Tengah,Kab. Temanggung,Daging Sapi Paha Belakang,kg,04/02/2026,135000
Jawa Tengah,Kab. Temanggung,Daging Ayam Ras,kg,04/02/2026,37000
Jawa Tengah,Kab. Temanggung,Telur Ayam Ras,kg,04/02/2026,28000
Jawa Tengah,Kab. Temanggung,Tepung Terigu,kg,04/02/2026,11750
Jawa Tengah,Kab. Temanggung,Kedelai Impor,kg,04/02/2026,9600
Jawa Tengah,Kab. Temanggung,Cabai Merah Keriting,kg,04/02/2026,32000
Jawa Tengah,Kab. Temanggung,Cabai Rawit Merah,kg,04/02/2026,43000
Jawa Tengah,Kab. Temanggung,Cabai Merah Besar,kg,04/02/2026,47000
Jawa Tengah,Kab. Temanggung,Bawang Merah,kg,04/02/2026,39000
Jawa Tengah,Kab. Temanggung,Bawang Putih Honan,kg,04/02/2026,35500
Jawa Tengah,Kab. Kendal,Beras Medium,kg,04/02/2026,13200
Jawa Tengah,Kab. Kendal,Beras Premium,kg,04/02/2026,14800
Jawa Tengah,Kab. Kendal,Gula Pasir Curah,kg,04/02/2026,17000
Jawa Tengah,Kab. Kendal,Minyak Goreng Sawit Kemasan Premium,lt,04/02/2026,20500
Jawa Tengah,Kab. Kendal,Minyak Goreng Sawit Curah,lt,04/02/2026,17550
Jawa Tengah,Kab. Kendal,Minyakita,lt,04/02/2026,15700
Jawa Tengah,Kab. Kendal,Daging Sapi Paha Belakang,kg,04/02/2026,135000
Jawa Tengah,Kab. Kendal,Daging Ayam Ras,kg,04/02/2026,38000
Jawa Tengah,Kab. Kendal,Telur Ayam Ras,kg,04/02/2026,27333
Jawa Tengah,Kab. Kendal,Tepung Terigu,kg,04/02/2026,11000
Jawa Tengah,Kab. Kendal,Kedelai Impor,kg,04/02/2026,9600
Jawa Tengah,Kab. Kendal,Cabai Merah Keriting,kg,04/02/2026,31000
Jawa Tengah,Kab. Kendal,Cabai Rawit Merah,kg,04/02/2026,60000
Jawa Tengah,Kab. Kendal,Cabai Merah Besar,kg,04/02/2026,36667
Jawa Tengah,Kab. Kendal,Bawang Merah,kg,04/02/2026,36667
Jawa Tengah,Kab. Kendal,Bawang Putih Honan,kg,04/02/2026,32333
Jawa Tengah,Kab. Batang,Beras Medium,kg,04/02/2026,13200
Jawa Tengah,Kab. Batang,Beras Premium,kg,04/02/2026,14700
Jawa Tengah,Kab. Batang,Gula Pasir Curah,kg,04/02/2026,16500
Jawa Tengah,Kab. Batang,Minyak Goreng Sawit Kemasan Premium,lt,04/02/2026,19500
Jawa Tengah,Kab. Batang,Minyak Goreng Sawit Curah,lt,04/02/2026,17100
Jawa Tengah,Kab. Batang,Minyakita,lt,04/02/2026,15700
Jawa Tengah,Kab. Batang,Daging Sapi Paha Belakang,kg,04/02/2026,125000
Jawa Tengah,Kab. Batang,Daging Ayam Ras,kg,04/02/2026,38000
Jawa Tengah,Kab. Batang,Telur Ayam Ras,kg,04/02/2026,28000
Jawa Tengah,Kab. Batang,Tepung Terigu,kg,04/02/2026,11500
Jawa Tengah,Kab. Batang,Kedelai Impor,kg,04/02/2026,10400
Jawa Tengah,Kab. Batang,Cabai Merah Keriting,kg,04/02/2026,30000
Jawa Tengah,Kab. Batang,Cabai Rawit Merah,kg,04/02/2026,54000
Jawa Tengah,Kab. Batang,Cabai Merah Besar,kg,04/02/2026,33000
Jawa Tengah,Kab. Batang,Bawang Merah,kg,04/02/2026,36000
Jawa Tengah,Kab. Batang,Bawang Putih Honan,kg,04/02/2026,32000
Jawa Tengah,Kab. Pekalongan,Beras Medium,kg,04/02/2026,13200
Jawa Tengah,Kab. Pekalongan,Beras Premium,kg,04/02/2026,14500
Jawa Tengah,Kab. Pekalongan,Gula Pasir Curah,kg,04/02/2026,17000
Jawa Tengah,Kab. Pekalongan,Minyak Goreng Sawit Kemasan Premium,lt,04/02/2026,21000
Jawa Tengah,Kab. Pekalongan,Minyak Goreng Sawit Curah,lt,04/02/2026,17550
Jawa Tengah,Kab. Pekalongan,Minyakita,lt,04/02/2026,15700
Jawa Tengah,Kab. Pekalongan,Daging Sapi Paha Belakang,kg,04/02/2026,135000
Jawa Tengah,Kab. Pekalongan,Daging Ayam Ras,kg,04/02/2026,40000
Jawa Tengah,Kab. Pekalongan,Telur Ayam Ras,kg,04/02/2026,27000
Jawa Tengah,Kab. Pekalongan,Tepung Terigu,kg,04/02/2026,12000
Jawa Tengah,Kab. Pekalongan,Kedelai Impor,kg,04/02/2026,9800
Jawa Tengah,Kab. Pekalongan,Cabai Merah Keriting,kg,04/02/2026,30000
Jawa Tengah,Kab. Pekalongan,Cabai Rawit Merah,kg,04/02/2026,60000
Jawa Tengah,Kab. Pekalongan,Cabai Merah Besar,kg,04/02/2026,27000
Jawa Tengah,Kab. Pekalongan,Bawang Merah,kg,04/02/2026,37000
Jawa Tengah,Kab. Pekalongan,Bawang Putih Honan,kg,04/02/2026,33000
Jawa Tengah,Kab. Pemalang,Beras Medium,kg,04/02/2026,13000
Jawa Tengah,Kab. Pemalang,Beras Premium,kg,04/02/2026,14800
Jawa Tengah,Kab. Pemalang,Gula Pasir Curah,kg,04/02/2026,17167
Jawa Tengah,Kab. Pemalang,Minyak Goreng Sawit Kemasan Premium,lt,04/02/2026,21000
Jawa Tengah,Kab. Pemalang,Minyak Goreng Sawit Curah,lt,04/02/2026,17167
Jawa Tengah,Kab. Pemalang,Minyakita,lt,04/02/2026,15700
Jawa Tengah,Kab. Pemalang,Daging Sapi Paha Belakang,kg,04/02/2026,128667
Jawa Tengah,Kab. Pemalang,Daging Ayam Ras,kg,04/02/2026,41667
Jawa Tengah,Kab. Pemalang,Telur Ayam Ras,kg,04/02/2026,29000
Jawa Tengah,Kab. Pemalang,Tepung Terigu,kg,04/02/2026,12000
Jawa Tengah,Kab. Pemalang,Kedelai Impor,kg,04/02/2026,11500
Jawa Tengah,Kab. Pemalang,Cabai Merah Keriting,kg,04/02/2026,38333
Jawa Tengah,Kab. Pemalang,Cabai Rawit Merah,kg,04/02/2026,49000
Jawa Tengah,Kab. Pemalang,Cabai Merah Besar,kg,04/02/2026,27500
Jawa Tengah,Kab. Pemalang,Bawang Merah,kg,04/02/2026,38333
Jawa Tengah,Kab. Pemalang,Bawang Putih Honan,kg,04/02/2026,34000
Jawa Tengah,Kab. Tegal,Beras Medium,kg,04/02/2026,13000
Jawa Tengah,Kab. Tegal,Beras Premium,kg,04/02/2026,14000
Jawa Tengah,Kab. Tegal,Gula Pasir Curah,kg,04/02/2026,17000
Jawa Tengah,Kab. Tegal,Minyak Goreng Sawit Kemasan Premium,lt,04/02/2026,21167
Jawa Tengah,Kab. Tegal,Minyak Goreng Sawit Curah,lt,04/02/2026,18150
Jawa Tengah,Kab. Tegal,Minyakita,lt,04/02/2026,15700
Jawa Tengah,Kab. Tegal,Daging Sapi Paha Belakang,kg,04/02/2026,140000
Jawa Tengah,Kab. Tegal,Daging Ayam Ras,kg,04/02/2026,38667
Jawa Tengah,Kab. Tegal,Telur Ayam Ras,kg,04/02/2026,26500
Jawa Tengah,Kab. Tegal,Tepung Terigu,kg,04/02/2026,11167
Jawa Tengah,Kab. Tegal,Kedelai Impor,kg,04/02/2026,9967
Jawa Tengah,Kab. Tegal,Cabai Merah Keriting,kg,04/02/2026,33500
Jawa Tengah,Kab. Tegal,Cabai Rawit Merah,kg,04/02/2026,73500
Jawa Tengah,Kab. Tegal,Cabai Merah Besar,kg,04/02/2026,26000
Jawa Tengah,Kab. Tegal,Bawang Merah,kg,04/02/2026,37000
Jawa Tengah,Kab. Tegal,Bawang Putih Honan,kg,04/02/2026,30667
Jawa Tengah,Kab. Brebes,Beras Medium,kg,04/02/2026,13333
Jawa Tengah,Kab. Brebes,Beras Premium,kg,04/02/2026,14750
Jawa Tengah,Kab. Brebes,Gula Pasir Curah,kg,04/02/2026,16500
Jawa Tengah,Kab. Brebes,Minyak Goreng Sawit Kemasan Premium,lt,04/02/2026,20333
Jawa Tengah,Kab. Brebes,Minyak Goreng Sawit Curah,lt,04/02/2026,18333
Jawa Tengah,Kab. Brebes,Minyakita,lt,04/02/2026,15700
Jawa Tengah,Kab. Brebes,Daging Sapi Paha Belakang,kg,04/02/2026,135000
Jawa Tengah,Kab. Brebes,Daging Ayam Ras,kg,04/02/2026,38000
Jawa Tengah,Kab. Brebes,Telur Ayam Ras,kg,04/02/2026,29000
Jawa Tengah,Kab. Brebes,Tepung Terigu,kg,04/02/2026,11000
Jawa Tengah,Kab. Brebes,Kedelai Impor,kg,04/02/2026,0
Jawa Tengah,Kab. Brebes,Cabai Merah Keriting,kg,04/02/2026,30000
Jawa Tengah,Kab. Brebes,Cabai Rawit Merah,kg,04/02/2026,45000
Jawa Tengah,Kab. Brebes,Cabai Merah Besar,kg,04/02/2026,28000
Jawa Tengah,Kab. Brebes,Bawang Merah,kg,04/02/2026,35000
Jawa Tengah,Kab. Brebes,Bawang Putih Honan,kg,04/02/2026,34500
Jawa Tengah,Kota Magelang,Beras Medium,kg,04/02/2026,13500
Jawa Tengah,Kota Magelang,Beras Premium,kg,04/02/2026,14833
Jawa Tengah,Kota Magelang,Gula Pasir Curah,kg,04/02/2026,16833
Jawa Tengah,Kota Magelang,Minyak Goreng Sawit Kemasan Premium,lt,04/02/2026,20333
Jawa Tengah,Kota Magelang,Minyak Goreng Sawit Curah,lt,04/02/2026,16500
Jawa Tengah,Kota Magelang,Minyakita,lt,04/02/2026,15700
Jawa Tengah,Kota Magelang,Daging Sapi Paha Belakang,kg,04/02/2026,135000
Jawa Tengah,Kota Magelang,Daging Ayam Ras,kg,04/02/2026,37333
Jawa Tengah,Kota Magelang,Telur Ayam Ras,kg,04/02/2026,27667
Jawa Tengah,Kota Magelang,Tepung Terigu,kg,04/02/2026,12000
Jawa Tengah,Kota Magelang,Kedelai Impor,kg,04/02/2026,11000
Jawa Tengah,Kota Magelang,Cabai Merah Keriting,kg,04/02/2026,29000
Jawa Tengah,Kota Magelang,Cabai Rawit Merah,kg,04/02/2026,46000
Jawa Tengah,Kota Magelang,Cabai Merah Besar,kg,04/02/2026,39333
Jawa Tengah,Kota Magelang,Bawang Merah,kg,04/02/2026,36667
Jawa Tengah,Kota Magelang,Bawang Putih Honan,kg,04/02/2026,32667
Jawa Tengah,Kota Surakarta,Beras Medium,kg,04/02/2026,13500
Jawa Tengah,Kota Surakarta,Beras Premium,kg,04/02/2026,15750
Jawa Tengah,Kota Surakarta,Gula Pasir Curah,kg,04/02/2026,17000
Jawa Tengah,Kota Surakarta,Minyak Goreng Sawit Kemasan Premium,lt,04/02/2026,21000
Jawa Tengah,Kota Surakarta,Minyak Goreng Sawit Curah,lt,04/02/2026,19500
Jawa Tengah,Kota Surakarta,Minyakita,lt,04/02/2026,15700
Jawa Tengah,Kota Surakarta,Daging Sapi Paha Belakang,kg,04/02/2026,140000
Jawa Tengah,Kota Surakarta,Daging Ayam Ras,kg,04/02/2026,38000
Jawa Tengah,Kota Surakarta,Telur Ayam Ras,kg,04/02/2026,26000
Jawa Tengah,Kota Surakarta,Tepung Terigu,kg,04/02/2026,11250
Jawa Tengah,Kota Surakarta,Kedelai Impor,kg,04/02/2026,12000
Jawa Tengah,Kota Surakarta,Cabai Merah Keriting,kg,04/02/2026,29333
Jawa Tengah,Kota Surakarta,Cabai Rawit Merah,kg,04/02/2026,72000
Jawa Tengah,Kota Surakarta,Cabai Merah Besar,kg,04/02/2026,21333
Jawa Tengah,Kota Surakarta,Bawang Merah,kg,04/02/2026,34333
Jawa Tengah,Kota Surakarta,Bawang Putih Honan,kg,04/02/2026,30000
Jawa Tengah,Kota Salatiga,Beras Medium,kg,04/02/2026,13378
Jawa Tengah,Kota Salatiga,Beras Premium,kg,04/02/2026,14267
Jawa Tengah,Kota Salatiga,Gula Pasir Curah,kg,04/02/2026,17500
Jawa Tengah,Kota Salatiga,Minyak Goreng Sawit Kemasan Premium,lt,04/02/2026,22000
Jawa Tengah,Kota Salatiga,Minyak Goreng Sawit Curah,lt,04/02/2026,17100
Jawa Tengah,Kota Salatiga,Minyakita,lt,04/02/2026,15700
Jawa Tengah,Kota Salatiga,Daging Sapi Paha Belakang,kg,04/02/2026,120000
Jawa Tengah,Kota Salatiga,Daging Ayam Ras,kg,04/02/2026,36667
Jawa Tengah,Kota Salatiga,Telur Ayam Ras,kg,04/02/2026,26333
Jawa Tengah,Kota Salatiga,Tepung Terigu,kg,04/02/2026,12000
Jawa Tengah,Kota Salatiga,Kedelai Impor,kg,04/02/2026,12000
Jawa Tengah,Kota Salatiga,Cabai Merah Keriting,kg,04/02/2026,30000
Jawa Tengah,Kota Salatiga,Cabai Rawit Merah,kg,04/02/2026,61667
Jawa Tengah,Kota Salatiga,Cabai Merah Besar,kg,04/02/2026,35000
Jawa Tengah,Kota Salatiga,Bawang Merah,kg,04/02/2026,41667
Jawa Tengah,Kota Salatiga,Bawang Putih Honan,kg,04/02/2026,30333
Jawa Tengah,Kota Semarang,Beras Medium,kg,04/02/2026,13792
Jawa Tengah,Kota Semarang,Beras Premium,kg,04/02/2026,15292
Jawa Tengah,Kota Semarang,Gula Pasir Curah,kg,04/02/2026,17000
Jawa Tengah,Kota Semarang,Minyak Goreng Sawit Kemasan Premium,lt,04/02/2026,21167
Jawa Tengah,Kota Semarang,Minyak Goreng Sawit Curah,lt,04/02/2026,19000
Jawa Tengah,Kota Semarang,Minyakita,lt,04/02/2026,15700
Jawa Tengah,Kota Semarang,Daging Sapi Paha Belakang,kg,04/02/2026,130000
Jawa Tengah,Kota Semarang,Daging Ayam Ras,kg,04/02/2026,38333
Jawa Tengah,Kota Semarang,Telur Ayam Ras,kg,04/02/2026,27250
Jawa Tengah,Kota Semarang,Tepung Terigu,kg,04/02/2026,11750
Jawa Tengah,Kota Semarang,Kedelai Impor,kg,04/02/2026,0
Jawa Tengah,Kota Semarang,Cabai Merah Keriting,kg,04/02/2026,29167
Jawa Tengah,Kota Semarang,Cabai Rawit Merah,kg,04/02/2026,64833
Jawa Tengah,Kota Semarang,Cabai Merah Besar,kg,04/02/2026,28667
Jawa Tengah,Kota Semarang,Bawang Merah,kg,04/02/2026,37833
Jawa Tengah,Kota Semarang,Bawang Putih Honan,kg,04/02/2026,0
Jawa Tengah,Kota Pekalongan,Beras Medium,kg,04/02/2026,13500
Jawa Tengah,Kota Pekalongan,Beras Premium,kg,04/02/2026,14900
Jawa Tengah,Kota Pekalongan,Gula Pasir Curah,kg,04/02/2026,17000
Jawa Tengah,Kota Pekalongan,Minyak Goreng Sawit Kemasan Premium,lt,04/02/2026,21000
Jawa Tengah,Kota Pekalongan,Minyak Goreng Sawit Curah,lt,04/02/2026,18000
Jawa Tengah,Kota Pekalongan,Minyakita,lt,04/02/2026,15700
Jawa Tengah,Kota Pekalongan,Daging Sapi Paha Belakang,kg,04/02/2026,120000
Jawa Tengah,Kota Pekalongan,Daging Ayam Ras,kg,04/02/2026,38000
Jawa Tengah,Kota Pekalongan,Telur Ayam Ras,kg,04/02/2026,27000
Jawa Tengah,Kota Pekalongan,Tepung Terigu,kg,04/02/2026,11000
Jawa Tengah,Kota Pekalongan,Kedelai Impor,kg,04/02/2026,10000
Jawa Tengah,Kota Pekalongan,Cabai Merah Keriting,kg,04/02/2026,34000
Jawa Tengah,Kota Pekalongan,Cabai Rawit Merah,kg,04/02/2026,58000
Jawa Tengah,Kota Pekalongan,Cabai Merah Besar,kg,04/02/2026,28000
Jawa Tengah,Kota Pekalongan,Bawang Merah,kg,04/02/2026,36000
Jawa Tengah,Kota Pekalongan,Bawang Putih Honan,kg,04/02/2026,0
Jawa Tengah,Kota Tegal,Beras Medium,kg,04/02/2026,13000
Jawa Tengah,Kota Tegal,Beras Premium,kg,04/02/2026,14900
Jawa Tengah,Kota Tegal,Gula Pasir Curah,kg,04/02/2026,17167
Jawa Tengah,Kota Tegal,Minyak Goreng Sawit Kemasan Premium,lt,04/02/2026,21500
Jawa Tengah,Kota Tegal,Minyak Goreng Sawit Curah,lt,04/02/2026,17200
Jawa Tengah,Kota Tegal,Minyakita,lt,04/02/2026,15700
Jawa Tengah,Kota Tegal,Daging Sapi Paha Belakang,kg,04/02/2026,140000
Jawa Tengah,Kota Tegal,Daging Ayam Ras,kg,04/02/2026,38000
Jawa Tengah,Kota Tegal,Telur Ayam Ras,kg,04/02/2026,27833
Jawa Tengah,Kota Tegal,Tepung Terigu,kg,04/02/2026,11833
Jawa Tengah,Kota Tegal,Kedelai Impor,kg,04/02/2026,10500
Jawa Tengah,Kota Tegal,Cabai Merah Keriting,kg,04/02/2026,35000
Jawa Tengah,Kota Tegal,Cabai Rawit Merah,kg,04/02/2026,73333
Jawa Tengah,Kota Tegal,Cabai Merah Besar,kg,04/02/2026,29333
Jawa Tengah,Kota Tegal,Bawang Merah,kg,04/02/2026,38333
Jawa Tengah,Kota Tegal,Bawang Putih Honan,kg,04/02/2026,34667
Jawa Tengah,Kab. Cilacap,Beras Medium,kg,05/02/2026,13500
Jawa Tengah,Kab. Cilacap,Beras Premium,kg,05/02/2026,14500
Jawa Tengah,Kab. Cilacap,Gula Pasir Curah,kg,05/02/2026,17333
Jawa Tengah,Kab. Cilacap,Minyak Goreng Sawit Kemasan Premium,lt,05/02/2026,22000
Jawa Tengah,Kab. Cilacap,Minyak Goreng Sawit Curah,lt,05/02/2026,18000
Jawa Tengah,Kab. Cilacap,Minyakita,lt,05/02/2026,17167
Jawa Tengah,Kab. Cilacap,Daging Sapi Paha Belakang,kg,05/02/2026,135000
Jawa Tengah,Kab. Cilacap,Daging Ayam Ras,kg,05/02/2026,38667
Jawa Tengah,Kab. Cilacap,Telur Ayam Ras,kg,05/02/2026,26333
Jawa Tengah,Kab. Cilacap,Tepung Terigu,kg,05/02/2026,12000
Jawa Tengah,Kab. Cilacap,Kedelai Impor,kg,05/02/2026,11667
Jawa Tengah,Kab. Cilacap,Cabai Merah Keriting,kg,05/02/2026,30000
Jawa Tengah,Kab. Cilacap,Cabai Rawit Merah,kg,05/02/2026,65333
Jawa Tengah,Kab. Cilacap,Cabai Merah Besar,kg,05/02/2026,26667
Jawa Tengah,Kab. Cilacap,Bawang Merah,kg,05/02/2026,37000
Jawa Tengah,Kab. Cilacap,Bawang Putih Honan,kg,05/02/2026,35000
Jawa Tengah,Kab. Banyumas,Beras Medium,kg,05/02/2026,13250
Jawa Tengah,Kab. Banyumas,Beras Premium,kg,05/02/2026,14900
Jawa Tengah,Kab. Banyumas,Gula Pasir Curah,kg,05/02/2026,16667
Jawa Tengah,Kab. Banyumas,Minyak Goreng Sawit Kemasan Premium,lt,05/02/2026,21000
Jawa Tengah,Kab. Banyumas,Minyak Goreng Sawit Curah,lt,05/02/2026,17100
Jawa Tengah,Kab. Banyumas,Minyakita,lt,05/02/2026,15700
Jawa Tengah,Kab. Banyumas,Daging Sapi Paha Belakang,kg,05/02/2026,133333
Jawa Tengah,Kab. Banyumas,Daging Ayam Ras,kg,05/02/2026,37333
Jawa Tengah,Kab. Banyumas,Telur Ayam Ras,kg,05/02/2026,27667
Jawa Tengah,Kab. Banyumas,Tepung Terigu,kg,05/02/2026,11500
Jawa Tengah,Kab. Banyumas,Kedelai Impor,kg,05/02/2026,10000
Jawa Tengah,Kab. Banyumas,Cabai Merah Keriting,kg,05/02/2026,28667
Jawa Tengah,Kab. Banyumas,Cabai Rawit Merah,kg,05/02/2026,67333
Jawa Tengah,Kab. Banyumas,Cabai Merah Besar,kg,05/02/2026,25000
Jawa Tengah,Kab. Banyumas,Bawang Merah,kg,05/02/2026,41333
Jawa Tengah,Kab. Banyumas,Bawang Putih Honan,kg,05/02/2026,32667
Jawa Tengah,Kab. Purbalingga,Beras Medium,kg,05/02/2026,13000
Jawa Tengah,Kab. Purbalingga,Beras Premium,kg,05/02/2026,14200
Jawa Tengah,Kab. Purbalingga,Gula Pasir Curah,kg,05/02/2026,17200
Jawa Tengah,Kab. Purbalingga,Minyak Goreng Sawit Kemasan Premium,lt,05/02/2026,21000
Jawa Tengah,Kab. Purbalingga,Minyak Goreng Sawit Curah,lt,05/02/2026,17550
Jawa Tengah,Kab. Purbalingga,Minyakita,lt,05/02/2026,16000
Jawa Tengah,Kab. Purbalingga,Daging Sapi Paha Belakang,kg,05/02/2026,135000
Jawa Tengah,Kab. Purbalingga,Daging Ayam Ras,kg,05/02/2026,38000
Jawa Tengah,Kab. Purbalingga,Telur Ayam Ras,kg,05/02/2026,28000
Jawa Tengah,Kab. Purbalingga,Tepung Terigu,kg,05/02/2026,12000
Jawa Tengah,Kab. Purbalingga,Kedelai Impor,kg,05/02/2026,9800
Jawa Tengah,Kab. Purbalingga,Cabai Merah Keriting,kg,05/02/2026,30000
Jawa Tengah,Kab. Purbalingga,Cabai Rawit Merah,kg,05/02/2026,70000
Jawa Tengah,Kab. Purbalingga,Cabai Merah Besar,kg,05/02/2026,25000
Jawa Tengah,Kab. Purbalingga,Bawang Merah,kg,05/02/2026,41000
Jawa Tengah,Kab. Purbalingga,Bawang Putih Honan,kg,05/02/2026,33000
Jawa Tengah,Kab. Banjarnegara,Beras Medium,kg,05/02/2026,13333
Jawa Tengah,Kab. Banjarnegara,Beras Premium,kg,05/02/2026,14533
Jawa Tengah,Kab. Banjarnegara,Gula Pasir Curah,kg,05/02/2026,16833
Jawa Tengah,Kab. Banjarnegara,Minyak Goreng Sawit Kemasan Premium,lt,05/02/2026,20666
Jawa Tengah,Kab. Banjarnegara,Minyak Goreng Sawit Curah,lt,05/02/2026,17550
Jawa Tengah,Kab. Banjarnegara,Minyakita,lt,05/02/2026,15700
Jawa Tengah,Kab. Banjarnegara,Daging Sapi Paha Belakang,kg,05/02/2026,135000
Jawa Tengah,Kab. Banjarnegara,Daging Ayam Ras,kg,05/02/2026,35000
Jawa Tengah,Kab. Banjarnegara,Telur Ayam Ras,kg,05/02/2026,27000
Jawa Tengah,Kab. Banjarnegara,Tepung Terigu,kg,05/02/2026,11666
Jawa Tengah,Kab. Banjarnegara,Kedelai Impor,kg,05/02/2026,10366
Jawa Tengah,Kab. Banjarnegara,Cabai Merah Keriting,kg,05/02/2026,33333
Jawa Tengah,Kab. Banjarnegara,Cabai Rawit Merah,kg,05/02/2026,70000
Jawa Tengah,Kab. Banjarnegara,Cabai Merah Besar,kg,05/02/2026,0
Jawa Tengah,Kab. Banjarnegara,Bawang Merah,kg,05/02/2026,36666
Jawa Tengah,Kab. Banjarnegara,Bawang Putih Honan,kg,05/02/2026,33666
Jawa Tengah,Kab. Kebumen,Beras Medium,kg,05/02/2026,12250
Jawa Tengah,Kab. Kebumen,Beras Premium,kg,05/02/2026,14450
Jawa Tengah,Kab. Kebumen,Gula Pasir Curah,kg,05/02/2026,16000
Jawa Tengah,Kab. Kebumen,Minyak Goreng Sawit Kemasan Premium,lt,05/02/2026,20500
Jawa Tengah,Kab. Kebumen,Minyak Goreng Sawit Curah,lt,05/02/2026,17500
Jawa Tengah,Kab. Kebumen,Minyakita,lt,05/02/2026,15700
Jawa Tengah,Kab. Kebumen,Daging Sapi Paha Belakang,kg,05/02/2026,120000
Jawa Tengah,Kab. Kebumen,Daging Ayam Ras,kg,05/02/2026,33000
Jawa Tengah,Kab. Kebumen,Telur Ayam Ras,kg,05/02/2026,27500
Jawa Tengah,Kab. Kebumen,Tepung Terigu,kg,05/02/2026,11000
Jawa Tengah,Kab. Kebumen,Kedelai Impor,kg,05/02/2026,9500
Jawa Tengah,Kab. Kebumen,Cabai Merah Keriting,kg,05/02/2026,30667
Jawa Tengah,Kab. Kebumen,Cabai Rawit Merah,kg,05/02/2026,39000
Jawa Tengah,Kab. Kebumen,Cabai Merah Besar,kg,05/02/2026,31667
Jawa Tengah,Kab. Kebumen,Bawang Merah,kg,05/02/2026,35000
Jawa Tengah,Kab. Kebumen,Bawang Putih Honan,kg,05/02/2026,0
Jawa Tengah,Kab. Purworejo,Beras Medium,kg,05/02/2026,12800
Jawa Tengah,Kab. Purworejo,Beras Premium,kg,05/02/2026,14500
Jawa Tengah,Kab. Purworejo,Gula Pasir Curah,kg,05/02/2026,17167
Jawa Tengah,Kab. Purworejo,Minyak Goreng Sawit Kemasan Premium,lt,05/02/2026,20333
Jawa Tengah,Kab. Purworejo,Minyak Goreng Sawit Curah,lt,05/02/2026,17400
Jawa Tengah,Kab. Purworejo,Minyakita,lt,05/02/2026,16300
Jawa Tengah,Kab. Purworejo,Daging Sapi Paha Belakang,kg,05/02/2026,135500
Jawa Tengah,Kab. Purworejo,Daging Ayam Ras,kg,05/02/2026,37000
Jawa Tengah,Kab. Purworejo,Telur Ayam Ras,kg,05/02/2026,29100
Jawa Tengah,Kab. Purworejo,Tepung Terigu,kg,05/02/2026,11333
Jawa Tengah,Kab. Purworejo,Kedelai Impor,kg,05/02/2026,11500
Jawa Tengah,Kab. Purworejo,Cabai Merah Keriting,kg,05/02/2026,31667
Jawa Tengah,Kab. Purworejo,Cabai Rawit Merah,kg,05/02/2026,54667
Jawa Tengah,Kab. Purworejo,Cabai Merah Besar,kg,05/02/2026,33000
Jawa Tengah,Kab. Purworejo,Bawang Merah,kg,05/02/2026,39667
Jawa Tengah,Kab. Purworejo,Bawang Putih Honan,kg,05/02/2026,34333
Jawa Tengah,Kab. Wonosobo,Beras Medium,kg,05/02/2026,13000
Jawa Tengah,Kab. Wonosobo,Beras Premium,kg,05/02/2026,14867
Jawa Tengah,Kab. Wonosobo,Gula Pasir Curah,kg,05/02/2026,16933
Jawa Tengah,Kab. Wonosobo,Minyak Goreng Sawit Kemasan Premium,lt,05/02/2026,21500
Jawa Tengah,Kab. Wonosobo,Minyak Goreng Sawit Curah,lt,05/02/2026,16543
Jawa Tengah,Kab. Wonosobo,Minyakita,lt,05/02/2026,15700
Jawa Tengah,Kab. Wonosobo,Daging Sapi Paha Belakang,kg,05/02/2026,135000
Jawa Tengah,Kab. Wonosobo,Daging Ayam Ras,kg,05/02/2026,35333
Jawa Tengah,Kab. Wonosobo,Telur Ayam Ras,kg,05/02/2026,26667
Jawa Tengah,Kab. Wonosobo,Tepung Terigu,kg,05/02/2026,11500
Jawa Tengah,Kab. Wonosobo,Kedelai Impor,kg,05/02/2026,9400
Jawa Tengah,Kab. Wonosobo,Cabai Merah Keriting,kg,05/02/2026,35000
Jawa Tengah,Kab. Wonosobo,Cabai Rawit Merah,kg,05/02/2026,51667
Jawa Tengah,Kab. Wonosobo,Cabai Merah Besar,kg,05/02/2026,0
Jawa Tengah,Kab. Wonosobo,Bawang Merah,kg,05/02/2026,35000
Jawa Tengah,Kab. Wonosobo,Bawang Putih Honan,kg,05/02/2026,35000
Jawa Tengah,Kab. Magelang,Beras Medium,kg,05/02/2026,13400
Jawa Tengah,Kab. Magelang,Beras Premium,kg,05/02/2026,14900
Jawa Tengah,Kab. Magelang,Gula Pasir Curah,kg,05/02/2026,17000
Jawa Tengah,Kab. Magelang,Minyak Goreng Sawit Kemasan Premium,lt,05/02/2026,20000
Jawa Tengah,Kab. Magelang,Minyak Goreng Sawit Curah,lt,05/02/2026,17800
Jawa Tengah,Kab. Magelang,Minyakita,lt,05/02/2026,15700
Jawa Tengah,Kab. Magelang,Daging Sapi Paha Belakang,kg,05/02/2026,138000
Jawa Tengah,Kab. Magelang,Daging Ayam Ras,kg,05/02/2026,34000
Jawa Tengah,Kab. Magelang,Telur Ayam Ras,kg,05/02/2026,27000
Jawa Tengah,Kab. Magelang,Tepung Terigu,kg,05/02/2026,11500
Jawa Tengah,Kab. Magelang,Kedelai Impor,kg,05/02/2026,11700
Jawa Tengah,Kab. Magelang,Cabai Merah Keriting,kg,05/02/2026,30000
Jawa Tengah,Kab. Magelang,Cabai Rawit Merah,kg,05/02/2026,57000
Jawa Tengah,Kab. Magelang,Cabai Merah Besar,kg,05/02/2026,40000
Jawa Tengah,Kab. Magelang,Bawang Merah,kg,05/02/2026,38000
Jawa Tengah,Kab. Magelang,Bawang Putih Honan,kg,05/02/2026,34000
Jawa Tengah,Kab. Boyolali,Beras Medium,kg,05/02/2026,13000
Jawa Tengah,Kab. Boyolali,Beras Premium,kg,05/02/2026,14867
Jawa Tengah,Kab. Boyolali,Gula Pasir Curah,kg,05/02/2026,16500
Jawa Tengah,Kab. Boyolali,Minyak Goreng Sawit Kemasan Premium,lt,05/02/2026,21000
Jawa Tengah,Kab. Boyolali,Minyak Goreng Sawit Curah,lt,05/02/2026,17500
Jawa Tengah,Kab. Boyolali,Minyakita,lt,05/02/2026,15700
Jawa Tengah,Kab. Boyolali,Daging Sapi Paha Belakang,kg,05/02/2026,130000
Jawa Tengah,Kab. Boyolali,Daging Ayam Ras,kg,05/02/2026,37000
Jawa Tengah,Kab. Boyolali,Telur Ayam Ras,kg,05/02/2026,27000
Jawa Tengah,Kab. Boyolali,Tepung Terigu,kg,05/02/2026,11667
Jawa Tengah,Kab. Boyolali,Kedelai Impor,kg,05/02/2026,0
Jawa Tengah,Kab. Boyolali,Cabai Merah Keriting,kg,05/02/2026,40000
Jawa Tengah,Kab. Boyolali,Cabai Rawit Merah,kg,05/02/2026,63333
Jawa Tengah,Kab. Boyolali,Cabai Merah Besar,kg,05/02/2026,46667
Jawa Tengah,Kab. Boyolali,Bawang Merah,kg,05/02/2026,38667
Jawa Tengah,Kab. Boyolali,Bawang Putih Honan,kg,05/02/2026,33000
Jawa Tengah,Kab. Klaten,Beras Medium,kg,05/02/2026,13500
Jawa Tengah,Kab. Klaten,Beras Premium,kg,05/02/2026,14900
Jawa Tengah,Kab. Klaten,Gula Pasir Curah,kg,05/02/2026,17500
Jawa Tengah,Kab. Klaten,Minyak Goreng Sawit Kemasan Premium,lt,05/02/2026,21000
Jawa Tengah,Kab. Klaten,Minyak Goreng Sawit Curah,lt,05/02/2026,17833
Jawa Tengah,Kab. Klaten,Minyakita,lt,05/02/2026,15700
Jawa Tengah,Kab. Klaten,Daging Sapi Paha Belakang,kg,05/02/2026,122500
Jawa Tengah,Kab. Klaten,Daging Ayam Ras,kg,05/02/2026,34667
Jawa Tengah,Kab. Klaten,Telur Ayam Ras,kg,05/02/2026,27667
Jawa Tengah,Kab. Klaten,Tepung Terigu,kg,05/02/2026,11333
Jawa Tengah,Kab. Klaten,Kedelai Impor,kg,05/02/2026,10333
Jawa Tengah,Kab. Klaten,Cabai Merah Keriting,kg,05/02/2026,27667
Jawa Tengah,Kab. Klaten,Cabai Rawit Merah,kg,05/02/2026,63000
Jawa Tengah,Kab. Klaten,Cabai Merah Besar,kg,05/02/2026,40000
Jawa Tengah,Kab. Klaten,Bawang Merah,kg,05/02/2026,40000
Jawa Tengah,Kab. Klaten,Bawang Putih Honan,kg,05/02/2026,30667
Jawa Tengah,Kab. Sukoharjo,Beras Medium,kg,05/02/2026,13000
Jawa Tengah,Kab. Sukoharjo,Beras Premium,kg,05/02/2026,14500
Jawa Tengah,Kab. Sukoharjo,Gula Pasir Curah,kg,05/02/2026,17000
Jawa Tengah,Kab. Sukoharjo,Minyak Goreng Sawit Kemasan Premium,lt,05/02/2026,20667
Jawa Tengah,Kab. Sukoharjo,Minyak Goreng Sawit Curah,lt,05/02/2026,17000
Jawa Tengah,Kab. Sukoharjo,Minyakita,lt,05/02/2026,15700
Jawa Tengah,Kab. Sukoharjo,Daging Sapi Paha Belakang,kg,05/02/2026,125000
Jawa Tengah,Kab. Sukoharjo,Daging Ayam Ras,kg,05/02/2026,38667
Jawa Tengah,Kab. Sukoharjo,Telur Ayam Ras,kg,05/02/2026,26000
Jawa Tengah,Kab. Sukoharjo,Tepung Terigu,kg,05/02/2026,12000
Jawa Tengah,Kab. Sukoharjo,Kedelai Impor,kg,05/02/2026,10000
Jawa Tengah,Kab. Sukoharjo,Cabai Merah Keriting,kg,05/02/2026,31667
Jawa Tengah,Kab. Sukoharjo,Cabai Rawit Merah,kg,05/02/2026,76000
Jawa Tengah,Kab. Sukoharjo,Cabai Merah Besar,kg,05/02/2026,29333
Jawa Tengah,Kab. Sukoharjo,Bawang Merah,kg,05/02/2026,35000
Jawa Tengah,Kab. Sukoharjo,Bawang Putih Honan,kg,05/02/2026,33000
Jawa Tengah,Kab. Wonogiri,Beras Medium,kg,05/02/2026,13583
Jawa Tengah,Kab. Wonogiri,Beras Premium,kg,05/02/2026,14417
Jawa Tengah,Kab. Wonogiri,Gula Pasir Curah,kg,05/02/2026,17000
Jawa Tengah,Kab. Wonogiri,Minyak Goreng Sawit Kemasan Premium,lt,05/02/2026,21000
Jawa Tengah,Kab. Wonogiri,Minyak Goreng Sawit Curah,lt,05/02/2026,19700
Jawa Tengah,Kab. Wonogiri,Minyakita,lt,05/02/2026,15700
Jawa Tengah,Kab. Wonogiri,Daging Sapi Paha Belakang,kg,05/02/2026,130000
Jawa Tengah,Kab. Wonogiri,Daging Ayam Ras,kg,05/02/2026,38000
Jawa Tengah,Kab. Wonogiri,Telur Ayam Ras,kg,05/02/2026,27667
Jawa Tengah,Kab. Wonogiri,Tepung Terigu,kg,05/02/2026,11833
Jawa Tengah,Kab. Wonogiri,Kedelai Impor,kg,05/02/2026,11000
Jawa Tengah,Kab. Wonogiri,Cabai Merah Keriting,kg,05/02/2026,30667
Jawa Tengah,Kab. Wonogiri,Cabai Rawit Merah,kg,05/02/2026,82000
Jawa Tengah,Kab. Wonogiri,Cabai Merah Besar,kg,05/02/2026,25333
Jawa Tengah,Kab. Wonogiri,Bawang Merah,kg,05/02/2026,36667
Jawa Tengah,Kab. Wonogiri,Bawang Putih Honan,kg,05/02/2026,0
Jawa Tengah,Kab. Karanganyar,Beras Medium,kg,05/02/2026,13000
Jawa Tengah,Kab. Karanganyar,Beras Premium,kg,05/02/2026,14833
Jawa Tengah,Kab. Karanganyar,Gula Pasir Curah,kg,05/02/2026,16833
Jawa Tengah,Kab. Karanganyar,Minyak Goreng Sawit Kemasan Premium,lt,05/02/2026,20333
Jawa Tengah,Kab. Karanganyar,Minyak Goreng Sawit Curah,lt,05/02/2026,19000
Jawa Tengah,Kab. Karanganyar,Minyakita,lt,05/02/2026,15500
Jawa Tengah,Kab. Karanganyar,Daging Sapi Paha Belakang,kg,05/02/2026,125000
Jawa Tengah,Kab. Karanganyar,Daging Ayam Ras,kg,05/02/2026,40000
Jawa Tengah,Kab. Karanganyar,Telur Ayam Ras,kg,05/02/2026,27000
Jawa Tengah,Kab. Karanganyar,Tepung Terigu,kg,05/02/2026,12000
Jawa Tengah,Kab. Karanganyar,Kedelai Impor,kg,05/02/2026,9600
Jawa Tengah,Kab. Karanganyar,Cabai Merah Keriting,kg,05/02/2026,34000
Jawa Tengah,Kab. Karanganyar,Cabai Rawit Merah,kg,05/02/2026,75000
Jawa Tengah,Kab. Karanganyar,Cabai Merah Besar,kg,05/02/2026,25000
Jawa Tengah,Kab. Karanganyar,Bawang Merah,kg,05/02/2026,35000
Jawa Tengah,Kab. Karanganyar,Bawang Putih Honan,kg,05/02/2026,30000
Jawa Tengah,Kab. Sragen,Beras Medium,kg,05/02/2026,13250
Jawa Tengah,Kab. Sragen,Beras Premium,kg,05/02/2026,14250
Jawa Tengah,Kab. Sragen,Gula Pasir Curah,kg,05/02/2026,16750
Jawa Tengah,Kab. Sragen,Minyak Goreng Sawit Kemasan Premium,lt,05/02/2026,19750
Jawa Tengah,Kab. Sragen,Minyak Goreng Sawit Curah,lt,05/02/2026,18800
Jawa Tengah,Kab. Sragen,Minyakita,lt,05/02/2026,15700
Jawa Tengah,Kab. Sragen,Daging Sapi Paha Belakang,kg,05/02/2026,120000
Jawa Tengah,Kab. Sragen,Daging Ayam Ras,kg,05/02/2026,39000
Jawa Tengah,Kab. Sragen,Telur Ayam Ras,kg,05/02/2026,28000
Jawa Tengah,Kab. Sragen,Tepung Terigu,kg,05/02/2026,12000
Jawa Tengah,Kab. Sragen,Kedelai Impor,kg,05/02/2026,9600
Jawa Tengah,Kab. Sragen,Cabai Merah Keriting,kg,05/02/2026,29000
Jawa Tengah,Kab. Sragen,Cabai Rawit Merah,kg,05/02/2026,80000
Jawa Tengah,Kab. Sragen,Cabai Merah Besar,kg,05/02/2026,22000
Jawa Tengah,Kab. Sragen,Bawang Merah,kg,05/02/2026,35000
Jawa Tengah,Kab. Sragen,Bawang Putih Honan,kg,05/02/2026,32000
Jawa Tengah,Kab. Grobogan,Beras Medium,kg,05/02/2026,13250
Jawa Tengah,Kab. Grobogan,Beras Premium,kg,05/02/2026,14825
Jawa Tengah,Kab. Grobogan,Gula Pasir Curah,kg,05/02/2026,17000
Jawa Tengah,Kab. Grobogan,Minyak Goreng Sawit Kemasan Premium,lt,05/02/2026,19000
Jawa Tengah,Kab. Grobogan,Minyak Goreng Sawit Curah,lt,05/02/2026,16000
Jawa Tengah,Kab. Grobogan,Minyakita,lt,05/02/2026,15700
Jawa Tengah,Kab. Grobogan,Daging Sapi Paha Belakang,kg,05/02/2026,130000
Jawa Tengah,Kab. Grobogan,Daging Ayam Ras,kg,05/02/2026,38000
Jawa Tengah,Kab. Grobogan,Telur Ayam Ras,kg,05/02/2026,28000
Jawa Tengah,Kab. Grobogan,Tepung Terigu,kg,05/02/2026,10500
Jawa Tengah,Kab. Grobogan,Kedelai Impor,kg,05/02/2026,11000
Jawa Tengah,Kab. Grobogan,Cabai Merah Keriting,kg,05/02/2026,29000
Jawa Tengah,Kab. Grobogan,Cabai Rawit Merah,kg,05/02/2026,47500
Jawa Tengah,Kab. Grobogan,Cabai Merah Besar,kg,05/02/2026,50000
Jawa Tengah,Kab. Grobogan,Bawang Merah,kg,05/02/2026,33500
Jawa Tengah,Kab. Grobogan,Bawang Putih Honan,kg,05/02/2026,31500
Jawa Tengah,Kab. Blora,Beras Medium,kg,05/02/2026,0
Jawa Tengah,Kab. Blora,Beras Premium,kg,05/02/2026,0
Jawa Tengah,Kab. Blora,Gula Pasir Curah,kg,05/02/2026,0
Jawa Tengah,Kab. Blora,Minyak Goreng Sawit Kemasan Premium,lt,05/02/2026,0
Jawa Tengah,Kab. Blora,Minyak Goreng Sawit Curah,lt,05/02/2026,0
Jawa Tengah,Kab. Blora,Minyakita,lt,05/02/2026,0
Jawa Tengah,Kab. Blora,Daging Sapi Paha Belakang,kg,05/02/2026,0
Jawa Tengah,Kab. Blora,Daging Ayam Ras,kg,05/02/2026,0
Jawa Tengah,Kab. Blora,Telur Ayam Ras,kg,05/02/2026,0
Jawa Tengah,Kab. Blora,Tepung Terigu,kg,05/02/2026,0
Jawa Tengah,Kab. Blora,Kedelai Impor,kg,05/02/2026,0
Jawa Tengah,Kab. Blora,Cabai Merah Keriting,kg,05/02/2026,0
Jawa Tengah,Kab. Blora,Cabai Rawit Merah,kg,05/02/2026,0
Jawa Tengah,Kab. Blora,Cabai Merah Besar,kg,05/02/2026,0
Jawa Tengah,Kab. Blora,Bawang Merah,kg,05/02/2026,0
Jawa Tengah,Kab. Blora,Bawang Putih Honan,kg,05/02/2026,0
Jawa Tengah,Kab. Rembang,Beras Medium,kg,05/02/2026,13333
Jawa Tengah,Kab. Rembang,Beras Premium,kg,05/02/2026,14900
Jawa Tengah,Kab. Rembang,Gula Pasir Curah,kg,05/02/2026,16333
Jawa Tengah,Kab. Rembang,Minyak Goreng Sawit Kemasan Premium,lt,05/02/2026,21000
Jawa Tengah,Kab. Rembang,Minyak Goreng Sawit Curah,lt,05/02/2026,18822
Jawa Tengah,Kab. Rembang,Minyakita,lt,05/02/2026,15633
Jawa Tengah,Kab. Rembang,Daging Sapi Paha Belakang,kg,05/02/2026,125000
Jawa Tengah,Kab. Rembang,Daging Ayam Ras,kg,05/02/2026,37667
Jawa Tengah,Kab. Rembang,Telur Ayam Ras,kg,05/02/2026,29000
Jawa Tengah,Kab. Rembang,Tepung Terigu,kg,05/02/2026,11500
Jawa Tengah,Kab. Rembang,Kedelai Impor,kg,05/02/2026,11167
Jawa Tengah,Kab. Rembang,Cabai Merah Keriting,kg,05/02/2026,27667
Jawa Tengah,Kab. Rembang,Cabai Rawit Merah,kg,05/02/2026,70000
Jawa Tengah,Kab. Rembang,Cabai Merah Besar,kg,05/02/2026,58333
Jawa Tengah,Kab. Rembang,Bawang Merah,kg,05/02/2026,37667
Jawa Tengah,Kab. Rembang,Bawang Putih Honan,kg,05/02/2026,34000
Jawa Tengah,Kab. Pati,Beras Medium,kg,05/02/2026,13500
Jawa Tengah,Kab. Pati,Beras Premium,kg,05/02/2026,14650
Jawa Tengah,Kab. Pati,Gula Pasir Curah,kg,05/02/2026,17000
Jawa Tengah,Kab. Pati,Minyak Goreng Sawit Kemasan Premium,lt,05/02/2026,20000
Jawa Tengah,Kab. Pati,Minyak Goreng Sawit Curah,lt,05/02/2026,18000
Jawa Tengah,Kab. Pati,Minyakita,lt,05/02/2026,15700
Jawa Tengah,Kab. Pati,Daging Sapi Paha Belakang,kg,05/02/2026,120000
Jawa Tengah,Kab. Pati,Daging Ayam Ras,kg,05/02/2026,38000
Jawa Tengah,Kab. Pati,Telur Ayam Ras,kg,05/02/2026,28000
Jawa Tengah,Kab. Pati,Tepung Terigu,kg,05/02/2026,12500
Jawa Tengah,Kab. Pati,Kedelai Impor,kg,05/02/2026,10500
Jawa Tengah,Kab. Pati,Cabai Merah Keriting,kg,05/02/2026,30000
Jawa Tengah,Kab. Pati,Cabai Rawit Merah,kg,05/02/2026,65000
Jawa Tengah,Kab. Pati,Cabai Merah Besar,kg,05/02/2026,50000
Jawa Tengah,Kab. Pati,Bawang Merah,kg,05/02/2026,30000
Jawa Tengah,Kab. Pati,Bawang Putih Honan,kg,05/02/2026,32000
Jawa Tengah,Kab. Kudus,Beras Medium,kg,05/02/2026,13500
Jawa Tengah,Kab. Kudus,Beras Premium,kg,05/02/2026,14900
Jawa Tengah,Kab. Kudus,Gula Pasir Curah,kg,05/02/2026,16500
Jawa Tengah,Kab. Kudus,Minyak Goreng Sawit Kemasan Premium,lt,05/02/2026,20000
Jawa Tengah,Kab. Kudus,Minyak Goreng Sawit Curah,lt,05/02/2026,17000
Jawa Tengah,Kab. Kudus,Minyakita,lt,05/02/2026,15700
Jawa Tengah,Kab. Kudus,Daging Sapi Paha Belakang,kg,05/02/2026,125000
Jawa Tengah,Kab. Kudus,Daging Ayam Ras,kg,05/02/2026,36000
Jawa Tengah,Kab. Kudus,Telur Ayam Ras,kg,05/02/2026,29000
Jawa Tengah,Kab. Kudus,Tepung Terigu,kg,05/02/2026,12000
Jawa Tengah,Kab. Kudus,Kedelai Impor,kg,05/02/2026,11500
Jawa Tengah,Kab. Kudus,Cabai Merah Keriting,kg,05/02/2026,30000
Jawa Tengah,Kab. Kudus,Cabai Rawit Merah,kg,05/02/2026,65000
Jawa Tengah,Kab. Kudus,Cabai Merah Besar,kg,05/02/2026,40000
Jawa Tengah,Kab. Kudus,Bawang Merah,kg,05/02/2026,38000
Jawa Tengah,Kab. Kudus,Bawang Putih Honan,kg,05/02/2026,0
Jawa Tengah,Kab. Jepara,Beras Medium,kg,05/02/2026,13000
Jawa Tengah,Kab. Jepara,Beras Premium,kg,05/02/2026,14900
Jawa Tengah,Kab. Jepara,Gula Pasir Curah,kg,05/02/2026,16500
Jawa Tengah,Kab. Jepara,Minyak Goreng Sawit Kemasan Premium,lt,05/02/2026,21000
Jawa Tengah,Kab. Jepara,Minyak Goreng Sawit Curah,lt,05/02/2026,17500
Jawa Tengah,Kab. Jepara,Minyakita,lt,05/02/2026,15700
Jawa Tengah,Kab. Jepara,Daging Sapi Paha Belakang,kg,05/02/2026,130000
Jawa Tengah,Kab. Jepara,Daging Ayam Ras,kg,05/02/2026,37000
Jawa Tengah,Kab. Jepara,Telur Ayam Ras,kg,05/02/2026,27500
Jawa Tengah,Kab. Jepara,Tepung Terigu,kg,05/02/2026,12000
Jawa Tengah,Kab. Jepara,Kedelai Impor,kg,05/02/2026,10500
Jawa Tengah,Kab. Jepara,Cabai Merah Keriting,kg,05/02/2026,30000
Jawa Tengah,Kab. Jepara,Cabai Rawit Merah,kg,05/02/2026,58000
Jawa Tengah,Kab. Jepara,Cabai Merah Besar,kg,05/02/2026,35000
Jawa Tengah,Kab. Jepara,Bawang Merah,kg,05/02/2026,35000
Jawa Tengah,Kab. Jepara,Bawang Putih Honan,kg,05/02/2026,32000
Jawa Tengah,Kab. Demak,Beras Medium,kg,05/02/2026,12800
Jawa Tengah,Kab. Demak,Beras Premium,kg,05/02/2026,14250
Jawa Tengah,Kab. Demak,Gula Pasir Curah,kg,05/02/2026,16500
Jawa Tengah,Kab. Demak,Minyak Goreng Sawit Kemasan Premium,lt,05/02/2026,20250
Jawa Tengah,Kab. Demak,Minyak Goreng Sawit Curah,lt,05/02/2026,16167
Jawa Tengah,Kab. Demak,Minyakita,lt,05/02/2026,15300
Jawa Tengah,Kab. Demak,Daging Sapi Paha Belakang,kg,05/02/2026,130000
Jawa Tengah,Kab. Demak,Daging Ayam Ras,kg,05/02/2026,35000
Jawa Tengah,Kab. Demak,Telur Ayam Ras,kg,05/02/2026,27500
Jawa Tengah,Kab. Demak,Tepung Terigu,kg,05/02/2026,11250
Jawa Tengah,Kab. Demak,Kedelai Impor,kg,05/02/2026,10000
Jawa Tengah,Kab. Demak,Cabai Merah Keriting,kg,05/02/2026,28667
Jawa Tengah,Kab. Demak,Cabai Rawit Merah,kg,05/02/2026,32667
Jawa Tengah,Kab. Demak,Cabai Merah Besar,kg,05/02/2026,33333
Jawa Tengah,Kab. Demak,Bawang Merah,kg,05/02/2026,33667
Jawa Tengah,Kab. Demak,Bawang Putih Honan,kg,05/02/2026,30000
Jawa Tengah,Kab. Semarang,Beras Medium,kg,05/02/2026,13500
Jawa Tengah,Kab. Semarang,Beras Premium,kg,05/02/2026,15050
Jawa Tengah,Kab. Semarang,Gula Pasir Curah,kg,05/02/2026,17083
Jawa Tengah,Kab. Semarang,Minyak Goreng Sawit Kemasan Premium,lt,05/02/2026,21500
Jawa Tengah,Kab. Semarang,Minyak Goreng Sawit Curah,lt,05/02/2026,17800
Jawa Tengah,Kab. Semarang,Minyakita,lt,05/02/2026,15600
Jawa Tengah,Kab. Semarang,Daging Sapi Paha Belakang,kg,05/02/2026,136667
Jawa Tengah,Kab. Semarang,Daging Ayam Ras,kg,05/02/2026,34500
Jawa Tengah,Kab. Semarang,Telur Ayam Ras,kg,05/02/2026,26833
Jawa Tengah,Kab. Semarang,Tepung Terigu,kg,05/02/2026,12000
Jawa Tengah,Kab. Semarang,Kedelai Impor,kg,05/02/2026,9650
Jawa Tengah,Kab. Semarang,Cabai Merah Keriting,kg,05/02/2026,38333
Jawa Tengah,Kab. Semarang,Cabai Rawit Merah,kg,05/02/2026,60000
Jawa Tengah,Kab. Semarang,Cabai Merah Besar,kg,05/02/2026,40833
Jawa Tengah,Kab. Semarang,Bawang Merah,kg,05/02/2026,39333
Jawa Tengah,Kab. Semarang,Bawang Putih Honan,kg,05/02/2026,34000
Jawa Tengah,Kab. Temanggung,Beras Medium,kg,05/02/2026,13500
Jawa Tengah,Kab. Temanggung,Beras Premium,kg,05/02/2026,14800
Jawa Tengah,Kab. Temanggung,Gula Pasir Curah,kg,05/02/2026,16750
Jawa Tengah,Kab. Temanggung,Minyak Goreng Sawit Kemasan Premium,lt,05/02/2026,19000
Jawa Tengah,Kab. Temanggung,Minyak Goreng Sawit Curah,lt,05/02/2026,19000
Jawa Tengah,Kab. Temanggung,Minyakita,lt,05/02/2026,15700
Jawa Tengah,Kab. Temanggung,Daging Sapi Paha Belakang,kg,05/02/2026,135000
Jawa Tengah,Kab. Temanggung,Daging Ayam Ras,kg,05/02/2026,37000
Jawa Tengah,Kab. Temanggung,Telur Ayam Ras,kg,05/02/2026,28000
Jawa Tengah,Kab. Temanggung,Tepung Terigu,kg,05/02/2026,11750
Jawa Tengah,Kab. Temanggung,Kedelai Impor,kg,05/02/2026,9600
Jawa Tengah,Kab. Temanggung,Cabai Merah Keriting,kg,05/02/2026,32000
Jawa Tengah,Kab. Temanggung,Cabai Rawit Merah,kg,05/02/2026,44500
Jawa Tengah,Kab. Temanggung,Cabai Merah Besar,kg,05/02/2026,47000
Jawa Tengah,Kab. Temanggung,Bawang Merah,kg,05/02/2026,39000
Jawa Tengah,Kab. Temanggung,Bawang Putih Honan,kg,05/02/2026,35500
Jawa Tengah,Kab. Kendal,Beras Medium,kg,05/02/2026,13200
Jawa Tengah,Kab. Kendal,Beras Premium,kg,05/02/2026,14800
Jawa Tengah,Kab. Kendal,Gula Pasir Curah,kg,05/02/2026,17000
Jawa Tengah,Kab. Kendal,Minyak Goreng Sawit Kemasan Premium,lt,05/02/2026,20500
Jawa Tengah,Kab. Kendal,Minyak Goreng Sawit Curah,lt,05/02/2026,17550
Jawa Tengah,Kab. Kendal,Minyakita,lt,05/02/2026,15700
Jawa Tengah,Kab. Kendal,Daging Sapi Paha Belakang,kg,05/02/2026,135000
Jawa Tengah,Kab. Kendal,Daging Ayam Ras,kg,05/02/2026,37000
Jawa Tengah,Kab. Kendal,Telur Ayam Ras,kg,05/02/2026,27500
Jawa Tengah,Kab. Kendal,Tepung Terigu,kg,05/02/2026,11000
Jawa Tengah,Kab. Kendal,Kedelai Impor,kg,05/02/2026,9600
Jawa Tengah,Kab. Kendal,Cabai Merah Keriting,kg,05/02/2026,32000
Jawa Tengah,Kab. Kendal,Cabai Rawit Merah,kg,05/02/2026,70000
Jawa Tengah,Kab. Kendal,Cabai Merah Besar,kg,05/02/2026,40000
Jawa Tengah,Kab. Kendal,Bawang Merah,kg,05/02/2026,40000
Jawa Tengah,Kab. Kendal,Bawang Putih Honan,kg,05/02/2026,32333
Jawa Tengah,Kab. Batang,Beras Medium,kg,05/02/2026,13200
Jawa Tengah,Kab. Batang,Beras Premium,kg,05/02/2026,14700
Jawa Tengah,Kab. Batang,Gula Pasir Curah,kg,05/02/2026,16500
Jawa Tengah,Kab. Batang,Minyak Goreng Sawit Kemasan Premium,lt,05/02/2026,19500
Jawa Tengah,Kab. Batang,Minyak Goreng Sawit Curah,lt,05/02/2026,17100
Jawa Tengah,Kab. Batang,Minyakita,lt,05/02/2026,15700
Jawa Tengah,Kab. Batang,Daging Sapi Paha Belakang,kg,05/02/2026,125000
Jawa Tengah,Kab. Batang,Daging Ayam Ras,kg,05/02/2026,38000
Jawa Tengah,Kab. Batang,Telur Ayam Ras,kg,05/02/2026,28000
Jawa Tengah,Kab. Batang,Tepung Terigu,kg,05/02/2026,11500
Jawa Tengah,Kab. Batang,Kedelai Impor,kg,05/02/2026,10400
Jawa Tengah,Kab. Batang,Cabai Merah Keriting,kg,05/02/2026,30000
Jawa Tengah,Kab. Batang,Cabai Rawit Merah,kg,05/02/2026,56000
Jawa Tengah,Kab. Batang,Cabai Merah Besar,kg,05/02/2026,33000
Jawa Tengah,Kab. Batang,Bawang Merah,kg,05/02/2026,36000
Jawa Tengah,Kab. Batang,Bawang Putih Honan,kg,05/02/2026,32000
Jawa Tengah,Kab. Pekalongan,Beras Medium,kg,05/02/2026,13200
Jawa Tengah,Kab. Pekalongan,Beras Premium,kg,05/02/2026,14500
Jawa Tengah,Kab. Pekalongan,Gula Pasir Curah,kg,05/02/2026,17000
Jawa Tengah,Kab. Pekalongan,Minyak Goreng Sawit Kemasan Premium,lt,05/02/2026,21000
Jawa Tengah,Kab. Pekalongan,Minyak Goreng Sawit Curah,lt,05/02/2026,17550
Jawa Tengah,Kab. Pekalongan,Minyakita,lt,05/02/2026,15700
Jawa Tengah,Kab. Pekalongan,Daging Sapi Paha Belakang,kg,05/02/2026,135000
Jawa Tengah,Kab. Pekalongan,Daging Ayam Ras,kg,05/02/2026,40000
Jawa Tengah,Kab. Pekalongan,Telur Ayam Ras,kg,05/02/2026,28000
Jawa Tengah,Kab. Pekalongan,Tepung Terigu,kg,05/02/2026,12000
Jawa Tengah,Kab. Pekalongan,Kedelai Impor,kg,05/02/2026,9800
Jawa Tengah,Kab. Pekalongan,Cabai Merah Keriting,kg,05/02/2026,33000
Jawa Tengah,Kab. Pekalongan,Cabai Rawit Merah,kg,05/02/2026,70000
Jawa Tengah,Kab. Pekalongan,Cabai Merah Besar,kg,05/02/2026,29000
Jawa Tengah,Kab. Pekalongan,Bawang Merah,kg,05/02/2026,38000
Jawa Tengah,Kab. Pekalongan,Bawang Putih Honan,kg,05/02/2026,33000
Jawa Tengah,Kab. Pemalang,Beras Medium,kg,05/02/2026,13000
Jawa Tengah,Kab. Pemalang,Beras Premium,kg,05/02/2026,14800
Jawa Tengah,Kab. Pemalang,Gula Pasir Curah,kg,05/02/2026,17167
Jawa Tengah,Kab. Pemalang,Minyak Goreng Sawit Kemasan Premium,lt,05/02/2026,21000
Jawa Tengah,Kab. Pemalang,Minyak Goreng Sawit Curah,lt,05/02/2026,17167
Jawa Tengah,Kab. Pemalang,Minyakita,lt,05/02/2026,15700
Jawa Tengah,Kab. Pemalang,Daging Sapi Paha Belakang,kg,05/02/2026,128667
Jawa Tengah,Kab. Pemalang,Daging Ayam Ras,kg,05/02/2026,41667
Jawa Tengah,Kab. Pemalang,Telur Ayam Ras,kg,05/02/2026,29000
Jawa Tengah,Kab. Pemalang,Tepung Terigu,kg,05/02/2026,12000
Jawa Tengah,Kab. Pemalang,Kedelai Impor,kg,05/02/2026,11500
Jawa Tengah,Kab. Pemalang,Cabai Merah Keriting,kg,05/02/2026,38333
Jawa Tengah,Kab. Pemalang,Cabai Rawit Merah,kg,05/02/2026,49000
Jawa Tengah,Kab. Pemalang,Cabai Merah Besar,kg,05/02/2026,27500
Jawa Tengah,Kab. Pemalang,Bawang Merah,kg,05/02/2026,38333
Jawa Tengah,Kab. Pemalang,Bawang Putih Honan,kg,05/02/2026,34000
Jawa Tengah,Kab. Tegal,Beras Medium,kg,05/02/2026,13000
Jawa Tengah,Kab. Tegal,Beras Premium,kg,05/02/2026,14000
Jawa Tengah,Kab. Tegal,Gula Pasir Curah,kg,05/02/2026,17000
Jawa Tengah,Kab. Tegal,Minyak Goreng Sawit Kemasan Premium,lt,05/02/2026,21167
Jawa Tengah,Kab. Tegal,Minyak Goreng Sawit Curah,lt,05/02/2026,18150
Jawa Tengah,Kab. Tegal,Minyakita,lt,05/02/2026,15700
Jawa Tengah,Kab. Tegal,Daging Sapi Paha Belakang,kg,05/02/2026,140000
Jawa Tengah,Kab. Tegal,Daging Ayam Ras,kg,05/02/2026,38667
Jawa Tengah,Kab. Tegal,Telur Ayam Ras,kg,05/02/2026,26500
Jawa Tengah,Kab. Tegal,Tepung Terigu,kg,05/02/2026,11167
Jawa Tengah,Kab. Tegal,Kedelai Impor,kg,05/02/2026,9967
Jawa Tengah,Kab. Tegal,Cabai Merah Keriting,kg,05/02/2026,35000
Jawa Tengah,Kab. Tegal,Cabai Rawit Merah,kg,05/02/2026,73500
Jawa Tengah,Kab. Tegal,Cabai Merah Besar,kg,05/02/2026,26000
Jawa Tengah,Kab. Tegal,Bawang Merah,kg,05/02/2026,37000
Jawa Tengah,Kab. Tegal,Bawang Putih Honan,kg,05/02/2026,30667
Jawa Tengah,Kab. Brebes,Beras Medium,kg,05/02/2026,13333
Jawa Tengah,Kab. Brebes,Beras Premium,kg,05/02/2026,14667
Jawa Tengah,Kab. Brebes,Gula Pasir Curah,kg,05/02/2026,16667
Jawa Tengah,Kab. Brebes,Minyak Goreng Sawit Kemasan Premium,lt,05/02/2026,20333
Jawa Tengah,Kab. Brebes,Minyak Goreng Sawit Curah,lt,05/02/2026,18250
Jawa Tengah,Kab. Brebes,Minyakita,lt,05/02/2026,15700
Jawa Tengah,Kab. Brebes,Daging Sapi Paha Belakang,kg,05/02/2026,135000
Jawa Tengah,Kab. Brebes,Daging Ayam Ras,kg,05/02/2026,38500
Jawa Tengah,Kab. Brebes,Telur Ayam Ras,kg,05/02/2026,29000
Jawa Tengah,Kab. Brebes,Tepung Terigu,kg,05/02/2026,11000
Jawa Tengah,Kab. Brebes,Kedelai Impor,kg,05/02/2026,0
Jawa Tengah,Kab. Brebes,Cabai Merah Keriting,kg,05/02/2026,32000
Jawa Tengah,Kab. Brebes,Cabai Rawit Merah,kg,05/02/2026,50000
Jawa Tengah,Kab. Brebes,Cabai Merah Besar,kg,05/02/2026,29667
Jawa Tengah,Kab. Brebes,Bawang Merah,kg,05/02/2026,35000
Jawa Tengah,Kab. Brebes,Bawang Putih Honan,kg,05/02/2026,35000
Jawa Tengah,Kota Magelang,Beras Medium,kg,05/02/2026,13500
Jawa Tengah,Kota Magelang,Beras Premium,kg,05/02/2026,14833
Jawa Tengah,Kota Magelang,Gula Pasir Curah,kg,05/02/2026,16833
Jawa Tengah,Kota Magelang,Minyak Goreng Sawit Kemasan Premium,lt,05/02/2026,20333
Jawa Tengah,Kota Magelang,Minyak Goreng Sawit Curah,lt,05/02/2026,16500
Jawa Tengah,Kota Magelang,Minyakita,lt,05/02/2026,15700
Jawa Tengah,Kota Magelang,Daging Sapi Paha Belakang,kg,05/02/2026,135000
Jawa Tengah,Kota Magelang,Daging Ayam Ras,kg,05/02/2026,37333
Jawa Tengah,Kota Magelang,Telur Ayam Ras,kg,05/02/2026,27667
Jawa Tengah,Kota Magelang,Tepung Terigu,kg,05/02/2026,12000
Jawa Tengah,Kota Magelang,Kedelai Impor,kg,05/02/2026,11000
Jawa Tengah,Kota Magelang,Cabai Merah Keriting,kg,05/02/2026,30000
Jawa Tengah,Kota Magelang,Cabai Rawit Merah,kg,05/02/2026,50667
Jawa Tengah,Kota Magelang,Cabai Merah Besar,kg,05/02/2026,39333
Jawa Tengah,Kota Magelang,Bawang Merah,kg,05/02/2026,36667
Jawa Tengah,Kota Magelang,Bawang Putih Honan,kg,05/02/2026,32667
Jawa Tengah,Kota Surakarta,Beras Medium,kg,05/02/2026,13500
Jawa Tengah,Kota Surakarta,Beras Premium,kg,05/02/2026,15750
Jawa Tengah,Kota Surakarta,Gula Pasir Curah,kg,05/02/2026,17000
Jawa Tengah,Kota Surakarta,Minyak Goreng Sawit Kemasan Premium,lt,05/02/2026,21000
Jawa Tengah,Kota Surakarta,Minyak Goreng Sawit Curah,lt,05/02/2026,19500
Jawa Tengah,Kota Surakarta,Minyakita,lt,05/02/2026,15700
Jawa Tengah,Kota Surakarta,Daging Sapi Paha Belakang,kg,05/02/2026,140000
Jawa Tengah,Kota Surakarta,Daging Ayam Ras,kg,05/02/2026,38000
Jawa Tengah,Kota Surakarta,Telur Ayam Ras,kg,05/02/2026,27000
Jawa Tengah,Kota Surakarta,Tepung Terigu,kg,05/02/2026,11250
Jawa Tengah,Kota Surakarta,Kedelai Impor,kg,05/02/2026,12000
Jawa Tengah,Kota Surakarta,Cabai Merah Keriting,kg,05/02/2026,30000
Jawa Tengah,Kota Surakarta,Cabai Rawit Merah,kg,05/02/2026,80000
Jawa Tengah,Kota Surakarta,Cabai Merah Besar,kg,05/02/2026,22000
Jawa Tengah,Kota Surakarta,Bawang Merah,kg,05/02/2026,34333
Jawa Tengah,Kota Surakarta,Bawang Putih Honan,kg,05/02/2026,29000
Jawa Tengah,Kota Salatiga,Beras Medium,kg,05/02/2026,13378
Jawa Tengah,Kota Salatiga,Beras Premium,kg,05/02/2026,14267
Jawa Tengah,Kota Salatiga,Gula Pasir Curah,kg,05/02/2026,17500
Jawa Tengah,Kota Salatiga,Minyak Goreng Sawit Kemasan Premium,lt,05/02/2026,22000
Jawa Tengah,Kota Salatiga,Minyak Goreng Sawit Curah,lt,05/02/2026,17100
Jawa Tengah,Kota Salatiga,Minyakita,lt,05/02/2026,15700
Jawa Tengah,Kota Salatiga,Daging Sapi Paha Belakang,kg,05/02/2026,120000
Jawa Tengah,Kota Salatiga,Daging Ayam Ras,kg,05/02/2026,37000
Jawa Tengah,Kota Salatiga,Telur Ayam Ras,kg,05/02/2026,28000
Jawa Tengah,Kota Salatiga,Tepung Terigu,kg,05/02/2026,12000
Jawa Tengah,Kota Salatiga,Kedelai Impor,kg,05/02/2026,12000
Jawa Tengah,Kota Salatiga,Cabai Merah Keriting,kg,05/02/2026,35000
Jawa Tengah,Kota Salatiga,Cabai Rawit Merah,kg,05/02/2026,66667
Jawa Tengah,Kota Salatiga,Cabai Merah Besar,kg,05/02/2026,40000
Jawa Tengah,Kota Salatiga,Bawang Merah,kg,05/02/2026,41667
Jawa Tengah,Kota Salatiga,Bawang Putih Honan,kg,05/02/2026,31333
Jawa Tengah,Kota Semarang,Beras Medium,kg,05/02/2026,13792
Jawa Tengah,Kota Semarang,Beras Premium,kg,05/02/2026,15292
Jawa Tengah,Kota Semarang,Gula Pasir Curah,kg,05/02/2026,17000
Jawa Tengah,Kota Semarang,Minyak Goreng Sawit Kemasan Premium,lt,05/02/2026,21000
Jawa Tengah,Kota Semarang,Minyak Goreng Sawit Curah,lt,05/02/2026,19000
Jawa Tengah,Kota Semarang,Minyakita,lt,05/02/2026,15700
Jawa Tengah,Kota Semarang,Daging Sapi Paha Belakang,kg,05/02/2026,130000
Jawa Tengah,Kota Semarang,Daging Ayam Ras,kg,05/02/2026,38333
Jawa Tengah,Kota Semarang,Telur Ayam Ras,kg,05/02/2026,27250
Jawa Tengah,Kota Semarang,Tepung Terigu,kg,05/02/2026,11750
Jawa Tengah,Kota Semarang,Kedelai Impor,kg,05/02/2026,0
Jawa Tengah,Kota Semarang,Cabai Merah Keriting,kg,05/02/2026,30500
Jawa Tengah,Kota Semarang,Cabai Rawit Merah,kg,05/02/2026,69833
Jawa Tengah,Kota Semarang,Cabai Merah Besar,kg,05/02/2026,34167
Jawa Tengah,Kota Semarang,Bawang Merah,kg,05/02/2026,37833
Jawa Tengah,Kota Semarang,Bawang Putih Honan,kg,05/02/2026,0
Jawa Tengah,Kota Pekalongan,Beras Medium,kg,05/02/2026,13500
Jawa Tengah,Kota Pekalongan,Beras Premium,kg,05/02/2026,14900
Jawa Tengah,Kota Pekalongan,Gula Pasir Curah,kg,05/02/2026,17000
Jawa Tengah,Kota Pekalongan,Minyak Goreng Sawit Kemasan Premium,lt,05/02/2026,21000
Jawa Tengah,Kota Pekalongan,Minyak Goreng Sawit Curah,lt,05/02/2026,18000
Jawa Tengah,Kota Pekalongan,Minyakita,lt,05/02/2026,15700
Jawa Tengah,Kota Pekalongan,Daging Sapi Paha Belakang,kg,05/02/2026,120000
Jawa Tengah,Kota Pekalongan,Daging Ayam Ras,kg,05/02/2026,40000
Jawa Tengah,Kota Pekalongan,Telur Ayam Ras,kg,05/02/2026,28000
Jawa Tengah,Kota Pekalongan,Tepung Terigu,kg,05/02/2026,11000
Jawa Tengah,Kota Pekalongan,Kedelai Impor,kg,05/02/2026,10000
Jawa Tengah,Kota Pekalongan,Cabai Merah Keriting,kg,05/02/2026,35000
Jawa Tengah,Kota Pekalongan,Cabai Rawit Merah,kg,05/02/2026,77000
Jawa Tengah,Kota Pekalongan,Cabai Merah Besar,kg,05/02/2026,30000
Jawa Tengah,Kota Pekalongan,Bawang Merah,kg,05/02/2026,38000
Jawa Tengah,Kota Pekalongan,Bawang Putih Honan,kg,05/02/2026,0
Jawa Tengah,Kota Tegal,Beras Medium,kg,05/02/2026,13000
Jawa Tengah,Kota Tegal,Beras Premium,kg,05/02/2026,14900
Jawa Tengah,Kota Tegal,Gula Pasir Curah,kg,05/02/2026,17167
Jawa Tengah,Kota Tegal,Minyak Goreng Sawit Kemasan Premium,lt,05/02/2026,21500
Jawa Tengah,Kota Tegal,Minyak Goreng Sawit Curah,lt,05/02/2026,17400
Jawa Tengah,Kota Tegal,Minyakita,lt,05/02/2026,15700
Jawa Tengah,Kota Tegal,Daging Sapi Paha Belakang,kg,05/02/2026,140000
Jawa Tengah,Kota Tegal,Daging Ayam Ras,kg,05/02/2026,38000
Jawa Tengah,Kota Tegal,Telur Ayam Ras,kg,05/02/2026,28333
Jawa Tengah,Kota Tegal,Tepung Terigu,kg,05/02/2026,11833
Jawa Tengah,Kota Tegal,Kedelai Impor,kg,05/02/2026,10500
Jawa Tengah,Kota Tegal,Cabai Merah Keriting,kg,05/02/2026,35000
Jawa Tengah,Kota Tegal,Cabai Rawit Merah,kg,05/02/2026,76667
Jawa Tengah,Kota Tegal,Cabai Merah Besar,kg,05/02/2026,29333
Jawa Tengah,Kota Tegal,Bawang Merah,kg,05/02/2026,38333
Jawa Tengah,Kota Tegal,Bawang Putih Honan,kg,05/02/2026,34667
Jawa Tengah,Kab. Cilacap,Beras Medium,kg,06/02/2026,13500
Jawa Tengah,Kab. Cilacap,Beras Premium,kg,06/02/2026,14500
Jawa Tengah,Kab. Cilacap,Gula Pasir Curah,kg,06/02/2026,17333
Jawa Tengah,Kab. Cilacap,Minyak Goreng Sawit Kemasan Premium,lt,06/02/2026,22000
Jawa Tengah,Kab. Cilacap,Minyak Goreng Sawit Curah,lt,06/02/2026,18000
Jawa Tengah,Kab. Cilacap,Minyakita,lt,06/02/2026,17167
Jawa Tengah,Kab. Cilacap,Daging Sapi Paha Belakang,kg,06/02/2026,135000
Jawa Tengah,Kab. Cilacap,Daging Ayam Ras,kg,06/02/2026,39333
Jawa Tengah,Kab. Cilacap,Telur Ayam Ras,kg,06/02/2026,26833
Jawa Tengah,Kab. Cilacap,Tepung Terigu,kg,06/02/2026,12000
Jawa Tengah,Kab. Cilacap,Kedelai Impor,kg,06/02/2026,11667
Jawa Tengah,Kab. Cilacap,Cabai Merah Keriting,kg,06/02/2026,31000
Jawa Tengah,Kab. Cilacap,Cabai Rawit Merah,kg,06/02/2026,74333
Jawa Tengah,Kab. Cilacap,Cabai Merah Besar,kg,06/02/2026,27333
Jawa Tengah,Kab. Cilacap,Bawang Merah,kg,06/02/2026,38000
Jawa Tengah,Kab. Cilacap,Bawang Putih Honan,kg,06/02/2026,35333
Jawa Tengah,Kab. Banyumas,Beras Medium,kg,06/02/2026,13250
Jawa Tengah,Kab. Banyumas,Beras Premium,kg,06/02/2026,14900
Jawa Tengah,Kab. Banyumas,Gula Pasir Curah,kg,06/02/2026,16833
Jawa Tengah,Kab. Banyumas,Minyak Goreng Sawit Kemasan Premium,lt,06/02/2026,21000
Jawa Tengah,Kab. Banyumas,Minyak Goreng Sawit Curah,lt,06/02/2026,17100
Jawa Tengah,Kab. Banyumas,Minyakita,lt,06/02/2026,15700
Jawa Tengah,Kab. Banyumas,Daging Sapi Paha Belakang,kg,06/02/2026,133333
Jawa Tengah,Kab. Banyumas,Daging Ayam Ras,kg,06/02/2026,39333
Jawa Tengah,Kab. Banyumas,Telur Ayam Ras,kg,06/02/2026,30000
Jawa Tengah,Kab. Banyumas,Tepung Terigu,kg,06/02/2026,11500
Jawa Tengah,Kab. Banyumas,Kedelai Impor,kg,06/02/2026,10000
Jawa Tengah,Kab. Banyumas,Cabai Merah Keriting,kg,06/02/2026,30000
Jawa Tengah,Kab. Banyumas,Cabai Rawit Merah,kg,06/02/2026,77333
Jawa Tengah,Kab. Banyumas,Cabai Merah Besar,kg,06/02/2026,26667
Jawa Tengah,Kab. Banyumas,Bawang Merah,kg,06/02/2026,40000
Jawa Tengah,Kab. Banyumas,Bawang Putih Honan,kg,06/02/2026,32000
Jawa Tengah,Kab. Purbalingga,Beras Medium,kg,06/02/2026,13000
Jawa Tengah,Kab. Purbalingga,Beras Premium,kg,06/02/2026,14200
Jawa Tengah,Kab. Purbalingga,Gula Pasir Curah,kg,06/02/2026,17200
Jawa Tengah,Kab. Purbalingga,Minyak Goreng Sawit Kemasan Premium,lt,06/02/2026,21000
Jawa Tengah,Kab. Purbalingga,Minyak Goreng Sawit Curah,lt,06/02/2026,17550
Jawa Tengah,Kab. Purbalingga,Minyakita,lt,06/02/2026,16000
Jawa Tengah,Kab. Purbalingga,Daging Sapi Paha Belakang,kg,06/02/2026,135000
Jawa Tengah,Kab. Purbalingga,Daging Ayam Ras,kg,06/02/2026,38500
Jawa Tengah,Kab. Purbalingga,Telur Ayam Ras,kg,06/02/2026,29000
Jawa Tengah,Kab. Purbalingga,Tepung Terigu,kg,06/02/2026,12000
Jawa Tengah,Kab. Purbalingga,Kedelai Impor,kg,06/02/2026,9800
Jawa Tengah,Kab. Purbalingga,Cabai Merah Keriting,kg,06/02/2026,32000
Jawa Tengah,Kab. Purbalingga,Cabai Rawit Merah,kg,06/02/2026,72000
Jawa Tengah,Kab. Purbalingga,Cabai Merah Besar,kg,06/02/2026,25000
Jawa Tengah,Kab. Purbalingga,Bawang Merah,kg,06/02/2026,40000
Jawa Tengah,Kab. Purbalingga,Bawang Putih Honan,kg,06/02/2026,33000
Jawa Tengah,Kab. Banjarnegara,Beras Medium,kg,06/02/2026,13333
Jawa Tengah,Kab. Banjarnegara,Beras Premium,kg,06/02/2026,14533
Jawa Tengah,Kab. Banjarnegara,Gula Pasir Curah,kg,06/02/2026,16833
Jawa Tengah,Kab. Banjarnegara,Minyak Goreng Sawit Kemasan Premium,lt,06/02/2026,20666
Jawa Tengah,Kab. Banjarnegara,Minyak Goreng Sawit Curah,lt,06/02/2026,17550
Jawa Tengah,Kab. Banjarnegara,Minyakita,lt,06/02/2026,15700
Jawa Tengah,Kab. Banjarnegara,Daging Sapi Paha Belakang,kg,06/02/2026,135000
Jawa Tengah,Kab. Banjarnegara,Daging Ayam Ras,kg,06/02/2026,35000
Jawa Tengah,Kab. Banjarnegara,Telur Ayam Ras,kg,06/02/2026,27000
Jawa Tengah,Kab. Banjarnegara,Tepung Terigu,kg,06/02/2026,11666
Jawa Tengah,Kab. Banjarnegara,Kedelai Impor,kg,06/02/2026,10366
Jawa Tengah,Kab. Banjarnegara,Cabai Merah Keriting,kg,06/02/2026,33333
Jawa Tengah,Kab. Banjarnegara,Cabai Rawit Merah,kg,06/02/2026,70000
Jawa Tengah,Kab. Banjarnegara,Cabai Merah Besar,kg,06/02/2026,0
Jawa Tengah,Kab. Banjarnegara,Bawang Merah,kg,06/02/2026,36666
Jawa Tengah,Kab. Banjarnegara,Bawang Putih Honan,kg,06/02/2026,33666
Jawa Tengah,Kab. Kebumen,Beras Medium,kg,06/02/2026,12250
Jawa Tengah,Kab. Kebumen,Beras Premium,kg,06/02/2026,14450
Jawa Tengah,Kab. Kebumen,Gula Pasir Curah,kg,06/02/2026,16000
Jawa Tengah,Kab. Kebumen,Minyak Goreng Sawit Kemasan Premium,lt,06/02/2026,20500
Jawa Tengah,Kab. Kebumen,Minyak Goreng Sawit Curah,lt,06/02/2026,17500
Jawa Tengah,Kab. Kebumen,Minyakita,lt,06/02/2026,15700
Jawa Tengah,Kab. Kebumen,Daging Sapi Paha Belakang,kg,06/02/2026,120000
Jawa Tengah,Kab. Kebumen,Daging Ayam Ras,kg,06/02/2026,33000
Jawa Tengah,Kab. Kebumen,Telur Ayam Ras,kg,06/02/2026,27500
Jawa Tengah,Kab. Kebumen,Tepung Terigu,kg,06/02/2026,11000
Jawa Tengah,Kab. Kebumen,Kedelai Impor,kg,06/02/2026,9500
Jawa Tengah,Kab. Kebumen,Cabai Merah Keriting,kg,06/02/2026,30667
Jawa Tengah,Kab. Kebumen,Cabai Rawit Merah,kg,06/02/2026,39333
Jawa Tengah,Kab. Kebumen,Cabai Merah Besar,kg,06/02/2026,31667
Jawa Tengah,Kab. Kebumen,Bawang Merah,kg,06/02/2026,35000
Jawa Tengah,Kab. Kebumen,Bawang Putih Honan,kg,06/02/2026,0
Jawa Tengah,Kab. Purworejo,Beras Medium,kg,06/02/2026,12800
Jawa Tengah,Kab. Purworejo,Beras Premium,kg,06/02/2026,14500
Jawa Tengah,Kab. Purworejo,Gula Pasir Curah,kg,06/02/2026,17167
Jawa Tengah,Kab. Purworejo,Minyak Goreng Sawit Kemasan Premium,lt,06/02/2026,20333
Jawa Tengah,Kab. Purworejo,Minyak Goreng Sawit Curah,lt,06/02/2026,17400
Jawa Tengah,Kab. Purworejo,Minyakita,lt,06/02/2026,15700
Jawa Tengah,Kab. Purworejo,Daging Sapi Paha Belakang,kg,06/02/2026,135500
Jawa Tengah,Kab. Purworejo,Daging Ayam Ras,kg,06/02/2026,37500
Jawa Tengah,Kab. Purworejo,Telur Ayam Ras,kg,06/02/2026,30000
Jawa Tengah,Kab. Purworejo,Tepung Terigu,kg,06/02/2026,11333
Jawa Tengah,Kab. Purworejo,Kedelai Impor,kg,06/02/2026,11500
Jawa Tengah,Kab. Purworejo,Cabai Merah Keriting,kg,06/02/2026,33667
Jawa Tengah,Kab. Purworejo,Cabai Rawit Merah,kg,06/02/2026,70000
Jawa Tengah,Kab. Purworejo,Cabai Merah Besar,kg,06/02/2026,34000
Jawa Tengah,Kab. Purworejo,Bawang Merah,kg,06/02/2026,41333
Jawa Tengah,Kab. Purworejo,Bawang Putih Honan,kg,06/02/2026,34333
Jawa Tengah,Kab. Wonosobo,Beras Medium,kg,06/02/2026,13000
Jawa Tengah,Kab. Wonosobo,Beras Premium,kg,06/02/2026,14867
Jawa Tengah,Kab. Wonosobo,Gula Pasir Curah,kg,06/02/2026,16933
Jawa Tengah,Kab. Wonosobo,Minyak Goreng Sawit Kemasan Premium,lt,06/02/2026,21500
Jawa Tengah,Kab. Wonosobo,Minyak Goreng Sawit Curah,lt,06/02/2026,16543
Jawa Tengah,Kab. Wonosobo,Minyakita,lt,06/02/2026,15700
Jawa Tengah,Kab. Wonosobo,Daging Sapi Paha Belakang,kg,06/02/2026,135000
Jawa Tengah,Kab. Wonosobo,Daging Ayam Ras,kg,06/02/2026,35333
Jawa Tengah,Kab. Wonosobo,Telur Ayam Ras,kg,06/02/2026,26667
Jawa Tengah,Kab. Wonosobo,Tepung Terigu,kg,06/02/2026,11500
Jawa Tengah,Kab. Wonosobo,Kedelai Impor,kg,06/02/2026,9400
Jawa Tengah,Kab. Wonosobo,Cabai Merah Keriting,kg,06/02/2026,35000
Jawa Tengah,Kab. Wonosobo,Cabai Rawit Merah,kg,06/02/2026,58333
Jawa Tengah,Kab. Wonosobo,Cabai Merah Besar,kg,06/02/2026,0
Jawa Tengah,Kab. Wonosobo,Bawang Merah,kg,06/02/2026,36000
Jawa Tengah,Kab. Wonosobo,Bawang Putih Honan,kg,06/02/2026,35000
Jawa Tengah,Kab. Magelang,Beras Medium,kg,06/02/2026,13400
Jawa Tengah,Kab. Magelang,Beras Premium,kg,06/02/2026,14900
Jawa Tengah,Kab. Magelang,Gula Pasir Curah,kg,06/02/2026,17000
Jawa Tengah,Kab. Magelang,Minyak Goreng Sawit Kemasan Premium,lt,06/02/2026,20000
Jawa Tengah,Kab. Magelang,Minyak Goreng Sawit Curah,lt,06/02/2026,17800
Jawa Tengah,Kab. Magelang,Minyakita,lt,06/02/2026,15700
Jawa Tengah,Kab. Magelang,Daging Sapi Paha Belakang,kg,06/02/2026,138000
Jawa Tengah,Kab. Magelang,Daging Ayam Ras,kg,06/02/2026,34000
Jawa Tengah,Kab. Magelang,Telur Ayam Ras,kg,06/02/2026,28000
Jawa Tengah,Kab. Magelang,Tepung Terigu,kg,06/02/2026,11500
Jawa Tengah,Kab. Magelang,Kedelai Impor,kg,06/02/2026,11700
Jawa Tengah,Kab. Magelang,Cabai Merah Keriting,kg,06/02/2026,30000
Jawa Tengah,Kab. Magelang,Cabai Rawit Merah,kg,06/02/2026,60000
Jawa Tengah,Kab. Magelang,Cabai Merah Besar,kg,06/02/2026,40000
Jawa Tengah,Kab. Magelang,Bawang Merah,kg,06/02/2026,38000
Jawa Tengah,Kab. Magelang,Bawang Putih Honan,kg,06/02/2026,34000
Jawa Tengah,Kab. Boyolali,Beras Medium,kg,06/02/2026,13000
Jawa Tengah,Kab. Boyolali,Beras Premium,kg,06/02/2026,14867
Jawa Tengah,Kab. Boyolali,Gula Pasir Curah,kg,06/02/2026,16500
Jawa Tengah,Kab. Boyolali,Minyak Goreng Sawit Kemasan Premium,lt,06/02/2026,21000
Jawa Tengah,Kab. Boyolali,Minyak Goreng Sawit Curah,lt,06/02/2026,17500
Jawa Tengah,Kab. Boyolali,Minyakita,lt,06/02/2026,15700
Jawa Tengah,Kab. Boyolali,Daging Sapi Paha Belakang,kg,06/02/2026,130000
Jawa Tengah,Kab. Boyolali,Daging Ayam Ras,kg,06/02/2026,37000
Jawa Tengah,Kab. Boyolali,Telur Ayam Ras,kg,06/02/2026,27000
Jawa Tengah,Kab. Boyolali,Tepung Terigu,kg,06/02/2026,11667
Jawa Tengah,Kab. Boyolali,Kedelai Impor,kg,06/02/2026,11667
Jawa Tengah,Kab. Boyolali,Cabai Merah Keriting,kg,06/02/2026,40000
Jawa Tengah,Kab. Boyolali,Cabai Rawit Merah,kg,06/02/2026,73333
Jawa Tengah,Kab. Boyolali,Cabai Merah Besar,kg,06/02/2026,48333
Jawa Tengah,Kab. Boyolali,Bawang Merah,kg,06/02/2026,38667
Jawa Tengah,Kab. Boyolali,Bawang Putih Honan,kg,06/02/2026,33000
Jawa Tengah,Kab. Klaten,Beras Medium,kg,06/02/2026,13500
Jawa Tengah,Kab. Klaten,Beras Premium,kg,06/02/2026,14900
Jawa Tengah,Kab. Klaten,Gula Pasir Curah,kg,06/02/2026,17500
Jawa Tengah,Kab. Klaten,Minyak Goreng Sawit Kemasan Premium,lt,06/02/2026,21000
Jawa Tengah,Kab. Klaten,Minyak Goreng Sawit Curah,lt,06/02/2026,17833
Jawa Tengah,Kab. Klaten,Minyakita,lt,06/02/2026,15700
Jawa Tengah,Kab. Klaten,Daging Sapi Paha Belakang,kg,06/02/2026,122500
Jawa Tengah,Kab. Klaten,Daging Ayam Ras,kg,06/02/2026,36000
Jawa Tengah,Kab. Klaten,Telur Ayam Ras,kg,06/02/2026,27667
Jawa Tengah,Kab. Klaten,Tepung Terigu,kg,06/02/2026,11333
Jawa Tengah,Kab. Klaten,Kedelai Impor,kg,06/02/2026,10333
Jawa Tengah,Kab. Klaten,Cabai Merah Keriting,kg,06/02/2026,27667
Jawa Tengah,Kab. Klaten,Cabai Rawit Merah,kg,06/02/2026,65000
Jawa Tengah,Kab. Klaten,Cabai Merah Besar,kg,06/02/2026,40000
Jawa Tengah,Kab. Klaten,Bawang Merah,kg,06/02/2026,40000
Jawa Tengah,Kab. Klaten,Bawang Putih Honan,kg,06/02/2026,30667
Jawa Tengah,Kab. Sukoharjo,Beras Medium,kg,06/02/2026,13000
Jawa Tengah,Kab. Sukoharjo,Beras Premium,kg,06/02/2026,14500
Jawa Tengah,Kab. Sukoharjo,Gula Pasir Curah,kg,06/02/2026,17000
Jawa Tengah,Kab. Sukoharjo,Minyak Goreng Sawit Kemasan Premium,lt,06/02/2026,20667
Jawa Tengah,Kab. Sukoharjo,Minyak Goreng Sawit Curah,lt,06/02/2026,17000
Jawa Tengah,Kab. Sukoharjo,Minyakita,lt,06/02/2026,15700
Jawa Tengah,Kab. Sukoharjo,Daging Sapi Paha Belakang,kg,06/02/2026,125000
Jawa Tengah,Kab. Sukoharjo,Daging Ayam Ras,kg,06/02/2026,38667
Jawa Tengah,Kab. Sukoharjo,Telur Ayam Ras,kg,06/02/2026,27000
Jawa Tengah,Kab. Sukoharjo,Tepung Terigu,kg,06/02/2026,12000
Jawa Tengah,Kab. Sukoharjo,Kedelai Impor,kg,06/02/2026,10000
Jawa Tengah,Kab. Sukoharjo,Cabai Merah Keriting,kg,06/02/2026,31667
Jawa Tengah,Kab. Sukoharjo,Cabai Rawit Merah,kg,06/02/2026,78667
Jawa Tengah,Kab. Sukoharjo,Cabai Merah Besar,kg,06/02/2026,29333
Jawa Tengah,Kab. Sukoharjo,Bawang Merah,kg,06/02/2026,35000
Jawa Tengah,Kab. Sukoharjo,Bawang Putih Honan,kg,06/02/2026,33000
Jawa Tengah,Kab. Wonogiri,Beras Medium,kg,06/02/2026,13500
Jawa Tengah,Kab. Wonogiri,Beras Premium,kg,06/02/2026,14417
Jawa Tengah,Kab. Wonogiri,Gula Pasir Curah,kg,06/02/2026,17000
Jawa Tengah,Kab. Wonogiri,Minyak Goreng Sawit Kemasan Premium,lt,06/02/2026,21000
Jawa Tengah,Kab. Wonogiri,Minyak Goreng Sawit Curah,lt,06/02/2026,19700
Jawa Tengah,Kab. Wonogiri,Minyakita,lt,06/02/2026,15700
Jawa Tengah,Kab. Wonogiri,Daging Sapi Paha Belakang,kg,06/02/2026,130000
Jawa Tengah,Kab. Wonogiri,Daging Ayam Ras,kg,06/02/2026,39333
Jawa Tengah,Kab. Wonogiri,Telur Ayam Ras,kg,06/02/2026,28667
Jawa Tengah,Kab. Wonogiri,Tepung Terigu,kg,06/02/2026,11833
Jawa Tengah,Kab. Wonogiri,Kedelai Impor,kg,06/02/2026,11000
Jawa Tengah,Kab. Wonogiri,Cabai Merah Keriting,kg,06/02/2026,32333
Jawa Tengah,Kab. Wonogiri,Cabai Rawit Merah,kg,06/02/2026,81333
Jawa Tengah,Kab. Wonogiri,Cabai Merah Besar,kg,06/02/2026,25000
Jawa Tengah,Kab. Wonogiri,Bawang Merah,kg,06/02/2026,36333
Jawa Tengah,Kab. Wonogiri,Bawang Putih Honan,kg,06/02/2026,0
Jawa Tengah,Kab. Karanganyar,Beras Medium,kg,06/02/2026,13000
Jawa Tengah,Kab. Karanganyar,Beras Premium,kg,06/02/2026,14833
Jawa Tengah,Kab. Karanganyar,Gula Pasir Curah,kg,06/02/2026,16833
Jawa Tengah,Kab. Karanganyar,Minyak Goreng Sawit Kemasan Premium,lt,06/02/2026,20000
Jawa Tengah,Kab. Karanganyar,Minyak Goreng Sawit Curah,lt,06/02/2026,19000
Jawa Tengah,Kab. Karanganyar,Minyakita,lt,06/02/2026,15500
Jawa Tengah,Kab. Karanganyar,Daging Sapi Paha Belakang,kg,06/02/2026,125000
Jawa Tengah,Kab. Karanganyar,Daging Ayam Ras,kg,06/02/2026,38000
Jawa Tengah,Kab. Karanganyar,Telur Ayam Ras,kg,06/02/2026,26000
Jawa Tengah,Kab. Karanganyar,Tepung Terigu,kg,06/02/2026,12000
Jawa Tengah,Kab. Karanganyar,Kedelai Impor,kg,06/02/2026,9600
Jawa Tengah,Kab. Karanganyar,Cabai Merah Keriting,kg,06/02/2026,34000
Jawa Tengah,Kab. Karanganyar,Cabai Rawit Merah,kg,06/02/2026,85000
Jawa Tengah,Kab. Karanganyar,Cabai Merah Besar,kg,06/02/2026,25000
Jawa Tengah,Kab. Karanganyar,Bawang Merah,kg,06/02/2026,35000
Jawa Tengah,Kab. Karanganyar,Bawang Putih Honan,kg,06/02/2026,30000
Jawa Tengah,Kab. Sragen,Beras Medium,kg,06/02/2026,13250
Jawa Tengah,Kab. Sragen,Beras Premium,kg,06/02/2026,14250
Jawa Tengah,Kab. Sragen,Gula Pasir Curah,kg,06/02/2026,16750
Jawa Tengah,Kab. Sragen,Minyak Goreng Sawit Kemasan Premium,lt,06/02/2026,19750
Jawa Tengah,Kab. Sragen,Minyak Goreng Sawit Curah,lt,06/02/2026,18800
Jawa Tengah,Kab. Sragen,Minyakita,lt,06/02/2026,15700
Jawa Tengah,Kab. Sragen,Daging Sapi Paha Belakang,kg,06/02/2026,120000
Jawa Tengah,Kab. Sragen,Daging Ayam Ras,kg,06/02/2026,39000
Jawa Tengah,Kab. Sragen,Telur Ayam Ras,kg,06/02/2026,28500
Jawa Tengah,Kab. Sragen,Tepung Terigu,kg,06/02/2026,12000
Jawa Tengah,Kab. Sragen,Kedelai Impor,kg,06/02/2026,9600
Jawa Tengah,Kab. Sragen,Cabai Merah Keriting,kg,06/02/2026,32000
Jawa Tengah,Kab. Sragen,Cabai Rawit Merah,kg,06/02/2026,78000
Jawa Tengah,Kab. Sragen,Cabai Merah Besar,kg,06/02/2026,24000
Jawa Tengah,Kab. Sragen,Bawang Merah,kg,06/02/2026,35000
Jawa Tengah,Kab. Sragen,Bawang Putih Honan,kg,06/02/2026,32000
Jawa Tengah,Kab. Grobogan,Beras Medium,kg,06/02/2026,13250
Jawa Tengah,Kab. Grobogan,Beras Premium,kg,06/02/2026,14825
Jawa Tengah,Kab. Grobogan,Gula Pasir Curah,kg,06/02/2026,17000
Jawa Tengah,Kab. Grobogan,Minyak Goreng Sawit Kemasan Premium,lt,06/02/2026,19000
Jawa Tengah,Kab. Grobogan,Minyak Goreng Sawit Curah,lt,06/02/2026,16000
Jawa Tengah,Kab. Grobogan,Minyakita,lt,06/02/2026,15700
Jawa Tengah,Kab. Grobogan,Daging Sapi Paha Belakang,kg,06/02/2026,130000
Jawa Tengah,Kab. Grobogan,Daging Ayam Ras,kg,06/02/2026,38000
Jawa Tengah,Kab. Grobogan,Telur Ayam Ras,kg,06/02/2026,28000
Jawa Tengah,Kab. Grobogan,Tepung Terigu,kg,06/02/2026,10500
Jawa Tengah,Kab. Grobogan,Kedelai Impor,kg,06/02/2026,11000
Jawa Tengah,Kab. Grobogan,Cabai Merah Keriting,kg,06/02/2026,29000
Jawa Tengah,Kab. Grobogan,Cabai Rawit Merah,kg,06/02/2026,47500
Jawa Tengah,Kab. Grobogan,Cabai Merah Besar,kg,06/02/2026,50000
Jawa Tengah,Kab. Grobogan,Bawang Merah,kg,06/02/2026,33500
Jawa Tengah,Kab. Grobogan,Bawang Putih Honan,kg,06/02/2026,31500
Jawa Tengah,Kab. Blora,Beras Medium,kg,06/02/2026,11492
Jawa Tengah,Kab. Blora,Beras Premium,kg,06/02/2026,13425
Jawa Tengah,Kab. Blora,Gula Pasir Curah,kg,06/02/2026,16500
Jawa Tengah,Kab. Blora,Minyak Goreng Sawit Kemasan Premium,lt,06/02/2026,19300
Jawa Tengah,Kab. Blora,Minyak Goreng Sawit Curah,lt,06/02/2026,16300
Jawa Tengah,Kab. Blora,Minyakita,lt,06/02/2026,15700
Jawa Tengah,Kab. Blora,Daging Sapi Paha Belakang,kg,06/02/2026,125000
Jawa Tengah,Kab. Blora,Daging Ayam Ras,kg,06/02/2026,38000
Jawa Tengah,Kab. Blora,Telur Ayam Ras,kg,06/02/2026,28000
Jawa Tengah,Kab. Blora,Tepung Terigu,kg,06/02/2026,12300
Jawa Tengah,Kab. Blora,Kedelai Impor,kg,06/02/2026,11500
Jawa Tengah,Kab. Blora,Cabai Merah Keriting,kg,06/02/2026,29333
Jawa Tengah,Kab. Blora,Cabai Rawit Merah,kg,06/02/2026,45333
Jawa Tengah,Kab. Blora,Cabai Merah Besar,kg,06/02/2026,0
Jawa Tengah,Kab. Blora,Bawang Merah,kg,06/02/2026,32333
Jawa Tengah,Kab. Blora,Bawang Putih Honan,kg,06/02/2026,30667
Jawa Tengah,Kab. Rembang,Beras Medium,kg,06/02/2026,13333
Jawa Tengah,Kab. Rembang,Beras Premium,kg,06/02/2026,14900
Jawa Tengah,Kab. Rembang,Gula Pasir Curah,kg,06/02/2026,16333
Jawa Tengah,Kab. Rembang,Minyak Goreng Sawit Kemasan Premium,lt,06/02/2026,21000
Jawa Tengah,Kab. Rembang,Minyak Goreng Sawit Curah,lt,06/02/2026,18822
Jawa Tengah,Kab. Rembang,Minyakita,lt,06/02/2026,15633
Jawa Tengah,Kab. Rembang,Daging Sapi Paha Belakang,kg,06/02/2026,125000
Jawa Tengah,Kab. Rembang,Daging Ayam Ras,kg,06/02/2026,38667
Jawa Tengah,Kab. Rembang,Telur Ayam Ras,kg,06/02/2026,30000
Jawa Tengah,Kab. Rembang,Tepung Terigu,kg,06/02/2026,11500
Jawa Tengah,Kab. Rembang,Kedelai Impor,kg,06/02/2026,11167
Jawa Tengah,Kab. Rembang,Cabai Merah Keriting,kg,06/02/2026,28333
Jawa Tengah,Kab. Rembang,Cabai Rawit Merah,kg,06/02/2026,80000
Jawa Tengah,Kab. Rembang,Cabai Merah Besar,kg,06/02/2026,58333
Jawa Tengah,Kab. Rembang,Bawang Merah,kg,06/02/2026,37667
Jawa Tengah,Kab. Rembang,Bawang Putih Honan,kg,06/02/2026,34000
Jawa Tengah,Kab. Pati,Beras Medium,kg,06/02/2026,13500
Jawa Tengah,Kab. Pati,Beras Premium,kg,06/02/2026,14650
Jawa Tengah,Kab. Pati,Gula Pasir Curah,kg,06/02/2026,17000
Jawa Tengah,Kab. Pati,Minyak Goreng Sawit Kemasan Premium,lt,06/02/2026,20000
Jawa Tengah,Kab. Pati,Minyak Goreng Sawit Curah,lt,06/02/2026,18000
Jawa Tengah,Kab. Pati,Minyakita,lt,06/02/2026,15700
Jawa Tengah,Kab. Pati,Daging Sapi Paha Belakang,kg,06/02/2026,120000
Jawa Tengah,Kab. Pati,Daging Ayam Ras,kg,06/02/2026,38000
Jawa Tengah,Kab. Pati,Telur Ayam Ras,kg,06/02/2026,28000
Jawa Tengah,Kab. Pati,Tepung Terigu,kg,06/02/2026,12500
Jawa Tengah,Kab. Pati,Kedelai Impor,kg,06/02/2026,10500
Jawa Tengah,Kab. Pati,Cabai Merah Keriting,kg,06/02/2026,30000
Jawa Tengah,Kab. Pati,Cabai Rawit Merah,kg,06/02/2026,70000
Jawa Tengah,Kab. Pati,Cabai Merah Besar,kg,06/02/2026,50000
Jawa Tengah,Kab. Pati,Bawang Merah,kg,06/02/2026,35000
Jawa Tengah,Kab. Pati,Bawang Putih Honan,kg,06/02/2026,32000
Jawa Tengah,Kab. Kudus,Beras Medium,kg,06/02/2026,13500
Jawa Tengah,Kab. Kudus,Beras Premium,kg,06/02/2026,14900
Jawa Tengah,Kab. Kudus,Gula Pasir Curah,kg,06/02/2026,16500
Jawa Tengah,Kab. Kudus,Minyak Goreng Sawit Kemasan Premium,lt,06/02/2026,20000
Jawa Tengah,Kab. Kudus,Minyak Goreng Sawit Curah,lt,06/02/2026,17000
Jawa Tengah,Kab. Kudus,Minyakita,lt,06/02/2026,15700
Jawa Tengah,Kab. Kudus,Daging Sapi Paha Belakang,kg,06/02/2026,125000
Jawa Tengah,Kab. Kudus,Daging Ayam Ras,kg,06/02/2026,36000
Jawa Tengah,Kab. Kudus,Telur Ayam Ras,kg,06/02/2026,29000
Jawa Tengah,Kab. Kudus,Tepung Terigu,kg,06/02/2026,12000
Jawa Tengah,Kab. Kudus,Kedelai Impor,kg,06/02/2026,11500
Jawa Tengah,Kab. Kudus,Cabai Merah Keriting,kg,06/02/2026,30000
Jawa Tengah,Kab. Kudus,Cabai Rawit Merah,kg,06/02/2026,65000
Jawa Tengah,Kab. Kudus,Cabai Merah Besar,kg,06/02/2026,40000
Jawa Tengah,Kab. Kudus,Bawang Merah,kg,06/02/2026,38000
Jawa Tengah,Kab. Kudus,Bawang Putih Honan,kg,06/02/2026,0
Jawa Tengah,Kab. Jepara,Beras Medium,kg,06/02/2026,13000
Jawa Tengah,Kab. Jepara,Beras Premium,kg,06/02/2026,14900
Jawa Tengah,Kab. Jepara,Gula Pasir Curah,kg,06/02/2026,16500
Jawa Tengah,Kab. Jepara,Minyak Goreng Sawit Kemasan Premium,lt,06/02/2026,21000
Jawa Tengah,Kab. Jepara,Minyak Goreng Sawit Curah,lt,06/02/2026,17500
Jawa Tengah,Kab. Jepara,Minyakita,lt,06/02/2026,15700
Jawa Tengah,Kab. Jepara,Daging Sapi Paha Belakang,kg,06/02/2026,130000
Jawa Tengah,Kab. Jepara,Daging Ayam Ras,kg,06/02/2026,37000
Jawa Tengah,Kab. Jepara,Telur Ayam Ras,kg,06/02/2026,27500
Jawa Tengah,Kab. Jepara,Tepung Terigu,kg,06/02/2026,12000
Jawa Tengah,Kab. Jepara,Kedelai Impor,kg,06/02/2026,10500
Jawa Tengah,Kab. Jepara,Cabai Merah Keriting,kg,06/02/2026,30000
Jawa Tengah,Kab. Jepara,Cabai Rawit Merah,kg,06/02/2026,58000
Jawa Tengah,Kab. Jepara,Cabai Merah Besar,kg,06/02/2026,35000
Jawa Tengah,Kab. Jepara,Bawang Merah,kg,06/02/2026,35000
Jawa Tengah,Kab. Jepara,Bawang Putih Honan,kg,06/02/2026,32000
Jawa Tengah,Kab. Demak,Beras Medium,kg,06/02/2026,12800
Jawa Tengah,Kab. Demak,Beras Premium,kg,06/02/2026,14250
Jawa Tengah,Kab. Demak,Gula Pasir Curah,kg,06/02/2026,16500
Jawa Tengah,Kab. Demak,Minyak Goreng Sawit Kemasan Premium,lt,06/02/2026,20250
Jawa Tengah,Kab. Demak,Minyak Goreng Sawit Curah,lt,06/02/2026,16167
Jawa Tengah,Kab. Demak,Minyakita,lt,06/02/2026,15300
Jawa Tengah,Kab. Demak,Daging Sapi Paha Belakang,kg,06/02/2026,130000
Jawa Tengah,Kab. Demak,Daging Ayam Ras,kg,06/02/2026,35000
Jawa Tengah,Kab. Demak,Telur Ayam Ras,kg,06/02/2026,27500
Jawa Tengah,Kab. Demak,Tepung Terigu,kg,06/02/2026,11250
Jawa Tengah,Kab. Demak,Kedelai Impor,kg,06/02/2026,10000
Jawa Tengah,Kab. Demak,Cabai Merah Keriting,kg,06/02/2026,28667
Jawa Tengah,Kab. Demak,Cabai Rawit Merah,kg,06/02/2026,35333
Jawa Tengah,Kab. Demak,Cabai Merah Besar,kg,06/02/2026,33333
Jawa Tengah,Kab. Demak,Bawang Merah,kg,06/02/2026,33667
Jawa Tengah,Kab. Demak,Bawang Putih Honan,kg,06/02/2026,30000
Jawa Tengah,Kab. Semarang,Beras Medium,kg,06/02/2026,13500
Jawa Tengah,Kab. Semarang,Beras Premium,kg,06/02/2026,15050
Jawa Tengah,Kab. Semarang,Gula Pasir Curah,kg,06/02/2026,17083
Jawa Tengah,Kab. Semarang,Minyak Goreng Sawit Kemasan Premium,lt,06/02/2026,21000
Jawa Tengah,Kab. Semarang,Minyak Goreng Sawit Curah,lt,06/02/2026,17800
Jawa Tengah,Kab. Semarang,Minyakita,lt,06/02/2026,15600
Jawa Tengah,Kab. Semarang,Daging Sapi Paha Belakang,kg,06/02/2026,136667
Jawa Tengah,Kab. Semarang,Daging Ayam Ras,kg,06/02/2026,35500
Jawa Tengah,Kab. Semarang,Telur Ayam Ras,kg,06/02/2026,27667
Jawa Tengah,Kab. Semarang,Tepung Terigu,kg,06/02/2026,12000
Jawa Tengah,Kab. Semarang,Kedelai Impor,kg,06/02/2026,9750
Jawa Tengah,Kab. Semarang,Cabai Merah Keriting,kg,06/02/2026,38333
Jawa Tengah,Kab. Semarang,Cabai Rawit Merah,kg,06/02/2026,60833
Jawa Tengah,Kab. Semarang,Cabai Merah Besar,kg,06/02/2026,39167
Jawa Tengah,Kab. Semarang,Bawang Merah,kg,06/02/2026,39333
Jawa Tengah,Kab. Semarang,Bawang Putih Honan,kg,06/02/2026,34333
Jawa Tengah,Kab. Temanggung,Beras Medium,kg,06/02/2026,13500
Jawa Tengah,Kab. Temanggung,Beras Premium,kg,06/02/2026,14800
Jawa Tengah,Kab. Temanggung,Gula Pasir Curah,kg,06/02/2026,16750
Jawa Tengah,Kab. Temanggung,Minyak Goreng Sawit Kemasan Premium,lt,06/02/2026,19000
Jawa Tengah,Kab. Temanggung,Minyak Goreng Sawit Curah,lt,06/02/2026,19000
Jawa Tengah,Kab. Temanggung,Minyakita,lt,06/02/2026,15700
Jawa Tengah,Kab. Temanggung,Daging Sapi Paha Belakang,kg,06/02/2026,135000
Jawa Tengah,Kab. Temanggung,Daging Ayam Ras,kg,06/02/2026,37000
Jawa Tengah,Kab. Temanggung,Telur Ayam Ras,kg,06/02/2026,28000
Jawa Tengah,Kab. Temanggung,Tepung Terigu,kg,06/02/2026,11750
Jawa Tengah,Kab. Temanggung,Kedelai Impor,kg,06/02/2026,9600
Jawa Tengah,Kab. Temanggung,Cabai Merah Keriting,kg,06/02/2026,33250
Jawa Tengah,Kab. Temanggung,Cabai Rawit Merah,kg,06/02/2026,46000
Jawa Tengah,Kab. Temanggung,Cabai Merah Besar,kg,06/02/2026,48875
Jawa Tengah,Kab. Temanggung,Bawang Merah,kg,06/02/2026,39000
Jawa Tengah,Kab. Temanggung,Bawang Putih Honan,kg,06/02/2026,35500
Jawa Tengah,Kab. Kendal,Beras Medium,kg,06/02/2026,13200
Jawa Tengah,Kab. Kendal,Beras Premium,kg,06/02/2026,14800
Jawa Tengah,Kab. Kendal,Gula Pasir Curah,kg,06/02/2026,17333
Jawa Tengah,Kab. Kendal,Minyak Goreng Sawit Kemasan Premium,lt,06/02/2026,20667
Jawa Tengah,Kab. Kendal,Minyak Goreng Sawit Curah,lt,06/02/2026,17550
Jawa Tengah,Kab. Kendal,Minyakita,lt,06/02/2026,15700
Jawa Tengah,Kab. Kendal,Daging Sapi Paha Belakang,kg,06/02/2026,135000
Jawa Tengah,Kab. Kendal,Daging Ayam Ras,kg,06/02/2026,38000
Jawa Tengah,Kab. Kendal,Telur Ayam Ras,kg,06/02/2026,28500
Jawa Tengah,Kab. Kendal,Tepung Terigu,kg,06/02/2026,11333
Jawa Tengah,Kab. Kendal,Kedelai Impor,kg,06/02/2026,9600
Jawa Tengah,Kab. Kendal,Cabai Merah Keriting,kg,06/02/2026,32000
Jawa Tengah,Kab. Kendal,Cabai Rawit Merah,kg,06/02/2026,72000
Jawa Tengah,Kab. Kendal,Cabai Merah Besar,kg,06/02/2026,40000
Jawa Tengah,Kab. Kendal,Bawang Merah,kg,06/02/2026,40000
Jawa Tengah,Kab. Kendal,Bawang Putih Honan,kg,06/02/2026,32333
Jawa Tengah,Kab. Batang,Beras Medium,kg,06/02/2026,13200
Jawa Tengah,Kab. Batang,Beras Premium,kg,06/02/2026,14700
Jawa Tengah,Kab. Batang,Gula Pasir Curah,kg,06/02/2026,16500
Jawa Tengah,Kab. Batang,Minyak Goreng Sawit Kemasan Premium,lt,06/02/2026,19500
Jawa Tengah,Kab. Batang,Minyak Goreng Sawit Curah,lt,06/02/2026,17100
Jawa Tengah,Kab. Batang,Minyakita,lt,06/02/2026,15700
Jawa Tengah,Kab. Batang,Daging Sapi Paha Belakang,kg,06/02/2026,125000
Jawa Tengah,Kab. Batang,Daging Ayam Ras,kg,06/02/2026,38000
Jawa Tengah,Kab. Batang,Telur Ayam Ras,kg,06/02/2026,28000
Jawa Tengah,Kab. Batang,Tepung Terigu,kg,06/02/2026,11500
Jawa Tengah,Kab. Batang,Kedelai Impor,kg,06/02/2026,10400
Jawa Tengah,Kab. Batang,Cabai Merah Keriting,kg,06/02/2026,32000
Jawa Tengah,Kab. Batang,Cabai Rawit Merah,kg,06/02/2026,60000
Jawa Tengah,Kab. Batang,Cabai Merah Besar,kg,06/02/2026,34000
Jawa Tengah,Kab. Batang,Bawang Merah,kg,06/02/2026,36000
Jawa Tengah,Kab. Batang,Bawang Putih Honan,kg,06/02/2026,32000
Jawa Tengah,Kab. Pekalongan,Beras Medium,kg,06/02/2026,13200
Jawa Tengah,Kab. Pekalongan,Beras Premium,kg,06/02/2026,14500
Jawa Tengah,Kab. Pekalongan,Gula Pasir Curah,kg,06/02/2026,17000
Jawa Tengah,Kab. Pekalongan,Minyak Goreng Sawit Kemasan Premium,lt,06/02/2026,21000
Jawa Tengah,Kab. Pekalongan,Minyak Goreng Sawit Curah,lt,06/02/2026,17550
Jawa Tengah,Kab. Pekalongan,Minyakita,lt,06/02/2026,15700
Jawa Tengah,Kab. Pekalongan,Daging Sapi Paha Belakang,kg,06/02/2026,135000
Jawa Tengah,Kab. Pekalongan,Daging Ayam Ras,kg,06/02/2026,40000
Jawa Tengah,Kab. Pekalongan,Telur Ayam Ras,kg,06/02/2026,29000
Jawa Tengah,Kab. Pekalongan,Tepung Terigu,kg,06/02/2026,12000
Jawa Tengah,Kab. Pekalongan,Kedelai Impor,kg,06/02/2026,9800
Jawa Tengah,Kab. Pekalongan,Cabai Merah Keriting,kg,06/02/2026,33000
Jawa Tengah,Kab. Pekalongan,Cabai Rawit Merah,kg,06/02/2026,75000
Jawa Tengah,Kab. Pekalongan,Cabai Merah Besar,kg,06/02/2026,29000
Jawa Tengah,Kab. Pekalongan,Bawang Merah,kg,06/02/2026,38000
Jawa Tengah,Kab. Pekalongan,Bawang Putih Honan,kg,06/02/2026,33000
Jawa Tengah,Kab. Pemalang,Beras Medium,kg,06/02/2026,13000
Jawa Tengah,Kab. Pemalang,Beras Premium,kg,06/02/2026,14800
Jawa Tengah,Kab. Pemalang,Gula Pasir Curah,kg,06/02/2026,17167
Jawa Tengah,Kab. Pemalang,Minyak Goreng Sawit Kemasan Premium,lt,06/02/2026,21000
Jawa Tengah,Kab. Pemalang,Minyak Goreng Sawit Curah,lt,06/02/2026,17167
Jawa Tengah,Kab. Pemalang,Minyakita,lt,06/02/2026,15700
Jawa Tengah,Kab. Pemalang,Daging Sapi Paha Belakang,kg,06/02/2026,128667
Jawa Tengah,Kab. Pemalang,Daging Ayam Ras,kg,06/02/2026,41667
Jawa Tengah,Kab. Pemalang,Telur Ayam Ras,kg,06/02/2026,30000
Jawa Tengah,Kab. Pemalang,Tepung Terigu,kg,06/02/2026,12000
Jawa Tengah,Kab. Pemalang,Kedelai Impor,kg,06/02/2026,11500
Jawa Tengah,Kab. Pemalang,Cabai Merah Keriting,kg,06/02/2026,38333
Jawa Tengah,Kab. Pemalang,Cabai Rawit Merah,kg,06/02/2026,50000
Jawa Tengah,Kab. Pemalang,Cabai Merah Besar,kg,06/02/2026,27667
Jawa Tengah,Kab. Pemalang,Bawang Merah,kg,06/02/2026,38333
Jawa Tengah,Kab. Pemalang,Bawang Putih Honan,kg,06/02/2026,34000
Jawa Tengah,Kab. Tegal,Beras Medium,kg,06/02/2026,13000
Jawa Tengah,Kab. Tegal,Beras Premium,kg,06/02/2026,14000
Jawa Tengah,Kab. Tegal,Gula Pasir Curah,kg,06/02/2026,17000
Jawa Tengah,Kab. Tegal,Minyak Goreng Sawit Kemasan Premium,lt,06/02/2026,21167
Jawa Tengah,Kab. Tegal,Minyak Goreng Sawit Curah,lt,06/02/2026,18150
Jawa Tengah,Kab. Tegal,Minyakita,lt,06/02/2026,15700
Jawa Tengah,Kab. Tegal,Daging Sapi Paha Belakang,kg,06/02/2026,140000
Jawa Tengah,Kab. Tegal,Daging Ayam Ras,kg,06/02/2026,39333
Jawa Tengah,Kab. Tegal,Telur Ayam Ras,kg,06/02/2026,27833
Jawa Tengah,Kab. Tegal,Tepung Terigu,kg,06/02/2026,11167
Jawa Tengah,Kab. Tegal,Kedelai Impor,kg,06/02/2026,9867
Jawa Tengah,Kab. Tegal,Cabai Merah Keriting,kg,06/02/2026,33500
Jawa Tengah,Kab. Tegal,Cabai Rawit Merah,kg,06/02/2026,73500
Jawa Tengah,Kab. Tegal,Cabai Merah Besar,kg,06/02/2026,24500
Jawa Tengah,Kab. Tegal,Bawang Merah,kg,06/02/2026,38667
Jawa Tengah,Kab. Tegal,Bawang Putih Honan,kg,06/02/2026,30667
Jawa Tengah,Kab. Brebes,Beras Medium,kg,06/02/2026,13333
Jawa Tengah,Kab. Brebes,Beras Premium,kg,06/02/2026,14667
Jawa Tengah,Kab. Brebes,Gula Pasir Curah,kg,06/02/2026,16667
Jawa Tengah,Kab. Brebes,Minyak Goreng Sawit Kemasan Premium,lt,06/02/2026,20333
Jawa Tengah,Kab. Brebes,Minyak Goreng Sawit Curah,lt,06/02/2026,18250
Jawa Tengah,Kab. Brebes,Minyakita,lt,06/02/2026,15700
Jawa Tengah,Kab. Brebes,Daging Sapi Paha Belakang,kg,06/02/2026,135000
Jawa Tengah,Kab. Brebes,Daging Ayam Ras,kg,06/02/2026,38000
Jawa Tengah,Kab. Brebes,Telur Ayam Ras,kg,06/02/2026,29000
Jawa Tengah,Kab. Brebes,Tepung Terigu,kg,06/02/2026,11000
Jawa Tengah,Kab. Brebes,Kedelai Impor,kg,06/02/2026,0
Jawa Tengah,Kab. Brebes,Cabai Merah Keriting,kg,06/02/2026,32000
Jawa Tengah,Kab. Brebes,Cabai Rawit Merah,kg,06/02/2026,50000
Jawa Tengah,Kab. Brebes,Cabai Merah Besar,kg,06/02/2026,29333
Jawa Tengah,Kab. Brebes,Bawang Merah,kg,06/02/2026,35000
Jawa Tengah,Kab. Brebes,Bawang Putih Honan,kg,06/02/2026,35000
Jawa Tengah,Kota Magelang,Beras Medium,kg,06/02/2026,13500
Jawa Tengah,Kota Magelang,Beras Premium,kg,06/02/2026,14833
Jawa Tengah,Kota Magelang,Gula Pasir Curah,kg,06/02/2026,16833
Jawa Tengah,Kota Magelang,Minyak Goreng Sawit Kemasan Premium,lt,06/02/2026,20333
Jawa Tengah,Kota Magelang,Minyak Goreng Sawit Curah,lt,06/02/2026,16500
Jawa Tengah,Kota Magelang,Minyakita,lt,06/02/2026,15700
Jawa Tengah,Kota Magelang,Daging Sapi Paha Belakang,kg,06/02/2026,135000
Jawa Tengah,Kota Magelang,Daging Ayam Ras,kg,06/02/2026,37333
Jawa Tengah,Kota Magelang,Telur Ayam Ras,kg,06/02/2026,27667
Jawa Tengah,Kota Magelang,Tepung Terigu,kg,06/02/2026,12000
Jawa Tengah,Kota Magelang,Kedelai Impor,kg,06/02/2026,11000
Jawa Tengah,Kota Magelang,Cabai Merah Keriting,kg,06/02/2026,30000
Jawa Tengah,Kota Magelang,Cabai Rawit Merah,kg,06/02/2026,55333
Jawa Tengah,Kota Magelang,Cabai Merah Besar,kg,06/02/2026,39333
Jawa Tengah,Kota Magelang,Bawang Merah,kg,06/02/2026,36667
Jawa Tengah,Kota Magelang,Bawang Putih Honan,kg,06/02/2026,32667
Jawa Tengah,Kota Surakarta,Beras Medium,kg,06/02/2026,13500
Jawa Tengah,Kota Surakarta,Beras Premium,kg,06/02/2026,15750
Jawa Tengah,Kota Surakarta,Gula Pasir Curah,kg,06/02/2026,17000
Jawa Tengah,Kota Surakarta,Minyak Goreng Sawit Kemasan Premium,lt,06/02/2026,21000
Jawa Tengah,Kota Surakarta,Minyak Goreng Sawit Curah,lt,06/02/2026,19500
Jawa Tengah,Kota Surakarta,Minyakita,lt,06/02/2026,15700
Jawa Tengah,Kota Surakarta,Daging Sapi Paha Belakang,kg,06/02/2026,140000
Jawa Tengah,Kota Surakarta,Daging Ayam Ras,kg,06/02/2026,38000
Jawa Tengah,Kota Surakarta,Telur Ayam Ras,kg,06/02/2026,28000
Jawa Tengah,Kota Surakarta,Tepung Terigu,kg,06/02/2026,11250
Jawa Tengah,Kota Surakarta,Kedelai Impor,kg,06/02/2026,12000
Jawa Tengah,Kota Surakarta,Cabai Merah Keriting,kg,06/02/2026,30000
Jawa Tengah,Kota Surakarta,Cabai Rawit Merah,kg,06/02/2026,80000
Jawa Tengah,Kota Surakarta,Cabai Merah Besar,kg,06/02/2026,25000
Jawa Tengah,Kota Surakarta,Bawang Merah,kg,06/02/2026,34333
Jawa Tengah,Kota Surakarta,Bawang Putih Honan,kg,06/02/2026,29000
Jawa Tengah,Kota Salatiga,Beras Medium,kg,06/02/2026,13400
Jawa Tengah,Kota Salatiga,Beras Premium,kg,06/02/2026,14267
Jawa Tengah,Kota Salatiga,Gula Pasir Curah,kg,06/02/2026,17500
Jawa Tengah,Kota Salatiga,Minyak Goreng Sawit Kemasan Premium,lt,06/02/2026,22000
Jawa Tengah,Kota Salatiga,Minyak Goreng Sawit Curah,lt,06/02/2026,17100
Jawa Tengah,Kota Salatiga,Minyakita,lt,06/02/2026,15700
Jawa Tengah,Kota Salatiga,Daging Sapi Paha Belakang,kg,06/02/2026,120000
Jawa Tengah,Kota Salatiga,Daging Ayam Ras,kg,06/02/2026,37667
Jawa Tengah,Kota Salatiga,Telur Ayam Ras,kg,06/02/2026,28500
Jawa Tengah,Kota Salatiga,Tepung Terigu,kg,06/02/2026,12000
Jawa Tengah,Kota Salatiga,Kedelai Impor,kg,06/02/2026,12000
Jawa Tengah,Kota Salatiga,Cabai Merah Keriting,kg,06/02/2026,35000
Jawa Tengah,Kota Salatiga,Cabai Rawit Merah,kg,06/02/2026,78333
Jawa Tengah,Kota Salatiga,Cabai Merah Besar,kg,06/02/2026,40000
Jawa Tengah,Kota Salatiga,Bawang Merah,kg,06/02/2026,41667
Jawa Tengah,Kota Salatiga,Bawang Putih Honan,kg,06/02/2026,31000
Jawa Tengah,Kota Semarang,Beras Medium,kg,06/02/2026,13823
Jawa Tengah,Kota Semarang,Beras Premium,kg,06/02/2026,15333
Jawa Tengah,Kota Semarang,Gula Pasir Curah,kg,06/02/2026,17000
Jawa Tengah,Kota Semarang,Minyak Goreng Sawit Kemasan Premium,lt,06/02/2026,21333
Jawa Tengah,Kota Semarang,Minyak Goreng Sawit Curah,lt,06/02/2026,19583
Jawa Tengah,Kota Semarang,Minyakita,lt,06/02/2026,15700
Jawa Tengah,Kota Semarang,Daging Sapi Paha Belakang,kg,06/02/2026,130000
Jawa Tengah,Kota Semarang,Daging Ayam Ras,kg,06/02/2026,39667
Jawa Tengah,Kota Semarang,Telur Ayam Ras,kg,06/02/2026,28917
Jawa Tengah,Kota Semarang,Tepung Terigu,kg,06/02/2026,11750
Jawa Tengah,Kota Semarang,Kedelai Impor,kg,06/02/2026,0
Jawa Tengah,Kota Semarang,Cabai Merah Keriting,kg,06/02/2026,32167
Jawa Tengah,Kota Semarang,Cabai Rawit Merah,kg,06/02/2026,74333
Jawa Tengah,Kota Semarang,Cabai Merah Besar,kg,06/02/2026,35833
Jawa Tengah,Kota Semarang,Bawang Merah,kg,06/02/2026,36167
Jawa Tengah,Kota Semarang,Bawang Putih Honan,kg,06/02/2026,0
Jawa Tengah,Kota Pekalongan,Beras Medium,kg,06/02/2026,13500
Jawa Tengah,Kota Pekalongan,Beras Premium,kg,06/02/2026,14900
Jawa Tengah,Kota Pekalongan,Gula Pasir Curah,kg,06/02/2026,17000
Jawa Tengah,Kota Pekalongan,Minyak Goreng Sawit Kemasan Premium,lt,06/02/2026,21000
Jawa Tengah,Kota Pekalongan,Minyak Goreng Sawit Curah,lt,06/02/2026,18000
Jawa Tengah,Kota Pekalongan,Minyakita,lt,06/02/2026,15700
Jawa Tengah,Kota Pekalongan,Daging Sapi Paha Belakang,kg,06/02/2026,120000
Jawa Tengah,Kota Pekalongan,Daging Ayam Ras,kg,06/02/2026,40000
Jawa Tengah,Kota Pekalongan,Telur Ayam Ras,kg,06/02/2026,28000
Jawa Tengah,Kota Pekalongan,Tepung Terigu,kg,06/02/2026,11000
Jawa Tengah,Kota Pekalongan,Kedelai Impor,kg,06/02/2026,10000
Jawa Tengah,Kota Pekalongan,Cabai Merah Keriting,kg,06/02/2026,35000
Jawa Tengah,Kota Pekalongan,Cabai Rawit Merah,kg,06/02/2026,77000
Jawa Tengah,Kota Pekalongan,Cabai Merah Besar,kg,06/02/2026,30000
Jawa Tengah,Kota Pekalongan,Bawang Merah,kg,06/02/2026,38000
Jawa Tengah,Kota Pekalongan,Bawang Putih Honan,kg,06/02/2026,0
Jawa Tengah,Kota Tegal,Beras Medium,kg,06/02/2026,13000
Jawa Tengah,Kota Tegal,Beras Premium,kg,06/02/2026,14900
Jawa Tengah,Kota Tegal,Gula Pasir Curah,kg,06/02/2026,17167
Jawa Tengah,Kota Tegal,Minyak Goreng Sawit Kemasan Premium,lt,06/02/2026,21500
Jawa Tengah,Kota Tegal,Minyak Goreng Sawit Curah,lt,06/02/2026,17400
Jawa Tengah,Kota Tegal,Minyakita,lt,06/02/2026,15700
Jawa Tengah,Kota Tegal,Daging Sapi Paha Belakang,kg,06/02/2026,140000
Jawa Tengah,Kota Tegal,Daging Ayam Ras,kg,06/02/2026,38000
Jawa Tengah,Kota Tegal,Telur Ayam Ras,kg,06/02/2026,28667
Jawa Tengah,Kota Tegal,Tepung Terigu,kg,06/02/2026,11833
Jawa Tengah,Kota Tegal,Kedelai Impor,kg,06/02/2026,10500
Jawa Tengah,Kota Tegal,Cabai Merah Keriting,kg,06/02/2026,35000
Jawa Tengah,Kota Tegal,Cabai Rawit Merah,kg,06/02/2026,80000
Jawa Tengah,Kota Tegal,Cabai Merah Besar,kg,06/02/2026,30000
Jawa Tengah,Kota Tegal,Bawang Merah,kg,06/02/2026,38333
Jawa Tengah,Kota Tegal,Bawang Putih Honan,kg,06/02/2026,34667
Jawa Tengah,Kab. Cilacap,Beras Medium,kg,07/02/2026,0
Jawa Tengah,Kab. Cilacap,Beras Premium,kg,07/02/2026,0
Jawa Tengah,Kab. Cilacap,Gula Pasir Curah,kg,07/02/2026,0
Jawa Tengah,Kab. Cilacap,Minyak Goreng Sawit Kemasan Premium,lt,07/02/2026,0
Jawa Tengah,Kab. Cilacap,Minyak Goreng Sawit Curah,lt,07/02/2026,0
Jawa Tengah,Kab. Cilacap,Minyakita,lt,07/02/2026,0
Jawa Tengah,Kab. Cilacap,Daging Sapi Paha Belakang,kg,07/02/2026,0
Jawa Tengah,Kab. Cilacap,Daging Ayam Ras,kg,07/02/2026,0
Jawa Tengah,Kab. Cilacap,Telur Ayam Ras,kg,07/02/2026,0
Jawa Tengah,Kab. Cilacap,Tepung Terigu,kg,07/02/2026,0
Jawa Tengah,Kab. Cilacap,Kedelai Impor,kg,07/02/2026,0
Jawa Tengah,Kab. Cilacap,Cabai Merah Keriting,kg,07/02/2026,0
Jawa Tengah,Kab. Cilacap,Cabai Rawit Merah,kg,07/02/2026,0
Jawa Tengah,Kab. Cilacap,Cabai Merah Besar,kg,07/02/2026,0
Jawa Tengah,Kab. Cilacap,Bawang Merah,kg,07/02/2026,0
Jawa Tengah,Kab. Cilacap,Bawang Putih Honan,kg,07/02/2026,0
Jawa Tengah,Kab. Banyumas,Beras Medium,kg,07/02/2026,0
Jawa Tengah,Kab. Banyumas,Beras Premium,kg,07/02/2026,0
Jawa Tengah,Kab. Banyumas,Gula Pasir Curah,kg,07/02/2026,0
Jawa Tengah,Kab. Banyumas,Minyak Goreng Sawit Kemasan Premium,lt,07/02/2026,0
Jawa Tengah,Kab. Banyumas,Minyak Goreng Sawit Curah,lt,07/02/2026,0
Jawa Tengah,Kab. Banyumas,Minyakita,lt,07/02/2026,0
Jawa Tengah,Kab. Banyumas,Daging Sapi Paha Belakang,kg,07/02/2026,0
Jawa Tengah,Kab. Banyumas,Daging Ayam Ras,kg,07/02/2026,0
Jawa Tengah,Kab. Banyumas,Telur Ayam Ras,kg,07/02/2026,0
Jawa Tengah,Kab. Banyumas,Tepung Terigu,kg,07/02/2026,0
Jawa Tengah,Kab. Banyumas,Kedelai Impor,kg,07/02/2026,0
Jawa Tengah,Kab. Banyumas,Cabai Merah Keriting,kg,07/02/2026,0
Jawa Tengah,Kab. Banyumas,Cabai Rawit Merah,kg,07/02/2026,0
Jawa Tengah,Kab. Banyumas,Cabai Merah Besar,kg,07/02/2026,0
Jawa Tengah,Kab. Banyumas,Bawang Merah,kg,07/02/2026,0
Jawa Tengah,Kab. Banyumas,Bawang Putih Honan,kg,07/02/2026,0
Jawa Tengah,Kab. Purbalingga,Beras Medium,kg,07/02/2026,0
Jawa Tengah,Kab. Purbalingga,Beras Premium,kg,07/02/2026,0
Jawa Tengah,Kab. Purbalingga,Gula Pasir Curah,kg,07/02/2026,0
Jawa Tengah,Kab. Purbalingga,Minyak Goreng Sawit Kemasan Premium,lt,07/02/2026,0
Jawa Tengah,Kab. Purbalingga,Minyak Goreng Sawit Curah,lt,07/02/2026,0
Jawa Tengah,Kab. Purbalingga,Minyakita,lt,07/02/2026,0
Jawa Tengah,Kab. Purbalingga,Daging Sapi Paha Belakang,kg,07/02/2026,0
Jawa Tengah,Kab. Purbalingga,Daging Ayam Ras,kg,07/02/2026,0
Jawa Tengah,Kab. Purbalingga,Telur Ayam Ras,kg,07/02/2026,0
Jawa Tengah,Kab. Purbalingga,Tepung Terigu,kg,07/02/2026,0
Jawa Tengah,Kab. Purbalingga,Kedelai Impor,kg,07/02/2026,0
Jawa Tengah,Kab. Purbalingga,Cabai Merah Keriting,kg,07/02/2026,0
Jawa Tengah,Kab. Purbalingga,Cabai Rawit Merah,kg,07/02/2026,0
Jawa Tengah,Kab. Purbalingga,Cabai Merah Besar,kg,07/02/2026,0
Jawa Tengah,Kab. Purbalingga,Bawang Merah,kg,07/02/2026,0
Jawa Tengah,Kab. Purbalingga,Bawang Putih Honan,kg,07/02/2026,0
Jawa Tengah,Kab. Banjarnegara,Beras Medium,kg,07/02/2026,0
Jawa Tengah,Kab. Banjarnegara,Beras Premium,kg,07/02/2026,0
Jawa Tengah,Kab. Banjarnegara,Gula Pasir Curah,kg,07/02/2026,0
Jawa Tengah,Kab. Banjarnegara,Minyak Goreng Sawit Kemasan Premium,lt,07/02/2026,0
Jawa Tengah,Kab. Banjarnegara,Minyak Goreng Sawit Curah,lt,07/02/2026,0
Jawa Tengah,Kab. Banjarnegara,Minyakita,lt,07/02/2026,0
Jawa Tengah,Kab. Banjarnegara,Daging Sapi Paha Belakang,kg,07/02/2026,0
Jawa Tengah,Kab. Banjarnegara,Daging Ayam Ras,kg,07/02/2026,0
Jawa Tengah,Kab. Banjarnegara,Telur Ayam Ras,kg,07/02/2026,0
Jawa Tengah,Kab. Banjarnegara,Tepung Terigu,kg,07/02/2026,0
Jawa Tengah,Kab. Banjarnegara,Kedelai Impor,kg,07/02/2026,0
Jawa Tengah,Kab. Banjarnegara,Cabai Merah Keriting,kg,07/02/2026,0
Jawa Tengah,Kab. Banjarnegara,Cabai Rawit Merah,kg,07/02/2026,0
Jawa Tengah,Kab. Banjarnegara,Cabai Merah Besar,kg,07/02/2026,0
Jawa Tengah,Kab. Banjarnegara,Bawang Merah,kg,07/02/2026,0
Jawa Tengah,Kab. Banjarnegara,Bawang Putih Honan,kg,07/02/2026,0
Jawa Tengah,Kab. Kebumen,Beras Medium,kg,07/02/2026,0
Jawa Tengah,Kab. Kebumen,Beras Premium,kg,07/02/2026,0
Jawa Tengah,Kab. Kebumen,Gula Pasir Curah,kg,07/02/2026,0
Jawa Tengah,Kab. Kebumen,Minyak Goreng Sawit Kemasan Premium,lt,07/02/2026,0
Jawa Tengah,Kab. Kebumen,Minyak Goreng Sawit Curah,lt,07/02/2026,0
Jawa Tengah,Kab. Kebumen,Minyakita,lt,07/02/2026,0
Jawa Tengah,Kab. Kebumen,Daging Sapi Paha Belakang,kg,07/02/2026,0
Jawa Tengah,Kab. Kebumen,Daging Ayam Ras,kg,07/02/2026,0
Jawa Tengah,Kab. Kebumen,Telur Ayam Ras,kg,07/02/2026,0
Jawa Tengah,Kab. Kebumen,Tepung Terigu,kg,07/02/2026,0
Jawa Tengah,Kab. Kebumen,Kedelai Impor,kg,07/02/2026,0
Jawa Tengah,Kab. Kebumen,Cabai Merah Keriting,kg,07/02/2026,0
Jawa Tengah,Kab. Kebumen,Cabai Rawit Merah,kg,07/02/2026,0
Jawa Tengah,Kab. Kebumen,Cabai Merah Besar,kg,07/02/2026,0
Jawa Tengah,Kab. Kebumen,Bawang Merah,kg,07/02/2026,0
Jawa Tengah,Kab. Kebumen,Bawang Putih Honan,kg,07/02/2026,0
Jawa Tengah,Kab. Purworejo,Beras Medium,kg,07/02/2026,0
Jawa Tengah,Kab. Purworejo,Beras Premium,kg,07/02/2026,0
Jawa Tengah,Kab. Purworejo,Gula Pasir Curah,kg,07/02/2026,0
Jawa Tengah,Kab. Purworejo,Minyak Goreng Sawit Kemasan Premium,lt,07/02/2026,0
Jawa Tengah,Kab. Purworejo,Minyak Goreng Sawit Curah,lt,07/02/2026,0
Jawa Tengah,Kab. Purworejo,Minyakita,lt,07/02/2026,0
Jawa Tengah,Kab. Purworejo,Daging Sapi Paha Belakang,kg,07/02/2026,0
Jawa Tengah,Kab. Purworejo,Daging Ayam Ras,kg,07/02/2026,0
Jawa Tengah,Kab. Purworejo,Telur Ayam Ras,kg,07/02/2026,0
Jawa Tengah,Kab. Purworejo,Tepung Terigu,kg,07/02/2026,0
Jawa Tengah,Kab. Purworejo,Kedelai Impor,kg,07/02/2026,0
Jawa Tengah,Kab. Purworejo,Cabai Merah Keriting,kg,07/02/2026,0
Jawa Tengah,Kab. Purworejo,Cabai Rawit Merah,kg,07/02/2026,0
Jawa Tengah,Kab. Purworejo,Cabai Merah Besar,kg,07/02/2026,0
Jawa Tengah,Kab. Purworejo,Bawang Merah,kg,07/02/2026,0
Jawa Tengah,Kab. Purworejo,Bawang Putih Honan,kg,07/02/2026,0
Jawa Tengah,Kab. Wonosobo,Beras Medium,kg,07/02/2026,0
Jawa Tengah,Kab. Wonosobo,Beras Premium,kg,07/02/2026,0
Jawa Tengah,Kab. Wonosobo,Gula Pasir Curah,kg,07/02/2026,0
Jawa Tengah,Kab. Wonosobo,Minyak Goreng Sawit Kemasan Premium,lt,07/02/2026,0
Jawa Tengah,Kab. Wonosobo,Minyak Goreng Sawit Curah,lt,07/02/2026,0
Jawa Tengah,Kab. Wonosobo,Minyakita,lt,07/02/2026,0
Jawa Tengah,Kab. Wonosobo,Daging Sapi Paha Belakang,kg,07/02/2026,0
Jawa Tengah,Kab. Wonosobo,Daging Ayam Ras,kg,07/02/2026,0
Jawa Tengah,Kab. Wonosobo,Telur Ayam Ras,kg,07/02/2026,0
Jawa Tengah,Kab. Wonosobo,Tepung Terigu,kg,07/02/2026,0
Jawa Tengah,Kab. Wonosobo,Kedelai Impor,kg,07/02/2026,0
Jawa Tengah,Kab. Wonosobo,Cabai Merah Keriting,kg,07/02/2026,0
Jawa Tengah,Kab. Wonosobo,Cabai Rawit Merah,kg,07/02/2026,0
Jawa Tengah,Kab. Wonosobo,Cabai Merah Besar,kg,07/02/2026,0
Jawa Tengah,Kab. Wonosobo,Bawang Merah,kg,07/02/2026,0
Jawa Tengah,Kab. Wonosobo,Bawang Putih Honan,kg,07/02/2026,0
Jawa Tengah,Kab. Magelang,Beras Medium,kg,07/02/2026,0
Jawa Tengah,Kab. Magelang,Beras Premium,kg,07/02/2026,0
Jawa Tengah,Kab. Magelang,Gula Pasir Curah,kg,07/02/2026,0
Jawa Tengah,Kab. Magelang,Minyak Goreng Sawit Kemasan Premium,lt,07/02/2026,0
Jawa Tengah,Kab. Magelang,Minyak Goreng Sawit Curah,lt,07/02/2026,0
Jawa Tengah,Kab. Magelang,Minyakita,lt,07/02/2026,0
Jawa Tengah,Kab. Magelang,Daging Sapi Paha Belakang,kg,07/02/2026,0
Jawa Tengah,Kab. Magelang,Daging Ayam Ras,kg,07/02/2026,0
Jawa Tengah,Kab. Magelang,Telur Ayam Ras,kg,07/02/2026,0
Jawa Tengah,Kab. Magelang,Tepung Terigu,kg,07/02/2026,0
Jawa Tengah,Kab. Magelang,Kedelai Impor,kg,07/02/2026,0
Jawa Tengah,Kab. Magelang,Cabai Merah Keriting,kg,07/02/2026,0
Jawa Tengah,Kab. Magelang,Cabai Rawit Merah,kg,07/02/2026,0
Jawa Tengah,Kab. Magelang,Cabai Merah Besar,kg,07/02/2026,0
Jawa Tengah,Kab. Magelang,Bawang Merah,kg,07/02/2026,0
Jawa Tengah,Kab. Magelang,Bawang Putih Honan,kg,07/02/2026,0
Jawa Tengah,Kab. Boyolali,Beras Medium,kg,07/02/2026,0
Jawa Tengah,Kab. Boyolali,Beras Premium,kg,07/02/2026,0
Jawa Tengah,Kab. Boyolali,Gula Pasir Curah,kg,07/02/2026,0
Jawa Tengah,Kab. Boyolali,Minyak Goreng Sawit Kemasan Premium,lt,07/02/2026,0
Jawa Tengah,Kab. Boyolali,Minyak Goreng Sawit Curah,lt,07/02/2026,0
Jawa Tengah,Kab. Boyolali,Minyakita,lt,07/02/2026,0
Jawa Tengah,Kab. Boyolali,Daging Sapi Paha Belakang,kg,07/02/2026,0
Jawa Tengah,Kab. Boyolali,Daging Ayam Ras,kg,07/02/2026,0
Jawa Tengah,Kab. Boyolali,Telur Ayam Ras,kg,07/02/2026,0
Jawa Tengah,Kab. Boyolali,Tepung Terigu,kg,07/02/2026,0
Jawa Tengah,Kab. Boyolali,Kedelai Impor,kg,07/02/2026,0
Jawa Tengah,Kab. Boyolali,Cabai Merah Keriting,kg,07/02/2026,0
Jawa Tengah,Kab. Boyolali,Cabai Rawit Merah,kg,07/02/2026,0
Jawa Tengah,Kab. Boyolali,Cabai Merah Besar,kg,07/02/2026,0
Jawa Tengah,Kab. Boyolali,Bawang Merah,kg,07/02/2026,0
Jawa Tengah,Kab. Boyolali,Bawang Putih Honan,kg,07/02/2026,0
Jawa Tengah,Kab. Klaten,Beras Medium,kg,07/02/2026,0
Jawa Tengah,Kab. Klaten,Beras Premium,kg,07/02/2026,0
Jawa Tengah,Kab. Klaten,Gula Pasir Curah,kg,07/02/2026,0
Jawa Tengah,Kab. Klaten,Minyak Goreng Sawit Kemasan Premium,lt,07/02/2026,0
Jawa Tengah,Kab. Klaten,Minyak Goreng Sawit Curah,lt,07/02/2026,0
Jawa Tengah,Kab. Klaten,Minyakita,lt,07/02/2026,0
Jawa Tengah,Kab. Klaten,Daging Sapi Paha Belakang,kg,07/02/2026,0
Jawa Tengah,Kab. Klaten,Daging Ayam Ras,kg,07/02/2026,0
Jawa Tengah,Kab. Klaten,Telur Ayam Ras,kg,07/02/2026,0
Jawa Tengah,Kab. Klaten,Tepung Terigu,kg,07/02/2026,0
Jawa Tengah,Kab. Klaten,Kedelai Impor,kg,07/02/2026,0
Jawa Tengah,Kab. Klaten,Cabai Merah Keriting,kg,07/02/2026,0
Jawa Tengah,Kab. Klaten,Cabai Rawit Merah,kg,07/02/2026,0
Jawa Tengah,Kab. Klaten,Cabai Merah Besar,kg,07/02/2026,0
Jawa Tengah,Kab. Klaten,Bawang Merah,kg,07/02/2026,0
Jawa Tengah,Kab. Klaten,Bawang Putih Honan,kg,07/02/2026,0
Jawa Tengah,Kab. Sukoharjo,Beras Medium,kg,07/02/2026,0
Jawa Tengah,Kab. Sukoharjo,Beras Premium,kg,07/02/2026,0
Jawa Tengah,Kab. Sukoharjo,Gula Pasir Curah,kg,07/02/2026,0
Jawa Tengah,Kab. Sukoharjo,Minyak Goreng Sawit Kemasan Premium,lt,07/02/2026,0
Jawa Tengah,Kab. Sukoharjo,Minyak Goreng Sawit Curah,lt,07/02/2026,0
Jawa Tengah,Kab. Sukoharjo,Minyakita,lt,07/02/2026,0
Jawa Tengah,Kab. Sukoharjo,Daging Sapi Paha Belakang,kg,07/02/2026,0
Jawa Tengah,Kab. Sukoharjo,Daging Ayam Ras,kg,07/02/2026,0
Jawa Tengah,Kab. Sukoharjo,Telur Ayam Ras,kg,07/02/2026,0
Jawa Tengah,Kab. Sukoharjo,Tepung Terigu,kg,07/02/2026,0
Jawa Tengah,Kab. Sukoharjo,Kedelai Impor,kg,07/02/2026,0
Jawa Tengah,Kab. Sukoharjo,Cabai Merah Keriting,kg,07/02/2026,0
Jawa Tengah,Kab. Sukoharjo,Cabai Rawit Merah,kg,07/02/2026,0
Jawa Tengah,Kab. Sukoharjo,Cabai Merah Besar,kg,07/02/2026,0
Jawa Tengah,Kab. Sukoharjo,Bawang Merah,kg,07/02/2026,0
Jawa Tengah,Kab. Sukoharjo,Bawang Putih Honan,kg,07/02/2026,0
Jawa Tengah,Kab. Wonogiri,Beras Medium,kg,07/02/2026,0
Jawa Tengah,Kab. Wonogiri,Beras Premium,kg,07/02/2026,0
Jawa Tengah,Kab. Wonogiri,Gula Pasir Curah,kg,07/02/2026,0
Jawa Tengah,Kab. Wonogiri,Minyak Goreng Sawit Kemasan Premium,lt,07/02/2026,0
Jawa Tengah,Kab. Wonogiri,Minyak Goreng Sawit Curah,lt,07/02/2026,0
Jawa Tengah,Kab. Wonogiri,Minyakita,lt,07/02/2026,0
Jawa Tengah,Kab. Wonogiri,Daging Sapi Paha Belakang,kg,07/02/2026,0
Jawa Tengah,Kab. Wonogiri,Daging Ayam Ras,kg,07/02/2026,0
Jawa Tengah,Kab. Wonogiri,Telur Ayam Ras,kg,07/02/2026,0
Jawa Tengah,Kab. Wonogiri,Tepung Terigu,kg,07/02/2026,0
Jawa Tengah,Kab. Wonogiri,Kedelai Impor,kg,07/02/2026,0
Jawa Tengah,Kab. Wonogiri,Cabai Merah Keriting,kg,07/02/2026,0
Jawa Tengah,Kab. Wonogiri,Cabai Rawit Merah,kg,07/02/2026,0
Jawa Tengah,Kab. Wonogiri,Cabai Merah Besar,kg,07/02/2026,0
Jawa Tengah,Kab. Wonogiri,Bawang Merah,kg,07/02/2026,0
Jawa Tengah,Kab. Wonogiri,Bawang Putih Honan,kg,07/02/2026,0
Jawa Tengah,Kab. Karanganyar,Beras Medium,kg,07/02/2026,0
Jawa Tengah,Kab. Karanganyar,Beras Premium,kg,07/02/2026,0
Jawa Tengah,Kab. Karanganyar,Gula Pasir Curah,kg,07/02/2026,0
Jawa Tengah,Kab. Karanganyar,Minyak Goreng Sawit Kemasan Premium,lt,07/02/2026,0
Jawa Tengah,Kab. Karanganyar,Minyak Goreng Sawit Curah,lt,07/02/2026,0
Jawa Tengah,Kab. Karanganyar,Minyakita,lt,07/02/2026,0
Jawa Tengah,Kab. Karanganyar,Daging Sapi Paha Belakang,kg,07/02/2026,0
Jawa Tengah,Kab. Karanganyar,Daging Ayam Ras,kg,07/02/2026,0
Jawa Tengah,Kab. Karanganyar,Telur Ayam Ras,kg,07/02/2026,0
Jawa Tengah,Kab. Karanganyar,Tepung Terigu,kg,07/02/2026,0
Jawa Tengah,Kab. Karanganyar,Kedelai Impor,kg,07/02/2026,0
Jawa Tengah,Kab. Karanganyar,Cabai Merah Keriting,kg,07/02/2026,0
Jawa Tengah,Kab. Karanganyar,Cabai Rawit Merah,kg,07/02/2026,0
Jawa Tengah,Kab. Karanganyar,Cabai Merah Besar,kg,07/02/2026,0
Jawa Tengah,Kab. Karanganyar,Bawang Merah,kg,07/02/2026,0
Jawa Tengah,Kab. Karanganyar,Bawang Putih Honan,kg,07/02/2026,0
Jawa Tengah,Kab. Sragen,Beras Medium,kg,07/02/2026,0
Jawa Tengah,Kab. Sragen,Beras Premium,kg,07/02/2026,0
Jawa Tengah,Kab. Sragen,Gula Pasir Curah,kg,07/02/2026,0
Jawa Tengah,Kab. Sragen,Minyak Goreng Sawit Kemasan Premium,lt,07/02/2026,0
Jawa Tengah,Kab. Sragen,Minyak Goreng Sawit Curah,lt,07/02/2026,0
Jawa Tengah,Kab. Sragen,Minyakita,lt,07/02/2026,0
Jawa Tengah,Kab. Sragen,Daging Sapi Paha Belakang,kg,07/02/2026,0
Jawa Tengah,Kab. Sragen,Daging Ayam Ras,kg,07/02/2026,0
Jawa Tengah,Kab. Sragen,Telur Ayam Ras,kg,07/02/2026,0
Jawa Tengah,Kab. Sragen,Tepung Terigu,kg,07/02/2026,0
Jawa Tengah,Kab. Sragen,Kedelai Impor,kg,07/02/2026,0
Jawa Tengah,Kab. Sragen,Cabai Merah Keriting,kg,07/02/2026,0
Jawa Tengah,Kab. Sragen,Cabai Rawit Merah,kg,07/02/2026,0
Jawa Tengah,Kab. Sragen,Cabai Merah Besar,kg,07/02/2026,0
Jawa Tengah,Kab. Sragen,Bawang Merah,kg,07/02/2026,0
Jawa Tengah,Kab. Sragen,Bawang Putih Honan,kg,07/02/2026,0
Jawa Tengah,Kab. Grobogan,Beras Medium,kg,07/02/2026,0
Jawa Tengah,Kab. Grobogan,Beras Premium,kg,07/02/2026,0
Jawa Tengah,Kab. Grobogan,Gula Pasir Curah,kg,07/02/2026,0
Jawa Tengah,Kab. Grobogan,Minyak Goreng Sawit Kemasan Premium,lt,07/02/2026,0
Jawa Tengah,Kab. Grobogan,Minyak Goreng Sawit Curah,lt,07/02/2026,0
Jawa Tengah,Kab. Grobogan,Minyakita,lt,07/02/2026,0
Jawa Tengah,Kab. Grobogan,Daging Sapi Paha Belakang,kg,07/02/2026,0
Jawa Tengah,Kab. Grobogan,Daging Ayam Ras,kg,07/02/2026,0
Jawa Tengah,Kab. Grobogan,Telur Ayam Ras,kg,07/02/2026,0
Jawa Tengah,Kab. Grobogan,Tepung Terigu,kg,07/02/2026,0
Jawa Tengah,Kab. Grobogan,Kedelai Impor,kg,07/02/2026,0
Jawa Tengah,Kab. Grobogan,Cabai Merah Keriting,kg,07/02/2026,0
Jawa Tengah,Kab. Grobogan,Cabai Rawit Merah,kg,07/02/2026,0
Jawa Tengah,Kab. Grobogan,Cabai Merah Besar,kg,07/02/2026,0
Jawa Tengah,Kab. Grobogan,Bawang Merah,kg,07/02/2026,0
Jawa Tengah,Kab. Grobogan,Bawang Putih Honan,kg,07/02/2026,0
Jawa Tengah,Kab. Blora,Beras Medium,kg,07/02/2026,0
Jawa Tengah,Kab. Blora,Beras Premium,kg,07/02/2026,0
Jawa Tengah,Kab. Blora,Gula Pasir Curah,kg,07/02/2026,0
Jawa Tengah,Kab. Blora,Minyak Goreng Sawit Kemasan Premium,lt,07/02/2026,0
Jawa Tengah,Kab. Blora,Minyak Goreng Sawit Curah,lt,07/02/2026,0
Jawa Tengah,Kab. Blora,Minyakita,lt,07/02/2026,0
Jawa Tengah,Kab. Blora,Daging Sapi Paha Belakang,kg,07/02/2026,0
Jawa Tengah,Kab. Blora,Daging Ayam Ras,kg,07/02/2026,0
Jawa Tengah,Kab. Blora,Telur Ayam Ras,kg,07/02/2026,0
Jawa Tengah,Kab. Blora,Tepung Terigu,kg,07/02/2026,0
Jawa Tengah,Kab. Blora,Kedelai Impor,kg,07/02/2026,0
Jawa Tengah,Kab. Blora,Cabai Merah Keriting,kg,07/02/2026,0
Jawa Tengah,Kab. Blora,Cabai Rawit Merah,kg,07/02/2026,0
Jawa Tengah,Kab. Blora,Cabai Merah Besar,kg,07/02/2026,0
Jawa Tengah,Kab. Blora,Bawang Merah,kg,07/02/2026,0
Jawa Tengah,Kab. Blora,Bawang Putih Honan,kg,07/02/2026,0
Jawa Tengah,Kab. Rembang,Beras Medium,kg,07/02/2026,0
Jawa Tengah,Kab. Rembang,Beras Premium,kg,07/02/2026,0
Jawa Tengah,Kab. Rembang,Gula Pasir Curah,kg,07/02/2026,0
Jawa Tengah,Kab. Rembang,Minyak Goreng Sawit Kemasan Premium,lt,07/02/2026,0
Jawa Tengah,Kab. Rembang,Minyak Goreng Sawit Curah,lt,07/02/2026,0
Jawa Tengah,Kab. Rembang,Minyakita,lt,07/02/2026,0
Jawa Tengah,Kab. Rembang,Daging Sapi Paha Belakang,kg,07/02/2026,0
Jawa Tengah,Kab. Rembang,Daging Ayam Ras,kg,07/02/2026,0
Jawa Tengah,Kab. Rembang,Telur Ayam Ras,kg,07/02/2026,0
Jawa Tengah,Kab. Rembang,Tepung Terigu,kg,07/02/2026,0
Jawa Tengah,Kab. Rembang,Kedelai Impor,kg,07/02/2026,0
Jawa Tengah,Kab. Rembang,Cabai Merah Keriting,kg,07/02/2026,0
Jawa Tengah,Kab. Rembang,Cabai Rawit Merah,kg,07/02/2026,0
Jawa Tengah,Kab. Rembang,Cabai Merah Besar,kg,07/02/2026,0
Jawa Tengah,Kab. Rembang,Bawang Merah,kg,07/02/2026,0
Jawa Tengah,Kab. Rembang,Bawang Putih Honan,kg,07/02/2026,0
Jawa Tengah,Kab. Pati,Beras Medium,kg,07/02/2026,0
Jawa Tengah,Kab. Pati,Beras Premium,kg,07/02/2026,0
Jawa Tengah,Kab. Pati,Gula Pasir Curah,kg,07/02/2026,0
Jawa Tengah,Kab. Pati,Minyak Goreng Sawit Kemasan Premium,lt,07/02/2026,0
Jawa Tengah,Kab. Pati,Minyak Goreng Sawit Curah,lt,07/02/2026,0
Jawa Tengah,Kab. Pati,Minyakita,lt,07/02/2026,0
Jawa Tengah,Kab. Pati,Daging Sapi Paha Belakang,kg,07/02/2026,0
Jawa Tengah,Kab. Pati,Daging Ayam Ras,kg,07/02/2026,0
Jawa Tengah,Kab. Pati,Telur Ayam Ras,kg,07/02/2026,0
Jawa Tengah,Kab. Pati,Tepung Terigu,kg,07/02/2026,0
Jawa Tengah,Kab. Pati,Kedelai Impor,kg,07/02/2026,0
Jawa Tengah,Kab. Pati,Cabai Merah Keriting,kg,07/02/2026,0
Jawa Tengah,Kab. Pati,Cabai Rawit Merah,kg,07/02/2026,0
Jawa Tengah,Kab. Pati,Cabai Merah Besar,kg,07/02/2026,0
Jawa Tengah,Kab. Pati,Bawang Merah,kg,07/02/2026,0
Jawa Tengah,Kab. Pati,Bawang Putih Honan,kg,07/02/2026,0
Jawa Tengah,Kab. Kudus,Beras Medium,kg,07/02/2026,0
Jawa Tengah,Kab. Kudus,Beras Premium,kg,07/02/2026,0
Jawa Tengah,Kab. Kudus,Gula Pasir Curah,kg,07/02/2026,0
Jawa Tengah,Kab. Kudus,Minyak Goreng Sawit Kemasan Premium,lt,07/02/2026,0
Jawa Tengah,Kab. Kudus,Minyak Goreng Sawit Curah,lt,07/02/2026,0
Jawa Tengah,Kab. Kudus,Minyakita,lt,07/02/2026,0
Jawa Tengah,Kab. Kudus,Daging Sapi Paha Belakang,kg,07/02/2026,0
Jawa Tengah,Kab. Kudus,Daging Ayam Ras,kg,07/02/2026,0
Jawa Tengah,Kab. Kudus,Telur Ayam Ras,kg,07/02/2026,0
Jawa Tengah,Kab. Kudus,Tepung Terigu,kg,07/02/2026,0
Jawa Tengah,Kab. Kudus,Kedelai Impor,kg,07/02/2026,0
Jawa Tengah,Kab. Kudus,Cabai Merah Keriting,kg,07/02/2026,0
Jawa Tengah,Kab. Kudus,Cabai Rawit Merah,kg,07/02/2026,0
Jawa Tengah,Kab. Kudus,Cabai Merah Besar,kg,07/02/2026,0
Jawa Tengah,Kab. Kudus,Bawang Merah,kg,07/02/2026,0
Jawa Tengah,Kab. Kudus,Bawang Putih Honan,kg,07/02/2026,0
Jawa Tengah,Kab. Jepara,Beras Medium,kg,07/02/2026,0
Jawa Tengah,Kab. Jepara,Beras Premium,kg,07/02/2026,0
Jawa Tengah,Kab. Jepara,Gula Pasir Curah,kg,07/02/2026,0
Jawa Tengah,Kab. Jepara,Minyak Goreng Sawit Kemasan Premium,lt,07/02/2026,0
Jawa Tengah,Kab. Jepara,Minyak Goreng Sawit Curah,lt,07/02/2026,0
Jawa Tengah,Kab. Jepara,Minyakita,lt,07/02/2026,0
Jawa Tengah,Kab. Jepara,Daging Sapi Paha Belakang,kg,07/02/2026,0
Jawa Tengah,Kab. Jepara,Daging Ayam Ras,kg,07/02/2026,0
Jawa Tengah,Kab. Jepara,Telur Ayam Ras,kg,07/02/2026,0
Jawa Tengah,Kab. Jepara,Tepung Terigu,kg,07/02/2026,0
Jawa Tengah,Kab. Jepara,Kedelai Impor,kg,07/02/2026,0
Jawa Tengah,Kab. Jepara,Cabai Merah Keriting,kg,07/02/2026,0
Jawa Tengah,Kab. Jepara,Cabai Rawit Merah,kg,07/02/2026,0
Jawa Tengah,Kab. Jepara,Cabai Merah Besar,kg,07/02/2026,0
Jawa Tengah,Kab. Jepara,Bawang Merah,kg,07/02/2026,0
Jawa Tengah,Kab. Jepara,Bawang Putih Honan,kg,07/02/2026,0
Jawa Tengah,Kab. Demak,Beras Medium,kg,07/02/2026,0
Jawa Tengah,Kab. Demak,Beras Premium,kg,07/02/2026,0
Jawa Tengah,Kab. Demak,Gula Pasir Curah,kg,07/02/2026,0
Jawa Tengah,Kab. Demak,Minyak Goreng Sawit Kemasan Premium,lt,07/02/2026,0
Jawa Tengah,Kab. Demak,Minyak Goreng Sawit Curah,lt,07/02/2026,0
Jawa Tengah,Kab. Demak,Minyakita,lt,07/02/2026,0
Jawa Tengah,Kab. Demak,Daging Sapi Paha Belakang,kg,07/02/2026,0
Jawa Tengah,Kab. Demak,Daging Ayam Ras,kg,07/02/2026,0
Jawa Tengah,Kab. Demak,Telur Ayam Ras,kg,07/02/2026,0
Jawa Tengah,Kab. Demak,Tepung Terigu,kg,07/02/2026,0
Jawa Tengah,Kab. Demak,Kedelai Impor,kg,07/02/2026,0
Jawa Tengah,Kab. Demak,Cabai Merah Keriting,kg,07/02/2026,0
Jawa Tengah,Kab. Demak,Cabai Rawit Merah,kg,07/02/2026,0
Jawa Tengah,Kab. Demak,Cabai Merah Besar,kg,07/02/2026,0
Jawa Tengah,Kab. Demak,Bawang Merah,kg,07/02/2026,0
Jawa Tengah,Kab. Demak,Bawang Putih Honan,kg,07/02/2026,0
Jawa Tengah,Kab. Semarang,Beras Medium,kg,07/02/2026,0
Jawa Tengah,Kab. Semarang,Beras Premium,kg,07/02/2026,0
Jawa Tengah,Kab. Semarang,Gula Pasir Curah,kg,07/02/2026,0
Jawa Tengah,Kab. Semarang,Minyak Goreng Sawit Kemasan Premium,lt,07/02/2026,0
Jawa Tengah,Kab. Semarang,Minyak Goreng Sawit Curah,lt,07/02/2026,0
Jawa Tengah,Kab. Semarang,Minyakita,lt,07/02/2026,0
Jawa Tengah,Kab. Semarang,Daging Sapi Paha Belakang,kg,07/02/2026,0
Jawa Tengah,Kab. Semarang,Daging Ayam Ras,kg,07/02/2026,0
Jawa Tengah,Kab. Semarang,Telur Ayam Ras,kg,07/02/2026,0
Jawa Tengah,Kab. Semarang,Tepung Terigu,kg,07/02/2026,0
Jawa Tengah,Kab. Semarang,Kedelai Impor,kg,07/02/2026,0
Jawa Tengah,Kab. Semarang,Cabai Merah Keriting,kg,07/02/2026,0
Jawa Tengah,Kab. Semarang,Cabai Rawit Merah,kg,07/02/2026,0
Jawa Tengah,Kab. Semarang,Cabai Merah Besar,kg,07/02/2026,0
Jawa Tengah,Kab. Semarang,Bawang Merah,kg,07/02/2026,0
Jawa Tengah,Kab. Semarang,Bawang Putih Honan,kg,07/02/2026,0
Jawa Tengah,Kab. Temanggung,Beras Medium,kg,07/02/2026,0
Jawa Tengah,Kab. Temanggung,Beras Premium,kg,07/02/2026,0
Jawa Tengah,Kab. Temanggung,Gula Pasir Curah,kg,07/02/2026,0
Jawa Tengah,Kab. Temanggung,Minyak Goreng Sawit Kemasan Premium,lt,07/02/2026,0
Jawa Tengah,Kab. Temanggung,Minyak Goreng Sawit Curah,lt,07/02/2026,0
Jawa Tengah,Kab. Temanggung,Minyakita,lt,07/02/2026,0
Jawa Tengah,Kab. Temanggung,Daging Sapi Paha Belakang,kg,07/02/2026,0
Jawa Tengah,Kab. Temanggung,Daging Ayam Ras,kg,07/02/2026,0
Jawa Tengah,Kab. Temanggung,Telur Ayam Ras,kg,07/02/2026,0
Jawa Tengah,Kab. Temanggung,Tepung Terigu,kg,07/02/2026,0
Jawa Tengah,Kab. Temanggung,Kedelai Impor,kg,07/02/2026,0
Jawa Tengah,Kab. Temanggung,Cabai Merah Keriting,kg,07/02/2026,0
Jawa Tengah,Kab. Temanggung,Cabai Rawit Merah,kg,07/02/2026,0
Jawa Tengah,Kab. Temanggung,Cabai Merah Besar,kg,07/02/2026,0
Jawa Tengah,Kab. Temanggung,Bawang Merah,kg,07/02/2026,0
Jawa Tengah,Kab. Temanggung,Bawang Putih Honan,kg,07/02/2026,0
Jawa Tengah,Kab. Kendal,Beras Medium,kg,07/02/2026,0
Jawa Tengah,Kab. Kendal,Beras Premium,kg,07/02/2026,0
Jawa Tengah,Kab. Kendal,Gula Pasir Curah,kg,07/02/2026,0
Jawa Tengah,Kab. Kendal,Minyak Goreng Sawit Kemasan Premium,lt,07/02/2026,0
Jawa Tengah,Kab. Kendal,Minyak Goreng Sawit Curah,lt,07/02/2026,0
Jawa Tengah,Kab. Kendal,Minyakita,lt,07/02/2026,0
Jawa Tengah,Kab. Kendal,Daging Sapi Paha Belakang,kg,07/02/2026,0
Jawa Tengah,Kab. Kendal,Daging Ayam Ras,kg,07/02/2026,0
Jawa Tengah,Kab. Kendal,Telur Ayam Ras,kg,07/02/2026,0
Jawa Tengah,Kab. Kendal,Tepung Terigu,kg,07/02/2026,0
Jawa Tengah,Kab. Kendal,Kedelai Impor,kg,07/02/2026,0
Jawa Tengah,Kab. Kendal,Cabai Merah Keriting,kg,07/02/2026,0
Jawa Tengah,Kab. Kendal,Cabai Rawit Merah,kg,07/02/2026,0
Jawa Tengah,Kab. Kendal,Cabai Merah Besar,kg,07/02/2026,0
Jawa Tengah,Kab. Kendal,Bawang Merah,kg,07/02/2026,0
Jawa Tengah,Kab. Kendal,Bawang Putih Honan,kg,07/02/2026,0
Jawa Tengah,Kab. Batang,Beras Medium,kg,07/02/2026,0
Jawa Tengah,Kab. Batang,Beras Premium,kg,07/02/2026,0
Jawa Tengah,Kab. Batang,Gula Pasir Curah,kg,07/02/2026,0
Jawa Tengah,Kab. Batang,Minyak Goreng Sawit Kemasan Premium,lt,07/02/2026,0
Jawa Tengah,Kab. Batang,Minyak Goreng Sawit Curah,lt,07/02/2026,0
Jawa Tengah,Kab. Batang,Minyakita,lt,07/02/2026,0
Jawa Tengah,Kab. Batang,Daging Sapi Paha Belakang,kg,07/02/2026,0
Jawa Tengah,Kab. Batang,Daging Ayam Ras,kg,07/02/2026,0
Jawa Tengah,Kab. Batang,Telur Ayam Ras,kg,07/02/2026,0
Jawa Tengah,Kab. Batang,Tepung Terigu,kg,07/02/2026,0
Jawa Tengah,Kab. Batang,Kedelai Impor,kg,07/02/2026,0
Jawa Tengah,Kab. Batang,Cabai Merah Keriting,kg,07/02/2026,0
Jawa Tengah,Kab. Batang,Cabai Rawit Merah,kg,07/02/2026,0
Jawa Tengah,Kab. Batang,Cabai Merah Besar,kg,07/02/2026,0
Jawa Tengah,Kab. Batang,Bawang Merah,kg,07/02/2026,0
Jawa Tengah,Kab. Batang,Bawang Putih Honan,kg,07/02/2026,0
Jawa Tengah,Kab. Pekalongan,Beras Medium,kg,07/02/2026,0
Jawa Tengah,Kab. Pekalongan,Beras Premium,kg,07/02/2026,0
Jawa Tengah,Kab. Pekalongan,Gula Pasir Curah,kg,07/02/2026,0
Jawa Tengah,Kab. Pekalongan,Minyak Goreng Sawit Kemasan Premium,lt,07/02/2026,0
Jawa Tengah,Kab. Pekalongan,Minyak Goreng Sawit Curah,lt,07/02/2026,0
Jawa Tengah,Kab. Pekalongan,Minyakita,lt,07/02/2026,0
Jawa Tengah,Kab. Pekalongan,Daging Sapi Paha Belakang,kg,07/02/2026,0
Jawa Tengah,Kab. Pekalongan,Daging Ayam Ras,kg,07/02/2026,0
Jawa Tengah,Kab. Pekalongan,Telur Ayam Ras,kg,07/02/2026,0
Jawa Tengah,Kab. Pekalongan,Tepung Terigu,kg,07/02/2026,0
Jawa Tengah,Kab. Pekalongan,Kedelai Impor,kg,07/02/2026,0
Jawa Tengah,Kab. Pekalongan,Cabai Merah Keriting,kg,07/02/2026,0
Jawa Tengah,Kab. Pekalongan,Cabai Rawit Merah,kg,07/02/2026,0
Jawa Tengah,Kab. Pekalongan,Cabai Merah Besar,kg,07/02/2026,0
Jawa Tengah,Kab. Pekalongan,Bawang Merah,kg,07/02/2026,0
Jawa Tengah,Kab. Pekalongan,Bawang Putih Honan,kg,07/02/2026,0
Jawa Tengah,Kab. Pemalang,Beras Medium,kg,07/02/2026,0
Jawa Tengah,Kab. Pemalang,Beras Premium,kg,07/02/2026,0
Jawa Tengah,Kab. Pemalang,Gula Pasir Curah,kg,07/02/2026,0
Jawa Tengah,Kab. Pemalang,Minyak Goreng Sawit Kemasan Premium,lt,07/02/2026,0
Jawa Tengah,Kab. Pemalang,Minyak Goreng Sawit Curah,lt,07/02/2026,0
Jawa Tengah,Kab. Pemalang,Minyakita,lt,07/02/2026,0
Jawa Tengah,Kab. Pemalang,Daging Sapi Paha Belakang,kg,07/02/2026,0
Jawa Tengah,Kab. Pemalang,Daging Ayam Ras,kg,07/02/2026,0
Jawa Tengah,Kab. Pemalang,Telur Ayam Ras,kg,07/02/2026,0
Jawa Tengah,Kab. Pemalang,Tepung Terigu,kg,07/02/2026,0
Jawa Tengah,Kab. Pemalang,Kedelai Impor,kg,07/02/2026,0
Jawa Tengah,Kab. Pemalang,Cabai Merah Keriting,kg,07/02/2026,0
Jawa Tengah,Kab. Pemalang,Cabai Rawit Merah,kg,07/02/2026,0
Jawa Tengah,Kab. Pemalang,Cabai Merah Besar,kg,07/02/2026,0
Jawa Tengah,Kab. Pemalang,Bawang Merah,kg,07/02/2026,0
Jawa Tengah,Kab. Pemalang,Bawang Putih Honan,kg,07/02/2026,0
Jawa Tengah,Kab. Tegal,Beras Medium,kg,07/02/2026,0
Jawa Tengah,Kab. Tegal,Beras Premium,kg,07/02/2026,0
Jawa Tengah,Kab. Tegal,Gula Pasir Curah,kg,07/02/2026,0
Jawa Tengah,Kab. Tegal,Minyak Goreng Sawit Kemasan Premium,lt,07/02/2026,0
Jawa Tengah,Kab. Tegal,Minyak Goreng Sawit Curah,lt,07/02/2026,0
Jawa Tengah,Kab. Tegal,Minyakita,lt,07/02/2026,0
Jawa Tengah,Kab. Tegal,Daging Sapi Paha Belakang,kg,07/02/2026,0
Jawa Tengah,Kab. Tegal,Daging Ayam Ras,kg,07/02/2026,0
Jawa Tengah,Kab. Tegal,Telur Ayam Ras,kg,07/02/2026,0
Jawa Tengah,Kab. Tegal,Tepung Terigu,kg,07/02/2026,0
Jawa Tengah,Kab. Tegal,Kedelai Impor,kg,07/02/2026,0
Jawa Tengah,Kab. Tegal,Cabai Merah Keriting,kg,07/02/2026,0
Jawa Tengah,Kab. Tegal,Cabai Rawit Merah,kg,07/02/2026,0
Jawa Tengah,Kab. Tegal,Cabai Merah Besar,kg,07/02/2026,0
Jawa Tengah,Kab. Tegal,Bawang Merah,kg,07/02/2026,0
Jawa Tengah,Kab. Tegal,Bawang Putih Honan,kg,07/02/2026,0
Jawa Tengah,Kab. Brebes,Beras Medium,kg,07/02/2026,0
Jawa Tengah,Kab. Brebes,Beras Premium,kg,07/02/2026,0
Jawa Tengah,Kab. Brebes,Gula Pasir Curah,kg,07/02/2026,0
Jawa Tengah,Kab. Brebes,Minyak Goreng Sawit Kemasan Premium,lt,07/02/2026,0
Jawa Tengah,Kab. Brebes,Minyak Goreng Sawit Curah,lt,07/02/2026,0
Jawa Tengah,Kab. Brebes,Minyakita,lt,07/02/2026,0
Jawa Tengah,Kab. Brebes,Daging Sapi Paha Belakang,kg,07/02/2026,0
Jawa Tengah,Kab. Brebes,Daging Ayam Ras,kg,07/02/2026,0
Jawa Tengah,Kab. Brebes,Telur Ayam Ras,kg,07/02/2026,0
Jawa Tengah,Kab. Brebes,Tepung Terigu,kg,07/02/2026,0
Jawa Tengah,Kab. Brebes,Kedelai Impor,kg,07/02/2026,0
Jawa Tengah,Kab. Brebes,Cabai Merah Keriting,kg,07/02/2026,0
Jawa Tengah,Kab. Brebes,Cabai Rawit Merah,kg,07/02/2026,0
Jawa Tengah,Kab. Brebes,Cabai Merah Besar,kg,07/02/2026,0
Jawa Tengah,Kab. Brebes,Bawang Merah,kg,07/02/2026,0
Jawa Tengah,Kab. Brebes,Bawang Putih Honan,kg,07/02/2026,0
Jawa Tengah,Kota Magelang,Beras Medium,kg,07/02/2026,0
Jawa Tengah,Kota Magelang,Beras Premium,kg,07/02/2026,0
Jawa Tengah,Kota Magelang,Gula Pasir Curah,kg,07/02/2026,0
Jawa Tengah,Kota Magelang,Minyak Goreng Sawit Kemasan Premium,lt,07/02/2026,0
Jawa Tengah,Kota Magelang,Minyak Goreng Sawit Curah,lt,07/02/2026,0
Jawa Tengah,Kota Magelang,Minyakita,lt,07/02/2026,0
Jawa Tengah,Kota Magelang,Daging Sapi Paha Belakang,kg,07/02/2026,0
Jawa Tengah,Kota Magelang,Daging Ayam Ras,kg,07/02/2026,0
Jawa Tengah,Kota Magelang,Telur Ayam Ras,kg,07/02/2026,0
Jawa Tengah,Kota Magelang,Tepung Terigu,kg,07/02/2026,0
Jawa Tengah,Kota Magelang,Kedelai Impor,kg,07/02/2026,0
Jawa Tengah,Kota Magelang,Cabai Merah Keriting,kg,07/02/2026,0
Jawa Tengah,Kota Magelang,Cabai Rawit Merah,kg,07/02/2026,0
Jawa Tengah,Kota Magelang,Cabai Merah Besar,kg,07/02/2026,0
Jawa Tengah,Kota Magelang,Bawang Merah,kg,07/02/2026,0
Jawa Tengah,Kota Magelang,Bawang Putih Honan,kg,07/02/2026,0
Jawa Tengah,Kota Surakarta,Beras Medium,kg,07/02/2026,0
Jawa Tengah,Kota Surakarta,Beras Premium,kg,07/02/2026,0
Jawa Tengah,Kota Surakarta,Gula Pasir Curah,kg,07/02/2026,0
Jawa Tengah,Kota Surakarta,Minyak Goreng Sawit Kemasan Premium,lt,07/02/2026,0
Jawa Tengah,Kota Surakarta,Minyak Goreng Sawit Curah,lt,07/02/2026,0
Jawa Tengah,Kota Surakarta,Minyakita,lt,07/02/2026,0
Jawa Tengah,Kota Surakarta,Daging Sapi Paha Belakang,kg,07/02/2026,0
Jawa Tengah,Kota Surakarta,Daging Ayam Ras,kg,07/02/2026,0
Jawa Tengah,Kota Surakarta,Telur Ayam Ras,kg,07/02/2026,0
Jawa Tengah,Kota Surakarta,Tepung Terigu,kg,07/02/2026,0
Jawa Tengah,Kota Surakarta,Kedelai Impor,kg,07/02/2026,0
Jawa Tengah,Kota Surakarta,Cabai Merah Keriting,kg,07/02/2026,0
Jawa Tengah,Kota Surakarta,Cabai Rawit Merah,kg,07/02/2026,0
Jawa Tengah,Kota Surakarta,Cabai Merah Besar,kg,07/02/2026,0
Jawa Tengah,Kota Surakarta,Bawang Merah,kg,07/02/2026,0
Jawa Tengah,Kota Surakarta,Bawang Putih Honan,kg,07/02/2026,0
Jawa Tengah,Kota Salatiga,Beras Medium,kg,07/02/2026,0
Jawa Tengah,Kota Salatiga,Beras Premium,kg,07/02/2026,0
Jawa Tengah,Kota Salatiga,Gula Pasir Curah,kg,07/02/2026,0
Jawa Tengah,Kota Salatiga,Minyak Goreng Sawit Kemasan Premium,lt,07/02/2026,0
Jawa Tengah,Kota Salatiga,Minyak Goreng Sawit Curah,lt,07/02/2026,0
Jawa Tengah,Kota Salatiga,Minyakita,lt,07/02/2026,0
Jawa Tengah,Kota Salatiga,Daging Sapi Paha Belakang,kg,07/02/2026,0
Jawa Tengah,Kota Salatiga,Daging Ayam Ras,kg,07/02/2026,0
Jawa Tengah,Kota Salatiga,Telur Ayam Ras,kg,07/02/2026,0
Jawa Tengah,Kota Salatiga,Tepung Terigu,kg,07/02/2026,0
Jawa Tengah,Kota Salatiga,Kedelai Impor,kg,07/02/2026,0
Jawa Tengah,Kota Salatiga,Cabai Merah Keriting,kg,07/02/2026,0
Jawa Tengah,Kota Salatiga,Cabai Rawit Merah,kg,07/02/2026,0
Jawa Tengah,Kota Salatiga,Cabai Merah Besar,kg,07/02/2026,0
Jawa Tengah,Kota Salatiga,Bawang Merah,kg,07/02/2026,0
Jawa Tengah,Kota Salatiga,Bawang Putih Honan,kg,07/02/2026,0
Jawa Tengah,Kota Semarang,Beras Medium,kg,07/02/2026,0
Jawa Tengah,Kota Semarang,Beras Premium,kg,07/02/2026,0
Jawa Tengah,Kota Semarang,Gula Pasir Curah,kg,07/02/2026,0
Jawa Tengah,Kota Semarang,Minyak Goreng Sawit Kemasan Premium,lt,07/02/2026,0
Jawa Tengah,Kota Semarang,Minyak Goreng Sawit Curah,lt,07/02/2026,0
Jawa Tengah,Kota Semarang,Minyakita,lt,07/02/2026,0
Jawa Tengah,Kota Semarang,Daging Sapi Paha Belakang,kg,07/02/2026,0
Jawa Tengah,Kota Semarang,Daging Ayam Ras,kg,07/02/2026,0
Jawa Tengah,Kota Semarang,Telur Ayam Ras,kg,07/02/2026,0
Jawa Tengah,Kota Semarang,Tepung Terigu,kg,07/02/2026,0
Jawa Tengah,Kota Semarang,Kedelai Impor,kg,07/02/2026,0
Jawa Tengah,Kota Semarang,Cabai Merah Keriting,kg,07/02/2026,0
Jawa Tengah,Kota Semarang,Cabai Rawit Merah,kg,07/02/2026,0
Jawa Tengah,Kota Semarang,Cabai Merah Besar,kg,07/02/2026,0
Jawa Tengah,Kota Semarang,Bawang Merah,kg,07/02/2026,0
Jawa Tengah,Kota Semarang,Bawang Putih Honan,kg,07/02/2026,0
Jawa Tengah,Kota Pekalongan,Beras Medium,kg,07/02/2026,0
Jawa Tengah,Kota Pekalongan,Beras Premium,kg,07/02/2026,0
Jawa Tengah,Kota Pekalongan,Gula Pasir Curah,kg,07/02/2026,0
Jawa Tengah,Kota Pekalongan,Minyak Goreng Sawit Kemasan Premium,lt,07/02/2026,0
Jawa Tengah,Kota Pekalongan,Minyak Goreng Sawit Curah,lt,07/02/2026,0
Jawa Tengah,Kota Pekalongan,Minyakita,lt,07/02/2026,0
Jawa Tengah,Kota Pekalongan,Daging Sapi Paha Belakang,kg,07/02/2026,0
Jawa Tengah,Kota Pekalongan,Daging Ayam Ras,kg,07/02/2026,0
Jawa Tengah,Kota Pekalongan,Telur Ayam Ras,kg,07/02/2026,0
Jawa Tengah,Kota Pekalongan,Tepung Terigu,kg,07/02/2026,0
Jawa Tengah,Kota Pekalongan,Kedelai Impor,kg,07/02/2026,0
Jawa Tengah,Kota Pekalongan,Cabai Merah Keriting,kg,07/02/2026,0
Jawa Tengah,Kota Pekalongan,Cabai Rawit Merah,kg,07/02/2026,0
Jawa Tengah,Kota Pekalongan,Cabai Merah Besar,kg,07/02/2026,0
Jawa Tengah,Kota Pekalongan,Bawang Merah,kg,07/02/2026,0
Jawa Tengah,Kota Pekalongan,Bawang Putih Honan,kg,07/02/2026,0
Jawa Tengah,Kota Tegal,Beras Medium,kg,07/02/2026,0
Jawa Tengah,Kota Tegal,Beras Premium,kg,07/02/2026,0
Jawa Tengah,Kota Tegal,Gula Pasir Curah,kg,07/02/2026,0
Jawa Tengah,Kota Tegal,Minyak Goreng Sawit Kemasan Premium,lt,07/02/2026,0
Jawa Tengah,Kota Tegal,Minyak Goreng Sawit Curah,lt,07/02/2026,0
Jawa Tengah,Kota Tegal,Minyakita,lt,07/02/2026,0
Jawa Tengah,Kota Tegal,Daging Sapi Paha Belakang,kg,07/02/2026,0
Jawa Tengah,Kota Tegal,Daging Ayam Ras,kg,07/02/2026,0
Jawa Tengah,Kota Tegal,Telur Ayam Ras,kg,07/02/2026,0
Jawa Tengah,Kota Tegal,Tepung Terigu,kg,07/02/2026,0
Jawa Tengah,Kota Tegal,Kedelai Impor,kg,07/02/2026,0
Jawa Tengah,Kota Tegal,Cabai Merah Keriting,kg,07/02/2026,0
Jawa Tengah,Kota Tegal,Cabai Rawit Merah,kg,07/02/2026,0
Jawa Tengah,Kota Tegal,Cabai Merah Besar,kg,07/02/2026,0
Jawa Tengah,Kota Tegal,Bawang Merah,kg,07/02/2026,0
Jawa Tengah,Kota Tegal,Bawang Putih Honan,kg,07/02/2026,0
Jawa Tengah,Kab. Cilacap,Beras Medium,kg,08/02/2026,0
Jawa Tengah,Kab. Cilacap,Beras Premium,kg,08/02/2026,0
Jawa Tengah,Kab. Cilacap,Gula Pasir Curah,kg,08/02/2026,0
Jawa Tengah,Kab. Cilacap,Minyak Goreng Sawit Kemasan Premium,lt,08/02/2026,0
Jawa Tengah,Kab. Cilacap,Minyak Goreng Sawit Curah,lt,08/02/2026,0
Jawa Tengah,Kab. Cilacap,Minyakita,lt,08/02/2026,0
Jawa Tengah,Kab. Cilacap,Daging Sapi Paha Belakang,kg,08/02/2026,0
Jawa Tengah,Kab. Cilacap,Daging Ayam Ras,kg,08/02/2026,0
Jawa Tengah,Kab. Cilacap,Telur Ayam Ras,kg,08/02/2026,0
Jawa Tengah,Kab. Cilacap,Tepung Terigu,kg,08/02/2026,0
Jawa Tengah,Kab. Cilacap,Kedelai Impor,kg,08/02/2026,0
Jawa Tengah,Kab. Cilacap,Cabai Merah Keriting,kg,08/02/2026,0
Jawa Tengah,Kab. Cilacap,Cabai Rawit Merah,kg,08/02/2026,0
Jawa Tengah,Kab. Cilacap,Cabai Merah Besar,kg,08/02/2026,0
Jawa Tengah,Kab. Cilacap,Bawang Merah,kg,08/02/2026,0
Jawa Tengah,Kab. Cilacap,Bawang Putih Honan,kg,08/02/2026,0
Jawa Tengah,Kab. Banyumas,Beras Medium,kg,08/02/2026,0
Jawa Tengah,Kab. Banyumas,Beras Premium,kg,08/02/2026,0
Jawa Tengah,Kab. Banyumas,Gula Pasir Curah,kg,08/02/2026,0
Jawa Tengah,Kab. Banyumas,Minyak Goreng Sawit Kemasan Premium,lt,08/02/2026,0
Jawa Tengah,Kab. Banyumas,Minyak Goreng Sawit Curah,lt,08/02/2026,0
Jawa Tengah,Kab. Banyumas,Minyakita,lt,08/02/2026,0
Jawa Tengah,Kab. Banyumas,Daging Sapi Paha Belakang,kg,08/02/2026,0
Jawa Tengah,Kab. Banyumas,Daging Ayam Ras,kg,08/02/2026,0
Jawa Tengah,Kab. Banyumas,Telur Ayam Ras,kg,08/02/2026,0
Jawa Tengah,Kab. Banyumas,Tepung Terigu,kg,08/02/2026,0
Jawa Tengah,Kab. Banyumas,Kedelai Impor,kg,08/02/2026,0
Jawa Tengah,Kab. Banyumas,Cabai Merah Keriting,kg,08/02/2026,0
Jawa Tengah,Kab. Banyumas,Cabai Rawit Merah,kg,08/02/2026,0
Jawa Tengah,Kab. Banyumas,Cabai Merah Besar,kg,08/02/2026,0
Jawa Tengah,Kab. Banyumas,Bawang Merah,kg,08/02/2026,0
Jawa Tengah,Kab. Banyumas,Bawang Putih Honan,kg,08/02/2026,0
Jawa Tengah,Kab. Purbalingga,Beras Medium,kg,08/02/2026,0
Jawa Tengah,Kab. Purbalingga,Beras Premium,kg,08/02/2026,0
Jawa Tengah,Kab. Purbalingga,Gula Pasir Curah,kg,08/02/2026,0
Jawa Tengah,Kab. Purbalingga,Minyak Goreng Sawit Kemasan Premium,lt,08/02/2026,0
Jawa Tengah,Kab. Purbalingga,Minyak Goreng Sawit Curah,lt,08/02/2026,0
Jawa Tengah,Kab. Purbalingga,Minyakita,lt,08/02/2026,0
Jawa Tengah,Kab. Purbalingga,Daging Sapi Paha Belakang,kg,08/02/2026,0
Jawa Tengah,Kab. Purbalingga,Daging Ayam Ras,kg,08/02/2026,0
Jawa Tengah,Kab. Purbalingga,Telur Ayam Ras,kg,08/02/2026,0
Jawa Tengah,Kab. Purbalingga,Tepung Terigu,kg,08/02/2026,0
Jawa Tengah,Kab. Purbalingga,Kedelai Impor,kg,08/02/2026,0
Jawa Tengah,Kab. Purbalingga,Cabai Merah Keriting,kg,08/02/2026,0
Jawa Tengah,Kab. Purbalingga,Cabai Rawit Merah,kg,08/02/2026,0
Jawa Tengah,Kab. Purbalingga,Cabai Merah Besar,kg,08/02/2026,0
Jawa Tengah,Kab. Purbalingga,Bawang Merah,kg,08/02/2026,0
Jawa Tengah,Kab. Purbalingga,Bawang Putih Honan,kg,08/02/2026,0
Jawa Tengah,Kab. Banjarnegara,Beras Medium,kg,08/02/2026,0
Jawa Tengah,Kab. Banjarnegara,Beras Premium,kg,08/02/2026,0
Jawa Tengah,Kab. Banjarnegara,Gula Pasir Curah,kg,08/02/2026,0
Jawa Tengah,Kab. Banjarnegara,Minyak Goreng Sawit Kemasan Premium,lt,08/02/2026,0
Jawa Tengah,Kab. Banjarnegara,Minyak Goreng Sawit Curah,lt,08/02/2026,0
Jawa Tengah,Kab. Banjarnegara,Minyakita,lt,08/02/2026,0
Jawa Tengah,Kab. Banjarnegara,Daging Sapi Paha Belakang,kg,08/02/2026,0
Jawa Tengah,Kab. Banjarnegara,Daging Ayam Ras,kg,08/02/2026,0
Jawa Tengah,Kab. Banjarnegara,Telur Ayam Ras,kg,08/02/2026,0
Jawa Tengah,Kab. Banjarnegara,Tepung Terigu,kg,08/02/2026,0
Jawa Tengah,Kab. Banjarnegara,Kedelai Impor,kg,08/02/2026,0
Jawa Tengah,Kab. Banjarnegara,Cabai Merah Keriting,kg,08/02/2026,0
Jawa Tengah,Kab. Banjarnegara,Cabai Rawit Merah,kg,08/02/2026,0
Jawa Tengah,Kab. Banjarnegara,Cabai Merah Besar,kg,08/02/2026,0
Jawa Tengah,Kab. Banjarnegara,Bawang Merah,kg,08/02/2026,0
Jawa Tengah,Kab. Banjarnegara,Bawang Putih Honan,kg,08/02/2026,0
Jawa Tengah,Kab. Kebumen,Beras Medium,kg,08/02/2026,0
Jawa Tengah,Kab. Kebumen,Beras Premium,kg,08/02/2026,0
Jawa Tengah,Kab. Kebumen,Gula Pasir Curah,kg,08/02/2026,0
Jawa Tengah,Kab. Kebumen,Minyak Goreng Sawit Kemasan Premium,lt,08/02/2026,0
Jawa Tengah,Kab. Kebumen,Minyak Goreng Sawit Curah,lt,08/02/2026,0
Jawa Tengah,Kab. Kebumen,Minyakita,lt,08/02/2026,0
Jawa Tengah,Kab. Kebumen,Daging Sapi Paha Belakang,kg,08/02/2026,0
Jawa Tengah,Kab. Kebumen,Daging Ayam Ras,kg,08/02/2026,0
Jawa Tengah,Kab. Kebumen,Telur Ayam Ras,kg,08/02/2026,0
Jawa Tengah,Kab. Kebumen,Tepung Terigu,kg,08/02/2026,0
Jawa Tengah,Kab. Kebumen,Kedelai Impor,kg,08/02/2026,0
Jawa Tengah,Kab. Kebumen,Cabai Merah Keriting,kg,08/02/2026,0
Jawa Tengah,Kab. Kebumen,Cabai Rawit Merah,kg,08/02/2026,0
Jawa Tengah,Kab. Kebumen,Cabai Merah Besar,kg,08/02/2026,0
Jawa Tengah,Kab. Kebumen,Bawang Merah,kg,08/02/2026,0
Jawa Tengah,Kab. Kebumen,Bawang Putih Honan,kg,08/02/2026,0
Jawa Tengah,Kab. Purworejo,Beras Medium,kg,08/02/2026,0
Jawa Tengah,Kab. Purworejo,Beras Premium,kg,08/02/2026,0
Jawa Tengah,Kab. Purworejo,Gula Pasir Curah,kg,08/02/2026,0
Jawa Tengah,Kab. Purworejo,Minyak Goreng Sawit Kemasan Premium,lt,08/02/2026,0
Jawa Tengah,Kab. Purworejo,Minyak Goreng Sawit Curah,lt,08/02/2026,0
Jawa Tengah,Kab. Purworejo,Minyakita,lt,08/02/2026,0
Jawa Tengah,Kab. Purworejo,Daging Sapi Paha Belakang,kg,08/02/2026,0
Jawa Tengah,Kab. Purworejo,Daging Ayam Ras,kg,08/02/2026,0
Jawa Tengah,Kab. Purworejo,Telur Ayam Ras,kg,08/02/2026,0
Jawa Tengah,Kab. Purworejo,Tepung Terigu,kg,08/02/2026,0
Jawa Tengah,Kab. Purworejo,Kedelai Impor,kg,08/02/2026,0
Jawa Tengah,Kab. Purworejo,Cabai Merah Keriting,kg,08/02/2026,0
Jawa Tengah,Kab. Purworejo,Cabai Rawit Merah,kg,08/02/2026,0
Jawa Tengah,Kab. Purworejo,Cabai Merah Besar,kg,08/02/2026,0
Jawa Tengah,Kab. Purworejo,Bawang Merah,kg,08/02/2026,0
Jawa Tengah,Kab. Purworejo,Bawang Putih Honan,kg,08/02/2026,0
Jawa Tengah,Kab. Wonosobo,Beras Medium,kg,08/02/2026,0
Jawa Tengah,Kab. Wonosobo,Beras Premium,kg,08/02/2026,0
Jawa Tengah,Kab. Wonosobo,Gula Pasir Curah,kg,08/02/2026,0
Jawa Tengah,Kab. Wonosobo,Minyak Goreng Sawit Kemasan Premium,lt,08/02/2026,0
Jawa Tengah,Kab. Wonosobo,Minyak Goreng Sawit Curah,lt,08/02/2026,0
Jawa Tengah,Kab. Wonosobo,Minyakita,lt,08/02/2026,0
Jawa Tengah,Kab. Wonosobo,Daging Sapi Paha Belakang,kg,08/02/2026,0
Jawa Tengah,Kab. Wonosobo,Daging Ayam Ras,kg,08/02/2026,0
Jawa Tengah,Kab. Wonosobo,Telur Ayam Ras,kg,08/02/2026,0
Jawa Tengah,Kab. Wonosobo,Tepung Terigu,kg,08/02/2026,0
Jawa Tengah,Kab. Wonosobo,Kedelai Impor,kg,08/02/2026,0
Jawa Tengah,Kab. Wonosobo,Cabai Merah Keriting,kg,08/02/2026,0
Jawa Tengah,Kab. Wonosobo,Cabai Rawit Merah,kg,08/02/2026,0
Jawa Tengah,Kab. Wonosobo,Cabai Merah Besar,kg,08/02/2026,0
Jawa Tengah,Kab. Wonosobo,Bawang Merah,kg,08/02/2026,0
Jawa Tengah,Kab. Wonosobo,Bawang Putih Honan,kg,08/02/2026,0
Jawa Tengah,Kab. Magelang,Beras Medium,kg,08/02/2026,0
Jawa Tengah,Kab. Magelang,Beras Premium,kg,08/02/2026,0
Jawa Tengah,Kab. Magelang,Gula Pasir Curah,kg,08/02/2026,0
Jawa Tengah,Kab. Magelang,Minyak Goreng Sawit Kemasan Premium,lt,08/02/2026,0
Jawa Tengah,Kab. Magelang,Minyak Goreng Sawit Curah,lt,08/02/2026,0
Jawa Tengah,Kab. Magelang,Minyakita,lt,08/02/2026,0
Jawa Tengah,Kab. Magelang,Daging Sapi Paha Belakang,kg,08/02/2026,0
Jawa Tengah,Kab. Magelang,Daging Ayam Ras,kg,08/02/2026,0
Jawa Tengah,Kab. Magelang,Telur Ayam Ras,kg,08/02/2026,0
Jawa Tengah,Kab. Magelang,Tepung Terigu,kg,08/02/2026,0
Jawa Tengah,Kab. Magelang,Kedelai Impor,kg,08/02/2026,0
Jawa Tengah,Kab. Magelang,Cabai Merah Keriting,kg,08/02/2026,0
Jawa Tengah,Kab. Magelang,Cabai Rawit Merah,kg,08/02/2026,0
Jawa Tengah,Kab. Magelang,Cabai Merah Besar,kg,08/02/2026,0
Jawa Tengah,Kab. Magelang,Bawang Merah,kg,08/02/2026,0
Jawa Tengah,Kab. Magelang,Bawang Putih Honan,kg,08/02/2026,0
Jawa Tengah,Kab. Boyolali,Beras Medium,kg,08/02/2026,0
Jawa Tengah,Kab. Boyolali,Beras Premium,kg,08/02/2026,0
Jawa Tengah,Kab. Boyolali,Gula Pasir Curah,kg,08/02/2026,0
Jawa Tengah,Kab. Boyolali,Minyak Goreng Sawit Kemasan Premium,lt,08/02/2026,0
Jawa Tengah,Kab. Boyolali,Minyak Goreng Sawit Curah,lt,08/02/2026,0
Jawa Tengah,Kab. Boyolali,Minyakita,lt,08/02/2026,0
Jawa Tengah,Kab. Boyolali,Daging Sapi Paha Belakang,kg,08/02/2026,0
Jawa Tengah,Kab. Boyolali,Daging Ayam Ras,kg,08/02/2026,0
Jawa Tengah,Kab. Boyolali,Telur Ayam Ras,kg,08/02/2026,0
Jawa Tengah,Kab. Boyolali,Tepung Terigu,kg,08/02/2026,0
Jawa Tengah,Kab. Boyolali,Kedelai Impor,kg,08/02/2026,0
Jawa Tengah,Kab. Boyolali,Cabai Merah Keriting,kg,08/02/2026,0
Jawa Tengah,Kab. Boyolali,Cabai Rawit Merah,kg,08/02/2026,0
Jawa Tengah,Kab. Boyolali,Cabai Merah Besar,kg,08/02/2026,0
Jawa Tengah,Kab. Boyolali,Bawang Merah,kg,08/02/2026,0
Jawa Tengah,Kab. Boyolali,Bawang Putih Honan,kg,08/02/2026,0
Jawa Tengah,Kab. Klaten,Beras Medium,kg,08/02/2026,0
Jawa Tengah,Kab. Klaten,Beras Premium,kg,08/02/2026,0
Jawa Tengah,Kab. Klaten,Gula Pasir Curah,kg,08/02/2026,0
Jawa Tengah,Kab. Klaten,Minyak Goreng Sawit Kemasan Premium,lt,08/02/2026,0
Jawa Tengah,Kab. Klaten,Minyak Goreng Sawit Curah,lt,08/02/2026,0
Jawa Tengah,Kab. Klaten,Minyakita,lt,08/02/2026,0
Jawa Tengah,Kab. Klaten,Daging Sapi Paha Belakang,kg,08/02/2026,0
Jawa Tengah,Kab. Klaten,Daging Ayam Ras,kg,08/02/2026,0
Jawa Tengah,Kab. Klaten,Telur Ayam Ras,kg,08/02/2026,0
Jawa Tengah,Kab. Klaten,Tepung Terigu,kg,08/02/2026,0
Jawa Tengah,Kab. Klaten,Kedelai Impor,kg,08/02/2026,0
Jawa Tengah,Kab. Klaten,Cabai Merah Keriting,kg,08/02/2026,0
Jawa Tengah,Kab. Klaten,Cabai Rawit Merah,kg,08/02/2026,0
Jawa Tengah,Kab. Klaten,Cabai Merah Besar,kg,08/02/2026,0
Jawa Tengah,Kab. Klaten,Bawang Merah,kg,08/02/2026,0
Jawa Tengah,Kab. Klaten,Bawang Putih Honan,kg,08/02/2026,0
Jawa Tengah,Kab. Sukoharjo,Beras Medium,kg,08/02/2026,0
Jawa Tengah,Kab. Sukoharjo,Beras Premium,kg,08/02/2026,0
Jawa Tengah,Kab. Sukoharjo,Gula Pasir Curah,kg,08/02/2026,0
Jawa Tengah,Kab. Sukoharjo,Minyak Goreng Sawit Kemasan Premium,lt,08/02/2026,0
Jawa Tengah,Kab. Sukoharjo,Minyak Goreng Sawit Curah,lt,08/02/2026,0
Jawa Tengah,Kab. Sukoharjo,Minyakita,lt,08/02/2026,0
Jawa Tengah,Kab. Sukoharjo,Daging Sapi Paha Belakang,kg,08/02/2026,0
Jawa Tengah,Kab. Sukoharjo,Daging Ayam Ras,kg,08/02/2026,0
Jawa Tengah,Kab. Sukoharjo,Telur Ayam Ras,kg,08/02/2026,0
Jawa Tengah,Kab. Sukoharjo,Tepung Terigu,kg,08/02/2026,0
Jawa Tengah,Kab. Sukoharjo,Kedelai Impor,kg,08/02/2026,0
Jawa Tengah,Kab. Sukoharjo,Cabai Merah Keriting,kg,08/02/2026,0
Jawa Tengah,Kab. Sukoharjo,Cabai Rawit Merah,kg,08/02/2026,0
Jawa Tengah,Kab. Sukoharjo,Cabai Merah Besar,kg,08/02/2026,0
Jawa Tengah,Kab. Sukoharjo,Bawang Merah,kg,08/02/2026,0
Jawa Tengah,Kab. Sukoharjo,Bawang Putih Honan,kg,08/02/2026,0
Jawa Tengah,Kab. Wonogiri,Beras Medium,kg,08/02/2026,0
Jawa Tengah,Kab. Wonogiri,Beras Premium,kg,08/02/2026,0
Jawa Tengah,Kab. Wonogiri,Gula Pasir Curah,kg,08/02/2026,0
Jawa Tengah,Kab. Wonogiri,Minyak Goreng Sawit Kemasan Premium,lt,08/02/2026,0
Jawa Tengah,Kab. Wonogiri,Minyak Goreng Sawit Curah,lt,08/02/2026,0
Jawa Tengah,Kab. Wonogiri,Minyakita,lt,08/02/2026,0
Jawa Tengah,Kab. Wonogiri,Daging Sapi Paha Belakang,kg,08/02/2026,0
Jawa Tengah,Kab. Wonogiri,Daging Ayam Ras,kg,08/02/2026,0
Jawa Tengah,Kab. Wonogiri,Telur Ayam Ras,kg,08/02/2026,0
Jawa Tengah,Kab. Wonogiri,Tepung Terigu,kg,08/02/2026,0
Jawa Tengah,Kab. Wonogiri,Kedelai Impor,kg,08/02/2026,0
Jawa Tengah,Kab. Wonogiri,Cabai Merah Keriting,kg,08/02/2026,0
Jawa Tengah,Kab. Wonogiri,Cabai Rawit Merah,kg,08/02/2026,0
Jawa Tengah,Kab. Wonogiri,Cabai Merah Besar,kg,08/02/2026,0
Jawa Tengah,Kab. Wonogiri,Bawang Merah,kg,08/02/2026,0
Jawa Tengah,Kab. Wonogiri,Bawang Putih Honan,kg,08/02/2026,0
Jawa Tengah,Kab. Karanganyar,Beras Medium,kg,08/02/2026,0
Jawa Tengah,Kab. Karanganyar,Beras Premium,kg,08/02/2026,0
Jawa Tengah,Kab. Karanganyar,Gula Pasir Curah,kg,08/02/2026,0
Jawa Tengah,Kab. Karanganyar,Minyak Goreng Sawit Kemasan Premium,lt,08/02/2026,0
Jawa Tengah,Kab. Karanganyar,Minyak Goreng Sawit Curah,lt,08/02/2026,0
Jawa Tengah,Kab. Karanganyar,Minyakita,lt,08/02/2026,0
Jawa Tengah,Kab. Karanganyar,Daging Sapi Paha Belakang,kg,08/02/2026,0
Jawa Tengah,Kab. Karanganyar,Daging Ayam Ras,kg,08/02/2026,0
Jawa Tengah,Kab. Karanganyar,Telur Ayam Ras,kg,08/02/2026,0
Jawa Tengah,Kab. Karanganyar,Tepung Terigu,kg,08/02/2026,0
Jawa Tengah,Kab. Karanganyar,Kedelai Impor,kg,08/02/2026,0
Jawa Tengah,Kab. Karanganyar,Cabai Merah Keriting,kg,08/02/2026,0
Jawa Tengah,Kab. Karanganyar,Cabai Rawit Merah,kg,08/02/2026,0
Jawa Tengah,Kab. Karanganyar,Cabai Merah Besar,kg,08/02/2026,0
Jawa Tengah,Kab. Karanganyar,Bawang Merah,kg,08/02/2026,0
Jawa Tengah,Kab. Karanganyar,Bawang Putih Honan,kg,08/02/2026,0
Jawa Tengah,Kab. Sragen,Beras Medium,kg,08/02/2026,0
Jawa Tengah,Kab. Sragen,Beras Premium,kg,08/02/2026,0
Jawa Tengah,Kab. Sragen,Gula Pasir Curah,kg,08/02/2026,0
Jawa Tengah,Kab. Sragen,Minyak Goreng Sawit Kemasan Premium,lt,08/02/2026,0
Jawa Tengah,Kab. Sragen,Minyak Goreng Sawit Curah,lt,08/02/2026,0
Jawa Tengah,Kab. Sragen,Minyakita,lt,08/02/2026,0
Jawa Tengah,Kab. Sragen,Daging Sapi Paha Belakang,kg,08/02/2026,0
Jawa Tengah,Kab. Sragen,Daging Ayam Ras,kg,08/02/2026,0
Jawa Tengah,Kab. Sragen,Telur Ayam Ras,kg,08/02/2026,0
Jawa Tengah,Kab. Sragen,Tepung Terigu,kg,08/02/2026,0
Jawa Tengah,Kab. Sragen,Kedelai Impor,kg,08/02/2026,0
Jawa Tengah,Kab. Sragen,Cabai Merah Keriting,kg,08/02/2026,0
Jawa Tengah,Kab. Sragen,Cabai Rawit Merah,kg,08/02/2026,0
Jawa Tengah,Kab. Sragen,Cabai Merah Besar,kg,08/02/2026,0
Jawa Tengah,Kab. Sragen,Bawang Merah,kg,08/02/2026,0
Jawa Tengah,Kab. Sragen,Bawang Putih Honan,kg,08/02/2026,0
Jawa Tengah,Kab. Grobogan,Beras Medium,kg,08/02/2026,0
Jawa Tengah,Kab. Grobogan,Beras Premium,kg,08/02/2026,0
Jawa Tengah,Kab. Grobogan,Gula Pasir Curah,kg,08/02/2026,0
Jawa Tengah,Kab. Grobogan,Minyak Goreng Sawit Kemasan Premium,lt,08/02/2026,0
Jawa Tengah,Kab. Grobogan,Minyak Goreng Sawit Curah,lt,08/02/2026,0
Jawa Tengah,Kab. Grobogan,Minyakita,lt,08/02/2026,0
Jawa Tengah,Kab. Grobogan,Daging Sapi Paha Belakang,kg,08/02/2026,0
Jawa Tengah,Kab. Grobogan,Daging Ayam Ras,kg,08/02/2026,0
Jawa Tengah,Kab. Grobogan,Telur Ayam Ras,kg,08/02/2026,0
Jawa Tengah,Kab. Grobogan,Tepung Terigu,kg,08/02/2026,0
Jawa Tengah,Kab. Grobogan,Kedelai Impor,kg,08/02/2026,0
Jawa Tengah,Kab. Grobogan,Cabai Merah Keriting,kg,08/02/2026,0
Jawa Tengah,Kab. Grobogan,Cabai Rawit Merah,kg,08/02/2026,0
Jawa Tengah,Kab. Grobogan,Cabai Merah Besar,kg,08/02/2026,0
Jawa Tengah,Kab. Grobogan,Bawang Merah,kg,08/02/2026,0
Jawa Tengah,Kab. Grobogan,Bawang Putih Honan,kg,08/02/2026,0
Jawa Tengah,Kab. Blora,Beras Medium,kg,08/02/2026,0
Jawa Tengah,Kab. Blora,Beras Premium,kg,08/02/2026,0
Jawa Tengah,Kab. Blora,Gula Pasir Curah,kg,08/02/2026,0
Jawa Tengah,Kab. Blora,Minyak Goreng Sawit Kemasan Premium,lt,08/02/2026,0
Jawa Tengah,Kab. Blora,Minyak Goreng Sawit Curah,lt,08/02/2026,0
Jawa Tengah,Kab. Blora,Minyakita,lt,08/02/2026,0
Jawa Tengah,Kab. Blora,Daging Sapi Paha Belakang,kg,08/02/2026,0
Jawa Tengah,Kab. Blora,Daging Ayam Ras,kg,08/02/2026,0
Jawa Tengah,Kab. Blora,Telur Ayam Ras,kg,08/02/2026,0
Jawa Tengah,Kab. Blora,Tepung Terigu,kg,08/02/2026,0
Jawa Tengah,Kab. Blora,Kedelai Impor,kg,08/02/2026,0
Jawa Tengah,Kab. Blora,Cabai Merah Keriting,kg,08/02/2026,0
Jawa Tengah,Kab. Blora,Cabai Rawit Merah,kg,08/02/2026,0
Jawa Tengah,Kab. Blora,Cabai Merah Besar,kg,08/02/2026,0
Jawa Tengah,Kab. Blora,Bawang Merah,kg,08/02/2026,0
Jawa Tengah,Kab. Blora,Bawang Putih Honan,kg,08/02/2026,0
Jawa Tengah,Kab. Rembang,Beras Medium,kg,08/02/2026,0
Jawa Tengah,Kab. Rembang,Beras Premium,kg,08/02/2026,0
Jawa Tengah,Kab. Rembang,Gula Pasir Curah,kg,08/02/2026,0
Jawa Tengah,Kab. Rembang,Minyak Goreng Sawit Kemasan Premium,lt,08/02/2026,0
Jawa Tengah,Kab. Rembang,Minyak Goreng Sawit Curah,lt,08/02/2026,0
Jawa Tengah,Kab. Rembang,Minyakita,lt,08/02/2026,0
Jawa Tengah,Kab. Rembang,Daging Sapi Paha Belakang,kg,08/02/2026,0
Jawa Tengah,Kab. Rembang,Daging Ayam Ras,kg,08/02/2026,0
Jawa Tengah,Kab. Rembang,Telur Ayam Ras,kg,08/02/2026,0
Jawa Tengah,Kab. Rembang,Tepung Terigu,kg,08/02/2026,0
Jawa Tengah,Kab. Rembang,Kedelai Impor,kg,08/02/2026,0
Jawa Tengah,Kab. Rembang,Cabai Merah Keriting,kg,08/02/2026,0
Jawa Tengah,Kab. Rembang,Cabai Rawit Merah,kg,08/02/2026,0
Jawa Tengah,Kab. Rembang,Cabai Merah Besar,kg,08/02/2026,0
Jawa Tengah,Kab. Rembang,Bawang Merah,kg,08/02/2026,0
Jawa Tengah,Kab. Rembang,Bawang Putih Honan,kg,08/02/2026,0
Jawa Tengah,Kab. Pati,Beras Medium,kg,08/02/2026,0
Jawa Tengah,Kab. Pati,Beras Premium,kg,08/02/2026,0
Jawa Tengah,Kab. Pati,Gula Pasir Curah,kg,08/02/2026,0
Jawa Tengah,Kab. Pati,Minyak Goreng Sawit Kemasan Premium,lt,08/02/2026,0
Jawa Tengah,Kab. Pati,Minyak Goreng Sawit Curah,lt,08/02/2026,0
Jawa Tengah,Kab. Pati,Minyakita,lt,08/02/2026,0
Jawa Tengah,Kab. Pati,Daging Sapi Paha Belakang,kg,08/02/2026,0
Jawa Tengah,Kab. Pati,Daging Ayam Ras,kg,08/02/2026,0
Jawa Tengah,Kab. Pati,Telur Ayam Ras,kg,08/02/2026,0
Jawa Tengah,Kab. Pati,Tepung Terigu,kg,08/02/2026,0
Jawa Tengah,Kab. Pati,Kedelai Impor,kg,08/02/2026,0
Jawa Tengah,Kab. Pati,Cabai Merah Keriting,kg,08/02/2026,0
Jawa Tengah,Kab. Pati,Cabai Rawit Merah,kg,08/02/2026,0
Jawa Tengah,Kab. Pati,Cabai Merah Besar,kg,08/02/2026,0
Jawa Tengah,Kab. Pati,Bawang Merah,kg,08/02/2026,0
Jawa Tengah,Kab. Pati,Bawang Putih Honan,kg,08/02/2026,0
Jawa Tengah,Kab. Kudus,Beras Medium,kg,08/02/2026,0
Jawa Tengah,Kab. Kudus,Beras Premium,kg,08/02/2026,0
Jawa Tengah,Kab. Kudus,Gula Pasir Curah,kg,08/02/2026,0
Jawa Tengah,Kab. Kudus,Minyak Goreng Sawit Kemasan Premium,lt,08/02/2026,0
Jawa Tengah,Kab. Kudus,Minyak Goreng Sawit Curah,lt,08/02/2026,0
Jawa Tengah,Kab. Kudus,Minyakita,lt,08/02/2026,0
Jawa Tengah,Kab. Kudus,Daging Sapi Paha Belakang,kg,08/02/2026,0
Jawa Tengah,Kab. Kudus,Daging Ayam Ras,kg,08/02/2026,0
Jawa Tengah,Kab. Kudus,Telur Ayam Ras,kg,08/02/2026,0
Jawa Tengah,Kab. Kudus,Tepung Terigu,kg,08/02/2026,0
Jawa Tengah,Kab. Kudus,Kedelai Impor,kg,08/02/2026,0
Jawa Tengah,Kab. Kudus,Cabai Merah Keriting,kg,08/02/2026,0
Jawa Tengah,Kab. Kudus,Cabai Rawit Merah,kg,08/02/2026,0
Jawa Tengah,Kab. Kudus,Cabai Merah Besar,kg,08/02/2026,0
Jawa Tengah,Kab. Kudus,Bawang Merah,kg,08/02/2026,0
Jawa Tengah,Kab. Kudus,Bawang Putih Honan,kg,08/02/2026,0
Jawa Tengah,Kab. Jepara,Beras Medium,kg,08/02/2026,0
Jawa Tengah,Kab. Jepara,Beras Premium,kg,08/02/2026,0
Jawa Tengah,Kab. Jepara,Gula Pasir Curah,kg,08/02/2026,0
Jawa Tengah,Kab. Jepara,Minyak Goreng Sawit Kemasan Premium,lt,08/02/2026,0
Jawa Tengah,Kab. Jepara,Minyak Goreng Sawit Curah,lt,08/02/2026,0
Jawa Tengah,Kab. Jepara,Minyakita,lt,08/02/2026,0
Jawa Tengah,Kab. Jepara,Daging Sapi Paha Belakang,kg,08/02/2026,0
Jawa Tengah,Kab. Jepara,Daging Ayam Ras,kg,08/02/2026,0
Jawa Tengah,Kab. Jepara,Telur Ayam Ras,kg,08/02/2026,0
Jawa Tengah,Kab. Jepara,Tepung Terigu,kg,08/02/2026,0
Jawa Tengah,Kab. Jepara,Kedelai Impor,kg,08/02/2026,0
Jawa Tengah,Kab. Jepara,Cabai Merah Keriting,kg,08/02/2026,0
Jawa Tengah,Kab. Jepara,Cabai Rawit Merah,kg,08/02/2026,0
Jawa Tengah,Kab. Jepara,Cabai Merah Besar,kg,08/02/2026,0
Jawa Tengah,Kab. Jepara,Bawang Merah,kg,08/02/2026,0
Jawa Tengah,Kab. Jepara,Bawang Putih Honan,kg,08/02/2026,0
Jawa Tengah,Kab. Demak,Beras Medium,kg,08/02/2026,0
Jawa Tengah,Kab. Demak,Beras Premium,kg,08/02/2026,0
Jawa Tengah,Kab. Demak,Gula Pasir Curah,kg,08/02/2026,0
Jawa Tengah,Kab. Demak,Minyak Goreng Sawit Kemasan Premium,lt,08/02/2026,0
Jawa Tengah,Kab. Demak,Minyak Goreng Sawit Curah,lt,08/02/2026,0
Jawa Tengah,Kab. Demak,Minyakita,lt,08/02/2026,0
Jawa Tengah,Kab. Demak,Daging Sapi Paha Belakang,kg,08/02/2026,0
Jawa Tengah,Kab. Demak,Daging Ayam Ras,kg,08/02/2026,0
Jawa Tengah,Kab. Demak,Telur Ayam Ras,kg,08/02/2026,0
Jawa Tengah,Kab. Demak,Tepung Terigu,kg,08/02/2026,0
Jawa Tengah,Kab. Demak,Kedelai Impor,kg,08/02/2026,0
Jawa Tengah,Kab. Demak,Cabai Merah Keriting,kg,08/02/2026,0
Jawa Tengah,Kab. Demak,Cabai Rawit Merah,kg,08/02/2026,0
Jawa Tengah,Kab. Demak,Cabai Merah Besar,kg,08/02/2026,0
Jawa Tengah,Kab. Demak,Bawang Merah,kg,08/02/2026,0
Jawa Tengah,Kab. Demak,Bawang Putih Honan,kg,08/02/2026,0
Jawa Tengah,Kab. Semarang,Beras Medium,kg,08/02/2026,0
Jawa Tengah,Kab. Semarang,Beras Premium,kg,08/02/2026,0
Jawa Tengah,Kab. Semarang,Gula Pasir Curah,kg,08/02/2026,0
Jawa Tengah,Kab. Semarang,Minyak Goreng Sawit Kemasan Premium,lt,08/02/2026,0
Jawa Tengah,Kab. Semarang,Minyak Goreng Sawit Curah,lt,08/02/2026,0
Jawa Tengah,Kab. Semarang,Minyakita,lt,08/02/2026,0
Jawa Tengah,Kab. Semarang,Daging Sapi Paha Belakang,kg,08/02/2026,0
Jawa Tengah,Kab. Semarang,Daging Ayam Ras,kg,08/02/2026,0
Jawa Tengah,Kab. Semarang,Telur Ayam Ras,kg,08/02/2026,0
Jawa Tengah,Kab. Semarang,Tepung Terigu,kg,08/02/2026,0
Jawa Tengah,Kab. Semarang,Kedelai Impor,kg,08/02/2026,0
Jawa Tengah,Kab. Semarang,Cabai Merah Keriting,kg,08/02/2026,0
Jawa Tengah,Kab. Semarang,Cabai Rawit Merah,kg,08/02/2026,0
Jawa Tengah,Kab. Semarang,Cabai Merah Besar,kg,08/02/2026,0
Jawa Tengah,Kab. Semarang,Bawang Merah,kg,08/02/2026,0
Jawa Tengah,Kab. Semarang,Bawang Putih Honan,kg,08/02/2026,0
Jawa Tengah,Kab. Temanggung,Beras Medium,kg,08/02/2026,0
Jawa Tengah,Kab. Temanggung,Beras Premium,kg,08/02/2026,0
Jawa Tengah,Kab. Temanggung,Gula Pasir Curah,kg,08/02/2026,0
Jawa Tengah,Kab. Temanggung,Minyak Goreng Sawit Kemasan Premium,lt,08/02/2026,0
Jawa Tengah,Kab. Temanggung,Minyak Goreng Sawit Curah,lt,08/02/2026,0
Jawa Tengah,Kab. Temanggung,Minyakita,lt,08/02/2026,0
Jawa Tengah,Kab. Temanggung,Daging Sapi Paha Belakang,kg,08/02/2026,0
Jawa Tengah,Kab. Temanggung,Daging Ayam Ras,kg,08/02/2026,0
Jawa Tengah,Kab. Temanggung,Telur Ayam Ras,kg,08/02/2026,0
Jawa Tengah,Kab. Temanggung,Tepung Terigu,kg,08/02/2026,0
Jawa Tengah,Kab. Temanggung,Kedelai Impor,kg,08/02/2026,0
Jawa Tengah,Kab. Temanggung,Cabai Merah Keriting,kg,08/02/2026,0
Jawa Tengah,Kab. Temanggung,Cabai Rawit Merah,kg,08/02/2026,0
Jawa Tengah,Kab. Temanggung,Cabai Merah Besar,kg,08/02/2026,0
Jawa Tengah,Kab. Temanggung,Bawang Merah,kg,08/02/2026,0
Jawa Tengah,Kab. Temanggung,Bawang Putih Honan,kg,08/02/2026,0
Jawa Tengah,Kab. Kendal,Beras Medium,kg,08/02/2026,0
Jawa Tengah,Kab. Kendal,Beras Premium,kg,08/02/2026,0
Jawa Tengah,Kab. Kendal,Gula Pasir Curah,kg,08/02/2026,0
Jawa Tengah,Kab. Kendal,Minyak Goreng Sawit Kemasan Premium,lt,08/02/2026,0
Jawa Tengah,Kab. Kendal,Minyak Goreng Sawit Curah,lt,08/02/2026,0
Jawa Tengah,Kab. Kendal,Minyakita,lt,08/02/2026,0
Jawa Tengah,Kab. Kendal,Daging Sapi Paha Belakang,kg,08/02/2026,0
Jawa Tengah,Kab. Kendal,Daging Ayam Ras,kg,08/02/2026,0
Jawa Tengah,Kab. Kendal,Telur Ayam Ras,kg,08/02/2026,0
Jawa Tengah,Kab. Kendal,Tepung Terigu,kg,08/02/2026,0
Jawa Tengah,Kab. Kendal,Kedelai Impor,kg,08/02/2026,0
Jawa Tengah,Kab. Kendal,Cabai Merah Keriting,kg,08/02/2026,0
Jawa Tengah,Kab. Kendal,Cabai Rawit Merah,kg,08/02/2026,0
Jawa Tengah,Kab. Kendal,Cabai Merah Besar,kg,08/02/2026,0
Jawa Tengah,Kab. Kendal,Bawang Merah,kg,08/02/2026,0
Jawa Tengah,Kab. Kendal,Bawang Putih Honan,kg,08/02/2026,0
Jawa Tengah,Kab. Batang,Beras Medium,kg,08/02/2026,0
Jawa Tengah,Kab. Batang,Beras Premium,kg,08/02/2026,0
Jawa Tengah,Kab. Batang,Gula Pasir Curah,kg,08/02/2026,0
Jawa Tengah,Kab. Batang,Minyak Goreng Sawit Kemasan Premium,lt,08/02/2026,0
Jawa Tengah,Kab. Batang,Minyak Goreng Sawit Curah,lt,08/02/2026,0
Jawa Tengah,Kab. Batang,Minyakita,lt,08/02/2026,0
Jawa Tengah,Kab. Batang,Daging Sapi Paha Belakang,kg,08/02/2026,0
Jawa Tengah,Kab. Batang,Daging Ayam Ras,kg,08/02/2026,0
Jawa Tengah,Kab. Batang,Telur Ayam Ras,kg,08/02/2026,0
Jawa Tengah,Kab. Batang,Tepung Terigu,kg,08/02/2026,0
Jawa Tengah,Kab. Batang,Kedelai Impor,kg,08/02/2026,0
Jawa Tengah,Kab. Batang,Cabai Merah Keriting,kg,08/02/2026,0
Jawa Tengah,Kab. Batang,Cabai Rawit Merah,kg,08/02/2026,0
Jawa Tengah,Kab. Batang,Cabai Merah Besar,kg,08/02/2026,0
Jawa Tengah,Kab. Batang,Bawang Merah,kg,08/02/2026,0
Jawa Tengah,Kab. Batang,Bawang Putih Honan,kg,08/02/2026,0
Jawa Tengah,Kab. Pekalongan,Beras Medium,kg,08/02/2026,0
Jawa Tengah,Kab. Pekalongan,Beras Premium,kg,08/02/2026,0
Jawa Tengah,Kab. Pekalongan,Gula Pasir Curah,kg,08/02/2026,0
Jawa Tengah,Kab. Pekalongan,Minyak Goreng Sawit Kemasan Premium,lt,08/02/2026,0
Jawa Tengah,Kab. Pekalongan,Minyak Goreng Sawit Curah,lt,08/02/2026,0
Jawa Tengah,Kab. Pekalongan,Minyakita,lt,08/02/2026,0
Jawa Tengah,Kab. Pekalongan,Daging Sapi Paha Belakang,kg,08/02/2026,0
Jawa Tengah,Kab. Pekalongan,Daging Ayam Ras,kg,08/02/2026,0
Jawa Tengah,Kab. Pekalongan,Telur Ayam Ras,kg,08/02/2026,0
Jawa Tengah,Kab. Pekalongan,Tepung Terigu,kg,08/02/2026,0
Jawa Tengah,Kab. Pekalongan,Kedelai Impor,kg,08/02/2026,0
Jawa Tengah,Kab. Pekalongan,Cabai Merah Keriting,kg,08/02/2026,0
Jawa Tengah,Kab. Pekalongan,Cabai Rawit Merah,kg,08/02/2026,0
Jawa Tengah,Kab. Pekalongan,Cabai Merah Besar,kg,08/02/2026,0
Jawa Tengah,Kab. Pekalongan,Bawang Merah,kg,08/02/2026,0
Jawa Tengah,Kab. Pekalongan,Bawang Putih Honan,kg,08/02/2026,0
Jawa Tengah,Kab. Pemalang,Beras Medium,kg,08/02/2026,0
Jawa Tengah,Kab. Pemalang,Beras Premium,kg,08/02/2026,0
Jawa Tengah,Kab. Pemalang,Gula Pasir Curah,kg,08/02/2026,0
Jawa Tengah,Kab. Pemalang,Minyak Goreng Sawit Kemasan Premium,lt,08/02/2026,0
Jawa Tengah,Kab. Pemalang,Minyak Goreng Sawit Curah,lt,08/02/2026,0
Jawa Tengah,Kab. Pemalang,Minyakita,lt,08/02/2026,0
Jawa Tengah,Kab. Pemalang,Daging Sapi Paha Belakang,kg,08/02/2026,0
Jawa Tengah,Kab. Pemalang,Daging Ayam Ras,kg,08/02/2026,0
Jawa Tengah,Kab. Pemalang,Telur Ayam Ras,kg,08/02/2026,0
Jawa Tengah,Kab. Pemalang,Tepung Terigu,kg,08/02/2026,0
Jawa Tengah,Kab. Pemalang,Kedelai Impor,kg,08/02/2026,0
Jawa Tengah,Kab. Pemalang,Cabai Merah Keriting,kg,08/02/2026,0
Jawa Tengah,Kab. Pemalang,Cabai Rawit Merah,kg,08/02/2026,0
Jawa Tengah,Kab. Pemalang,Cabai Merah Besar,kg,08/02/2026,0
Jawa Tengah,Kab. Pemalang,Bawang Merah,kg,08/02/2026,0
Jawa Tengah,Kab. Pemalang,Bawang Putih Honan,kg,08/02/2026,0
Jawa Tengah,Kab. Tegal,Beras Medium,kg,08/02/2026,0
Jawa Tengah,Kab. Tegal,Beras Premium,kg,08/02/2026,0
Jawa Tengah,Kab. Tegal,Gula Pasir Curah,kg,08/02/2026,0
Jawa Tengah,Kab. Tegal,Minyak Goreng Sawit Kemasan Premium,lt,08/02/2026,0
Jawa Tengah,Kab. Tegal,Minyak Goreng Sawit Curah,lt,08/02/2026,0
Jawa Tengah,Kab. Tegal,Minyakita,lt,08/02/2026,0
Jawa Tengah,Kab. Tegal,Daging Sapi Paha Belakang,kg,08/02/2026,0
Jawa Tengah,Kab. Tegal,Daging Ayam Ras,kg,08/02/2026,0
Jawa Tengah,Kab. Tegal,Telur Ayam Ras,kg,08/02/2026,0
Jawa Tengah,Kab. Tegal,Tepung Terigu,kg,08/02/2026,0
Jawa Tengah,Kab. Tegal,Kedelai Impor,kg,08/02/2026,0
Jawa Tengah,Kab. Tegal,Cabai Merah Keriting,kg,08/02/2026,0
Jawa Tengah,Kab. Tegal,Cabai Rawit Merah,kg,08/02/2026,0
Jawa Tengah,Kab. Tegal,Cabai Merah Besar,kg,08/02/2026,0
Jawa Tengah,Kab. Tegal,Bawang Merah,kg,08/02/2026,0
Jawa Tengah,Kab. Tegal,Bawang Putih Honan,kg,08/02/2026,0
Jawa Tengah,Kab. Brebes,Beras Medium,kg,08/02/2026,0
Jawa Tengah,Kab. Brebes,Beras Premium,kg,08/02/2026,0
Jawa Tengah,Kab. Brebes,Gula Pasir Curah,kg,08/02/2026,0
Jawa Tengah,Kab. Brebes,Minyak Goreng Sawit Kemasan Premium,lt,08/02/2026,0
Jawa Tengah,Kab. Brebes,Minyak Goreng Sawit Curah,lt,08/02/2026,0
Jawa Tengah,Kab. Brebes,Minyakita,lt,08/02/2026,0
Jawa Tengah,Kab. Brebes,Daging Sapi Paha Belakang,kg,08/02/2026,0
Jawa Tengah,Kab. Brebes,Daging Ayam Ras,kg,08/02/2026,0
Jawa Tengah,Kab. Brebes,Telur Ayam Ras,kg,08/02/2026,0
Jawa Tengah,Kab. Brebes,Tepung Terigu,kg,08/02/2026,0
Jawa Tengah,Kab. Brebes,Kedelai Impor,kg,08/02/2026,0
Jawa Tengah,Kab. Brebes,Cabai Merah Keriting,kg,08/02/2026,0
Jawa Tengah,Kab. Brebes,Cabai Rawit Merah,kg,08/02/2026,0
Jawa Tengah,Kab. Brebes,Cabai Merah Besar,kg,08/02/2026,0
Jawa Tengah,Kab. Brebes,Bawang Merah,kg,08/02/2026,0
Jawa Tengah,Kab. Brebes,Bawang Putih Honan,kg,08/02/2026,0
Jawa Tengah,Kota Magelang,Beras Medium,kg,08/02/2026,0
Jawa Tengah,Kota Magelang,Beras Premium,kg,08/02/2026,0
Jawa Tengah,Kota Magelang,Gula Pasir Curah,kg,08/02/2026,0
Jawa Tengah,Kota Magelang,Minyak Goreng Sawit Kemasan Premium,lt,08/02/2026,0
Jawa Tengah,Kota Magelang,Minyak Goreng Sawit Curah,lt,08/02/2026,0
Jawa Tengah,Kota Magelang,Minyakita,lt,08/02/2026,0
Jawa Tengah,Kota Magelang,Daging Sapi Paha Belakang,kg,08/02/2026,0
Jawa Tengah,Kota Magelang,Daging Ayam Ras,kg,08/02/2026,0
Jawa Tengah,Kota Magelang,Telur Ayam Ras,kg,08/02/2026,0
Jawa Tengah,Kota Magelang,Tepung Terigu,kg,08/02/2026,0
Jawa Tengah,Kota Magelang,Kedelai Impor,kg,08/02/2026,0
Jawa Tengah,Kota Magelang,Cabai Merah Keriting,kg,08/02/2026,0
Jawa Tengah,Kota Magelang,Cabai Rawit Merah,kg,08/02/2026,0
Jawa Tengah,Kota Magelang,Cabai Merah Besar,kg,08/02/2026,0
Jawa Tengah,Kota Magelang,Bawang Merah,kg,08/02/2026,0
Jawa Tengah,Kota Magelang,Bawang Putih Honan,kg,08/02/2026,0
Jawa Tengah,Kota Surakarta,Beras Medium,kg,08/02/2026,0
Jawa Tengah,Kota Surakarta,Beras Premium,kg,08/02/2026,0
Jawa Tengah,Kota Surakarta,Gula Pasir Curah,kg,08/02/2026,0
Jawa Tengah,Kota Surakarta,Minyak Goreng Sawit Kemasan Premium,lt,08/02/2026,0
Jawa Tengah,Kota Surakarta,Minyak Goreng Sawit Curah,lt,08/02/2026,0
Jawa Tengah,Kota Surakarta,Minyakita,lt,08/02/2026,0
Jawa Tengah,Kota Surakarta,Daging Sapi Paha Belakang,kg,08/02/2026,0
Jawa Tengah,Kota Surakarta,Daging Ayam Ras,kg,08/02/2026,0
Jawa Tengah,Kota Surakarta,Telur Ayam Ras,kg,08/02/2026,0
Jawa Tengah,Kota Surakarta,Tepung Terigu,kg,08/02/2026,0
Jawa Tengah,Kota Surakarta,Kedelai Impor,kg,08/02/2026,0
Jawa Tengah,Kota Surakarta,Cabai Merah Keriting,kg,08/02/2026,0
Jawa Tengah,Kota Surakarta,Cabai Rawit Merah,kg,08/02/2026,0
Jawa Tengah,Kota Surakarta,Cabai Merah Besar,kg,08/02/2026,0
Jawa Tengah,Kota Surakarta,Bawang Merah,kg,08/02/2026,0
Jawa Tengah,Kota Surakarta,Bawang Putih Honan,kg,08/02/2026,0
Jawa Tengah,Kota Salatiga,Beras Medium,kg,08/02/2026,0
Jawa Tengah,Kota Salatiga,Beras Premium,kg,08/02/2026,0
Jawa Tengah,Kota Salatiga,Gula Pasir Curah,kg,08/02/2026,0
Jawa Tengah,Kota Salatiga,Minyak Goreng Sawit Kemasan Premium,lt,08/02/2026,0
Jawa Tengah,Kota Salatiga,Minyak Goreng Sawit Curah,lt,08/02/2026,0
Jawa Tengah,Kota Salatiga,Minyakita,lt,08/02/2026,0
Jawa Tengah,Kota Salatiga,Daging Sapi Paha Belakang,kg,08/02/2026,0
Jawa Tengah,Kota Salatiga,Daging Ayam Ras,kg,08/02/2026,0
Jawa Tengah,Kota Salatiga,Telur Ayam Ras,kg,08/02/2026,0
Jawa Tengah,Kota Salatiga,Tepung Terigu,kg,08/02/2026,0
Jawa Tengah,Kota Salatiga,Kedelai Impor,kg,08/02/2026,0
Jawa Tengah,Kota Salatiga,Cabai Merah Keriting,kg,08/02/2026,0
Jawa Tengah,Kota Salatiga,Cabai Rawit Merah,kg,08/02/2026,0
Jawa Tengah,Kota Salatiga,Cabai Merah Besar,kg,08/02/2026,0
Jawa Tengah,Kota Salatiga,Bawang Merah,kg,08/02/2026,0
Jawa Tengah,Kota Salatiga,Bawang Putih Honan,kg,08/02/2026,0
Jawa Tengah,Kota Semarang,Beras Medium,kg,08/02/2026,0
Jawa Tengah,Kota Semarang,Beras Premium,kg,08/02/2026,0
Jawa Tengah,Kota Semarang,Gula Pasir Curah,kg,08/02/2026,0
Jawa Tengah,Kota Semarang,Minyak Goreng Sawit Kemasan Premium,lt,08/02/2026,0
Jawa Tengah,Kota Semarang,Minyak Goreng Sawit Curah,lt,08/02/2026,0
Jawa Tengah,Kota Semarang,Minyakita,lt,08/02/2026,0
Jawa Tengah,Kota Semarang,Daging Sapi Paha Belakang,kg,08/02/2026,0
Jawa Tengah,Kota Semarang,Daging Ayam Ras,kg,08/02/2026,0
Jawa Tengah,Kota Semarang,Telur Ayam Ras,kg,08/02/2026,0
Jawa Tengah,Kota Semarang,Tepung Terigu,kg,08/02/2026,0
Jawa Tengah,Kota Semarang,Kedelai Impor,kg,08/02/2026,0
Jawa Tengah,Kota Semarang,Cabai Merah Keriting,kg,08/02/2026,0
Jawa Tengah,Kota Semarang,Cabai Rawit Merah,kg,08/02/2026,0
Jawa Tengah,Kota Semarang,Cabai Merah Besar,kg,08/02/2026,0
Jawa Tengah,Kota Semarang,Bawang Merah,kg,08/02/2026,0
Jawa Tengah,Kota Semarang,Bawang Putih Honan,kg,08/02/2026,0
Jawa Tengah,Kota Pekalongan,Beras Medium,kg,08/02/2026,0
Jawa Tengah,Kota Pekalongan,Beras Premium,kg,08/02/2026,0
Jawa Tengah,Kota Pekalongan,Gula Pasir Curah,kg,08/02/2026,0
Jawa Tengah,Kota Pekalongan,Minyak Goreng Sawit Kemasan Premium,lt,08/02/2026,0
Jawa Tengah,Kota Pekalongan,Minyak Goreng Sawit Curah,lt,08/02/2026,0
Jawa Tengah,Kota Pekalongan,Minyakita,lt,08/02/2026,0
Jawa Tengah,Kota Pekalongan,Daging Sapi Paha Belakang,kg,08/02/2026,0
Jawa Tengah,Kota Pekalongan,Daging Ayam Ras,kg,08/02/2026,0
Jawa Tengah,Kota Pekalongan,Telur Ayam Ras,kg,08/02/2026,0
Jawa Tengah,Kota Pekalongan,Tepung Terigu,kg,08/02/2026,0
Jawa Tengah,Kota Pekalongan,Kedelai Impor,kg,08/02/2026,0
Jawa Tengah,Kota Pekalongan,Cabai Merah Keriting,kg,08/02/2026,0
Jawa Tengah,Kota Pekalongan,Cabai Rawit Merah,kg,08/02/2026,0
Jawa Tengah,Kota Pekalongan,Cabai Merah Besar,kg,08/02/2026,0
Jawa Tengah,Kota Pekalongan,Bawang Merah,kg,08/02/2026,0
Jawa Tengah,Kota Pekalongan,Bawang Putih Honan,kg,08/02/2026,0
Jawa Tengah,Kota Tegal,Beras Medium,kg,08/02/2026,0
Jawa Tengah,Kota Tegal,Beras Premium,kg,08/02/2026,0
Jawa Tengah,Kota Tegal,Gula Pasir Curah,kg,08/02/2026,0
Jawa Tengah,Kota Tegal,Minyak Goreng Sawit Kemasan Premium,lt,08/02/2026,0
Jawa Tengah,Kota Tegal,Minyak Goreng Sawit Curah,lt,08/02/2026,0
Jawa Tengah,Kota Tegal,Minyakita,lt,08/02/2026,0
Jawa Tengah,Kota Tegal,Daging Sapi Paha Belakang,kg,08/02/2026,0
Jawa Tengah,Kota Tegal,Daging Ayam Ras,kg,08/02/2026,0
Jawa Tengah,Kota Tegal,Telur Ayam Ras,kg,08/02/2026,0
Jawa Tengah,Kota Tegal,Tepung Terigu,kg,08/02/2026,0
Jawa Tengah,Kota Tegal,Kedelai Impor,kg,08/02/2026,0
Jawa Tengah,Kota Tegal,Cabai Merah Keriting,kg,08/02/2026,0
Jawa Tengah,Kota Tegal,Cabai Rawit Merah,kg,08/02/2026,0
Jawa Tengah,Kota Tegal,Cabai Merah Besar,kg,08/02/2026,0
Jawa Tengah,Kota Tegal,Bawang Merah,kg,08/02/2026,0
Jawa Tengah,Kota Tegal,Bawang Putih Honan,kg,08/02/2026,0
Jawa Tengah,Kab. Cilacap,Beras Medium,kg,09/02/2026,13500
Jawa Tengah,Kab. Cilacap,Beras Premium,kg,09/02/2026,14500
Jawa Tengah,Kab. Cilacap,Gula Pasir Curah,kg,09/02/2026,17333
Jawa Tengah,Kab. Cilacap,Minyak Goreng Sawit Kemasan Premium,lt,09/02/2026,22000
Jawa Tengah,Kab. Cilacap,Minyak Goreng Sawit Curah,lt,09/02/2026,18000
Jawa Tengah,Kab. Cilacap,Minyakita,lt,09/02/2026,15700
Jawa Tengah,Kab. Cilacap,Daging Sapi Paha Belakang,kg,09/02/2026,135000
Jawa Tengah,Kab. Cilacap,Daging Ayam Ras,kg,09/02/2026,40333
Jawa Tengah,Kab. Cilacap,Telur Ayam Ras,kg,09/02/2026,29333
Jawa Tengah,Kab. Cilacap,Tepung Terigu,kg,09/02/2026,12000
Jawa Tengah,Kab. Cilacap,Kedelai Impor,kg,09/02/2026,11667
Jawa Tengah,Kab. Cilacap,Cabai Merah Keriting,kg,09/02/2026,32333
Jawa Tengah,Kab. Cilacap,Cabai Rawit Merah,kg,09/02/2026,76333
Jawa Tengah,Kab. Cilacap,Cabai Merah Besar,kg,09/02/2026,29000
Jawa Tengah,Kab. Cilacap,Bawang Merah,kg,09/02/2026,38000
Jawa Tengah,Kab. Cilacap,Bawang Putih Honan,kg,09/02/2026,35667
Jawa Tengah,Kab. Banyumas,Beras Medium,kg,09/02/2026,13250
Jawa Tengah,Kab. Banyumas,Beras Premium,kg,09/02/2026,14900
Jawa Tengah,Kab. Banyumas,Gula Pasir Curah,kg,09/02/2026,16833
Jawa Tengah,Kab. Banyumas,Minyak Goreng Sawit Kemasan Premium,lt,09/02/2026,21000
Jawa Tengah,Kab. Banyumas,Minyak Goreng Sawit Curah,lt,09/02/2026,17100
Jawa Tengah,Kab. Banyumas,Minyakita,lt,09/02/2026,15700
Jawa Tengah,Kab. Banyumas,Daging Sapi Paha Belakang,kg,09/02/2026,133333
Jawa Tengah,Kab. Banyumas,Daging Ayam Ras,kg,09/02/2026,38667
Jawa Tengah,Kab. Banyumas,Telur Ayam Ras,kg,09/02/2026,30000
Jawa Tengah,Kab. Banyumas,Tepung Terigu,kg,09/02/2026,11500
Jawa Tengah,Kab. Banyumas,Kedelai Impor,kg,09/02/2026,10000
Jawa Tengah,Kab. Banyumas,Cabai Merah Keriting,kg,09/02/2026,30000
Jawa Tengah,Kab. Banyumas,Cabai Rawit Merah,kg,09/02/2026,74667
Jawa Tengah,Kab. Banyumas,Cabai Merah Besar,kg,09/02/2026,26667
Jawa Tengah,Kab. Banyumas,Bawang Merah,kg,09/02/2026,40000
Jawa Tengah,Kab. Banyumas,Bawang Putih Honan,kg,09/02/2026,32000
Jawa Tengah,Kab. Purbalingga,Beras Medium,kg,09/02/2026,13000
Jawa Tengah,Kab. Purbalingga,Beras Premium,kg,09/02/2026,14200
Jawa Tengah,Kab. Purbalingga,Gula Pasir Curah,kg,09/02/2026,17200
Jawa Tengah,Kab. Purbalingga,Minyak Goreng Sawit Kemasan Premium,lt,09/02/2026,21000
Jawa Tengah,Kab. Purbalingga,Minyak Goreng Sawit Curah,lt,09/02/2026,17550
Jawa Tengah,Kab. Purbalingga,Minyakita,lt,09/02/2026,15700
Jawa Tengah,Kab. Purbalingga,Daging Sapi Paha Belakang,kg,09/02/2026,135000
Jawa Tengah,Kab. Purbalingga,Daging Ayam Ras,kg,09/02/2026,40000
Jawa Tengah,Kab. Purbalingga,Telur Ayam Ras,kg,09/02/2026,30000
Jawa Tengah,Kab. Purbalingga,Tepung Terigu,kg,09/02/2026,12000
Jawa Tengah,Kab. Purbalingga,Kedelai Impor,kg,09/02/2026,9800
Jawa Tengah,Kab. Purbalingga,Cabai Merah Keriting,kg,09/02/2026,39000
Jawa Tengah,Kab. Purbalingga,Cabai Rawit Merah,kg,09/02/2026,76000
Jawa Tengah,Kab. Purbalingga,Cabai Merah Besar,kg,09/02/2026,28000
Jawa Tengah,Kab. Purbalingga,Bawang Merah,kg,09/02/2026,43000
Jawa Tengah,Kab. Purbalingga,Bawang Putih Honan,kg,09/02/2026,33000
Jawa Tengah,Kab. Banjarnegara,Beras Medium,kg,09/02/2026,13333
Jawa Tengah,Kab. Banjarnegara,Beras Premium,kg,09/02/2026,14533
Jawa Tengah,Kab. Banjarnegara,Gula Pasir Curah,kg,09/02/2026,17000
Jawa Tengah,Kab. Banjarnegara,Minyak Goreng Sawit Kemasan Premium,lt,09/02/2026,20666
Jawa Tengah,Kab. Banjarnegara,Minyak Goreng Sawit Curah,lt,09/02/2026,18450
Jawa Tengah,Kab. Banjarnegara,Minyakita,lt,09/02/2026,15700
Jawa Tengah,Kab. Banjarnegara,Daging Sapi Paha Belakang,kg,09/02/2026,135000
Jawa Tengah,Kab. Banjarnegara,Daging Ayam Ras,kg,09/02/2026,38000
Jawa Tengah,Kab. Banjarnegara,Telur Ayam Ras,kg,09/02/2026,30000
Jawa Tengah,Kab. Banjarnegara,Tepung Terigu,kg,09/02/2026,11666
Jawa Tengah,Kab. Banjarnegara,Kedelai Impor,kg,09/02/2026,10433
Jawa Tengah,Kab. Banjarnegara,Cabai Merah Keriting,kg,09/02/2026,38333
Jawa Tengah,Kab. Banjarnegara,Cabai Rawit Merah,kg,09/02/2026,75000
Jawa Tengah,Kab. Banjarnegara,Cabai Merah Besar,kg,09/02/2026,0
Jawa Tengah,Kab. Banjarnegara,Bawang Merah,kg,09/02/2026,40000
Jawa Tengah,Kab. Banjarnegara,Bawang Putih Honan,kg,09/02/2026,33666
Jawa Tengah,Kab. Kebumen,Beras Medium,kg,09/02/2026,12250
Jawa Tengah,Kab. Kebumen,Beras Premium,kg,09/02/2026,14450
Jawa Tengah,Kab. Kebumen,Gula Pasir Curah,kg,09/02/2026,16000
Jawa Tengah,Kab. Kebumen,Minyak Goreng Sawit Kemasan Premium,lt,09/02/2026,20500
Jawa Tengah,Kab. Kebumen,Minyak Goreng Sawit Curah,lt,09/02/2026,17500
Jawa Tengah,Kab. Kebumen,Minyakita,lt,09/02/2026,15700
Jawa Tengah,Kab. Kebumen,Daging Sapi Paha Belakang,kg,09/02/2026,120000
Jawa Tengah,Kab. Kebumen,Daging Ayam Ras,kg,09/02/2026,33000
Jawa Tengah,Kab. Kebumen,Telur Ayam Ras,kg,09/02/2026,27500
Jawa Tengah,Kab. Kebumen,Tepung Terigu,kg,09/02/2026,11000
Jawa Tengah,Kab. Kebumen,Kedelai Impor,kg,09/02/2026,9500
Jawa Tengah,Kab. Kebumen,Cabai Merah Keriting,kg,09/02/2026,30667
Jawa Tengah,Kab. Kebumen,Cabai Rawit Merah,kg,09/02/2026,39333
Jawa Tengah,Kab. Kebumen,Cabai Merah Besar,kg,09/02/2026,31667
Jawa Tengah,Kab. Kebumen,Bawang Merah,kg,09/02/2026,35000
Jawa Tengah,Kab. Kebumen,Bawang Putih Honan,kg,09/02/2026,0
Jawa Tengah,Kab. Purworejo,Beras Medium,kg,09/02/2026,12800
Jawa Tengah,Kab. Purworejo,Beras Premium,kg,09/02/2026,14500
Jawa Tengah,Kab. Purworejo,Gula Pasir Curah,kg,09/02/2026,17333
Jawa Tengah,Kab. Purworejo,Minyak Goreng Sawit Kemasan Premium,lt,09/02/2026,20333
Jawa Tengah,Kab. Purworejo,Minyak Goreng Sawit Curah,lt,09/02/2026,17400
Jawa Tengah,Kab. Purworejo,Minyakita,lt,09/02/2026,15700
Jawa Tengah,Kab. Purworejo,Daging Sapi Paha Belakang,kg,09/02/2026,135500
Jawa Tengah,Kab. Purworejo,Daging Ayam Ras,kg,09/02/2026,40000
Jawa Tengah,Kab. Purworejo,Telur Ayam Ras,kg,09/02/2026,30000
Jawa Tengah,Kab. Purworejo,Tepung Terigu,kg,09/02/2026,11333
Jawa Tengah,Kab. Purworejo,Kedelai Impor,kg,09/02/2026,10000
Jawa Tengah,Kab. Purworejo,Cabai Merah Keriting,kg,09/02/2026,33333
Jawa Tengah,Kab. Purworejo,Cabai Rawit Merah,kg,09/02/2026,73667
Jawa Tengah,Kab. Purworejo,Cabai Merah Besar,kg,09/02/2026,35667
Jawa Tengah,Kab. Purworejo,Bawang Merah,kg,09/02/2026,41667
Jawa Tengah,Kab. Purworejo,Bawang Putih Honan,kg,09/02/2026,34667
Jawa Tengah,Kab. Wonosobo,Beras Medium,kg,09/02/2026,13000
Jawa Tengah,Kab. Wonosobo,Beras Premium,kg,09/02/2026,14867
Jawa Tengah,Kab. Wonosobo,Gula Pasir Curah,kg,09/02/2026,16933
Jawa Tengah,Kab. Wonosobo,Minyak Goreng Sawit Kemasan Premium,lt,09/02/2026,21500
Jawa Tengah,Kab. Wonosobo,Minyak Goreng Sawit Curah,lt,09/02/2026,16933
Jawa Tengah,Kab. Wonosobo,Minyakita,lt,09/02/2026,15700
Jawa Tengah,Kab. Wonosobo,Daging Sapi Paha Belakang,kg,09/02/2026,135000
Jawa Tengah,Kab. Wonosobo,Daging Ayam Ras,kg,09/02/2026,38000
Jawa Tengah,Kab. Wonosobo,Telur Ayam Ras,kg,09/02/2026,29667
Jawa Tengah,Kab. Wonosobo,Tepung Terigu,kg,09/02/2026,11500
Jawa Tengah,Kab. Wonosobo,Kedelai Impor,kg,09/02/2026,9400
Jawa Tengah,Kab. Wonosobo,Cabai Merah Keriting,kg,09/02/2026,36667
Jawa Tengah,Kab. Wonosobo,Cabai Rawit Merah,kg,09/02/2026,68333
Jawa Tengah,Kab. Wonosobo,Cabai Merah Besar,kg,09/02/2026,0
Jawa Tengah,Kab. Wonosobo,Bawang Merah,kg,09/02/2026,37333
Jawa Tengah,Kab. Wonosobo,Bawang Putih Honan,kg,09/02/2026,35000
Jawa Tengah,Kab. Magelang,Beras Medium,kg,09/02/2026,13400
Jawa Tengah,Kab. Magelang,Beras Premium,kg,09/02/2026,14900
Jawa Tengah,Kab. Magelang,Gula Pasir Curah,kg,09/02/2026,17000
Jawa Tengah,Kab. Magelang,Minyak Goreng Sawit Kemasan Premium,lt,09/02/2026,20000
Jawa Tengah,Kab. Magelang,Minyak Goreng Sawit Curah,lt,09/02/2026,17800
Jawa Tengah,Kab. Magelang,Minyakita,lt,09/02/2026,15700
Jawa Tengah,Kab. Magelang,Daging Sapi Paha Belakang,kg,09/02/2026,138000
Jawa Tengah,Kab. Magelang,Daging Ayam Ras,kg,09/02/2026,34000
Jawa Tengah,Kab. Magelang,Telur Ayam Ras,kg,09/02/2026,28000
Jawa Tengah,Kab. Magelang,Tepung Terigu,kg,09/02/2026,11500
Jawa Tengah,Kab. Magelang,Kedelai Impor,kg,09/02/2026,11700
Jawa Tengah,Kab. Magelang,Cabai Merah Keriting,kg,09/02/2026,35000
Jawa Tengah,Kab. Magelang,Cabai Rawit Merah,kg,09/02/2026,70000
Jawa Tengah,Kab. Magelang,Cabai Merah Besar,kg,09/02/2026,40000
Jawa Tengah,Kab. Magelang,Bawang Merah,kg,09/02/2026,38000
Jawa Tengah,Kab. Magelang,Bawang Putih Honan,kg,09/02/2026,34000
Jawa Tengah,Kab. Boyolali,Beras Medium,kg,09/02/2026,13000
Jawa Tengah,Kab. Boyolali,Beras Premium,kg,09/02/2026,14867
Jawa Tengah,Kab. Boyolali,Gula Pasir Curah,kg,09/02/2026,16500
Jawa Tengah,Kab. Boyolali,Minyak Goreng Sawit Kemasan Premium,lt,09/02/2026,21000
Jawa Tengah,Kab. Boyolali,Minyak Goreng Sawit Curah,lt,09/02/2026,17500
Jawa Tengah,Kab. Boyolali,Minyakita,lt,09/02/2026,15700
Jawa Tengah,Kab. Boyolali,Daging Sapi Paha Belakang,kg,09/02/2026,130000
Jawa Tengah,Kab. Boyolali,Daging Ayam Ras,kg,09/02/2026,37667
Jawa Tengah,Kab. Boyolali,Telur Ayam Ras,kg,09/02/2026,28000
Jawa Tengah,Kab. Boyolali,Tepung Terigu,kg,09/02/2026,11667
Jawa Tengah,Kab. Boyolali,Kedelai Impor,kg,09/02/2026,11667
Jawa Tengah,Kab. Boyolali,Cabai Merah Keriting,kg,09/02/2026,40000
Jawa Tengah,Kab. Boyolali,Cabai Rawit Merah,kg,09/02/2026,76667
Jawa Tengah,Kab. Boyolali,Cabai Merah Besar,kg,09/02/2026,46667
Jawa Tengah,Kab. Boyolali,Bawang Merah,kg,09/02/2026,39333
Jawa Tengah,Kab. Boyolali,Bawang Putih Honan,kg,09/02/2026,33000
Jawa Tengah,Kab. Klaten,Beras Medium,kg,09/02/2026,13500
Jawa Tengah,Kab. Klaten,Beras Premium,kg,09/02/2026,14900
Jawa Tengah,Kab. Klaten,Gula Pasir Curah,kg,09/02/2026,17500
Jawa Tengah,Kab. Klaten,Minyak Goreng Sawit Kemasan Premium,lt,09/02/2026,21000
Jawa Tengah,Kab. Klaten,Minyak Goreng Sawit Curah,lt,09/02/2026,17833
Jawa Tengah,Kab. Klaten,Minyakita,lt,09/02/2026,16300
Jawa Tengah,Kab. Klaten,Daging Sapi Paha Belakang,kg,09/02/2026,122500
Jawa Tengah,Kab. Klaten,Daging Ayam Ras,kg,09/02/2026,37000
Jawa Tengah,Kab. Klaten,Telur Ayam Ras,kg,09/02/2026,27667
Jawa Tengah,Kab. Klaten,Tepung Terigu,kg,09/02/2026,11333
Jawa Tengah,Kab. Klaten,Kedelai Impor,kg,09/02/2026,10333
Jawa Tengah,Kab. Klaten,Cabai Merah Keriting,kg,09/02/2026,27667
Jawa Tengah,Kab. Klaten,Cabai Rawit Merah,kg,09/02/2026,70000
Jawa Tengah,Kab. Klaten,Cabai Merah Besar,kg,09/02/2026,40000
Jawa Tengah,Kab. Klaten,Bawang Merah,kg,09/02/2026,40000
Jawa Tengah,Kab. Klaten,Bawang Putih Honan,kg,09/02/2026,30667
Jawa Tengah,Kab. Sukoharjo,Beras Medium,kg,09/02/2026,13000
Jawa Tengah,Kab. Sukoharjo,Beras Premium,kg,09/02/2026,14500
Jawa Tengah,Kab. Sukoharjo,Gula Pasir Curah,kg,09/02/2026,17000
Jawa Tengah,Kab. Sukoharjo,Minyak Goreng Sawit Kemasan Premium,lt,09/02/2026,20667
Jawa Tengah,Kab. Sukoharjo,Minyak Goreng Sawit Curah,lt,09/02/2026,17000
Jawa Tengah,Kab. Sukoharjo,Minyakita,lt,09/02/2026,15700
Jawa Tengah,Kab. Sukoharjo,Daging Sapi Paha Belakang,kg,09/02/2026,125000
Jawa Tengah,Kab. Sukoharjo,Daging Ayam Ras,kg,09/02/2026,40000
Jawa Tengah,Kab. Sukoharjo,Telur Ayam Ras,kg,09/02/2026,28333
Jawa Tengah,Kab. Sukoharjo,Tepung Terigu,kg,09/02/2026,12000
Jawa Tengah,Kab. Sukoharjo,Kedelai Impor,kg,09/02/2026,10000
Jawa Tengah,Kab. Sukoharjo,Cabai Merah Keriting,kg,09/02/2026,35000
Jawa Tengah,Kab. Sukoharjo,Cabai Rawit Merah,kg,09/02/2026,83333
Jawa Tengah,Kab. Sukoharjo,Cabai Merah Besar,kg,09/02/2026,31667
Jawa Tengah,Kab. Sukoharjo,Bawang Merah,kg,09/02/2026,35000
Jawa Tengah,Kab. Sukoharjo,Bawang Putih Honan,kg,09/02/2026,33000
Jawa Tengah,Kab. Wonogiri,Beras Medium,kg,09/02/2026,13500
Jawa Tengah,Kab. Wonogiri,Beras Premium,kg,09/02/2026,14417
Jawa Tengah,Kab. Wonogiri,Gula Pasir Curah,kg,09/02/2026,17000
Jawa Tengah,Kab. Wonogiri,Minyak Goreng Sawit Kemasan Premium,lt,09/02/2026,21000
Jawa Tengah,Kab. Wonogiri,Minyak Goreng Sawit Curah,lt,09/02/2026,19700
Jawa Tengah,Kab. Wonogiri,Minyakita,lt,09/02/2026,15700
Jawa Tengah,Kab. Wonogiri,Daging Sapi Paha Belakang,kg,09/02/2026,130000
Jawa Tengah,Kab. Wonogiri,Daging Ayam Ras,kg,09/02/2026,39667
Jawa Tengah,Kab. Wonogiri,Telur Ayam Ras,kg,09/02/2026,29167
Jawa Tengah,Kab. Wonogiri,Tepung Terigu,kg,09/02/2026,11833
Jawa Tengah,Kab. Wonogiri,Kedelai Impor,kg,09/02/2026,11000
Jawa Tengah,Kab. Wonogiri,Cabai Merah Keriting,kg,09/02/2026,35667
Jawa Tengah,Kab. Wonogiri,Cabai Rawit Merah,kg,09/02/2026,81333
Jawa Tengah,Kab. Wonogiri,Cabai Merah Besar,kg,09/02/2026,25000
Jawa Tengah,Kab. Wonogiri,Bawang Merah,kg,09/02/2026,36667
Jawa Tengah,Kab. Wonogiri,Bawang Putih Honan,kg,09/02/2026,0
Jawa Tengah,Kab. Karanganyar,Beras Medium,kg,09/02/2026,13000
Jawa Tengah,Kab. Karanganyar,Beras Premium,kg,09/02/2026,14667
Jawa Tengah,Kab. Karanganyar,Gula Pasir Curah,kg,09/02/2026,16833
Jawa Tengah,Kab. Karanganyar,Minyak Goreng Sawit Kemasan Premium,lt,09/02/2026,20000
Jawa Tengah,Kab. Karanganyar,Minyak Goreng Sawit Curah,lt,09/02/2026,19000
Jawa Tengah,Kab. Karanganyar,Minyakita,lt,09/02/2026,15500
Jawa Tengah,Kab. Karanganyar,Daging Sapi Paha Belakang,kg,09/02/2026,125000
Jawa Tengah,Kab. Karanganyar,Daging Ayam Ras,kg,09/02/2026,40000
Jawa Tengah,Kab. Karanganyar,Telur Ayam Ras,kg,09/02/2026,26000
Jawa Tengah,Kab. Karanganyar,Tepung Terigu,kg,09/02/2026,12000
Jawa Tengah,Kab. Karanganyar,Kedelai Impor,kg,09/02/2026,9600
Jawa Tengah,Kab. Karanganyar,Cabai Merah Keriting,kg,09/02/2026,35000
Jawa Tengah,Kab. Karanganyar,Cabai Rawit Merah,kg,09/02/2026,85000
Jawa Tengah,Kab. Karanganyar,Cabai Merah Besar,kg,09/02/2026,25000
Jawa Tengah,Kab. Karanganyar,Bawang Merah,kg,09/02/2026,35000
Jawa Tengah,Kab. Karanganyar,Bawang Putih Honan,kg,09/02/2026,30000
Jawa Tengah,Kab. Sragen,Beras Medium,kg,09/02/2026,13250
Jawa Tengah,Kab. Sragen,Beras Premium,kg,09/02/2026,14250
Jawa Tengah,Kab. Sragen,Gula Pasir Curah,kg,09/02/2026,16750
Jawa Tengah,Kab. Sragen,Minyak Goreng Sawit Kemasan Premium,lt,09/02/2026,19750
Jawa Tengah,Kab. Sragen,Minyak Goreng Sawit Curah,lt,09/02/2026,18700
Jawa Tengah,Kab. Sragen,Minyakita,lt,09/02/2026,15700
Jawa Tengah,Kab. Sragen,Daging Sapi Paha Belakang,kg,09/02/2026,120000
Jawa Tengah,Kab. Sragen,Daging Ayam Ras,kg,09/02/2026,40000
Jawa Tengah,Kab. Sragen,Telur Ayam Ras,kg,09/02/2026,28500
Jawa Tengah,Kab. Sragen,Tepung Terigu,kg,09/02/2026,12000
Jawa Tengah,Kab. Sragen,Kedelai Impor,kg,09/02/2026,9600
Jawa Tengah,Kab. Sragen,Cabai Merah Keriting,kg,09/02/2026,32000
Jawa Tengah,Kab. Sragen,Cabai Rawit Merah,kg,09/02/2026,77000
Jawa Tengah,Kab. Sragen,Cabai Merah Besar,kg,09/02/2026,24000
Jawa Tengah,Kab. Sragen,Bawang Merah,kg,09/02/2026,36000
Jawa Tengah,Kab. Sragen,Bawang Putih Honan,kg,09/02/2026,32000
Jawa Tengah,Kab. Grobogan,Beras Medium,kg,09/02/2026,13250
Jawa Tengah,Kab. Grobogan,Beras Premium,kg,09/02/2026,14825
Jawa Tengah,Kab. Grobogan,Gula Pasir Curah,kg,09/02/2026,17000
Jawa Tengah,Kab. Grobogan,Minyak Goreng Sawit Kemasan Premium,lt,09/02/2026,19000
Jawa Tengah,Kab. Grobogan,Minyak Goreng Sawit Curah,lt,09/02/2026,16000
Jawa Tengah,Kab. Grobogan,Minyakita,lt,09/02/2026,15700
Jawa Tengah,Kab. Grobogan,Daging Sapi Paha Belakang,kg,09/02/2026,130000
Jawa Tengah,Kab. Grobogan,Daging Ayam Ras,kg,09/02/2026,38000
Jawa Tengah,Kab. Grobogan,Telur Ayam Ras,kg,09/02/2026,28000
Jawa Tengah,Kab. Grobogan,Tepung Terigu,kg,09/02/2026,10500
Jawa Tengah,Kab. Grobogan,Kedelai Impor,kg,09/02/2026,11000
Jawa Tengah,Kab. Grobogan,Cabai Merah Keriting,kg,09/02/2026,29000
Jawa Tengah,Kab. Grobogan,Cabai Rawit Merah,kg,09/02/2026,47500
Jawa Tengah,Kab. Grobogan,Cabai Merah Besar,kg,09/02/2026,50000
Jawa Tengah,Kab. Grobogan,Bawang Merah,kg,09/02/2026,33500
Jawa Tengah,Kab. Grobogan,Bawang Putih Honan,kg,09/02/2026,31500
Jawa Tengah,Kab. Blora,Beras Medium,kg,09/02/2026,11592
Jawa Tengah,Kab. Blora,Beras Premium,kg,09/02/2026,13525
Jawa Tengah,Kab. Blora,Gula Pasir Curah,kg,09/02/2026,16500
Jawa Tengah,Kab. Blora,Minyak Goreng Sawit Kemasan Premium,lt,09/02/2026,19300
Jawa Tengah,Kab. Blora,Minyak Goreng Sawit Curah,lt,09/02/2026,16300
Jawa Tengah,Kab. Blora,Minyakita,lt,09/02/2026,15700
Jawa Tengah,Kab. Blora,Daging Sapi Paha Belakang,kg,09/02/2026,125000
Jawa Tengah,Kab. Blora,Daging Ayam Ras,kg,09/02/2026,38000
Jawa Tengah,Kab. Blora,Telur Ayam Ras,kg,09/02/2026,28000
Jawa Tengah,Kab. Blora,Tepung Terigu,kg,09/02/2026,12300
Jawa Tengah,Kab. Blora,Kedelai Impor,kg,09/02/2026,11500
Jawa Tengah,Kab. Blora,Cabai Merah Keriting,kg,09/02/2026,29333
Jawa Tengah,Kab. Blora,Cabai Rawit Merah,kg,09/02/2026,45667
Jawa Tengah,Kab. Blora,Cabai Merah Besar,kg,09/02/2026,0
Jawa Tengah,Kab. Blora,Bawang Merah,kg,09/02/2026,32667
Jawa Tengah,Kab. Blora,Bawang Putih Honan,kg,09/02/2026,30667
Jawa Tengah,Kab. Rembang,Beras Medium,kg,09/02/2026,13333
Jawa Tengah,Kab. Rembang,Beras Premium,kg,09/02/2026,14900
Jawa Tengah,Kab. Rembang,Gula Pasir Curah,kg,09/02/2026,16333
Jawa Tengah,Kab. Rembang,Minyak Goreng Sawit Kemasan Premium,lt,09/02/2026,21000
Jawa Tengah,Kab. Rembang,Minyak Goreng Sawit Curah,lt,09/02/2026,18822
Jawa Tengah,Kab. Rembang,Minyakita,lt,09/02/2026,15633
Jawa Tengah,Kab. Rembang,Daging Sapi Paha Belakang,kg,09/02/2026,125000
Jawa Tengah,Kab. Rembang,Daging Ayam Ras,kg,09/02/2026,39333
Jawa Tengah,Kab. Rembang,Telur Ayam Ras,kg,09/02/2026,30000
Jawa Tengah,Kab. Rembang,Tepung Terigu,kg,09/02/2026,11500
Jawa Tengah,Kab. Rembang,Kedelai Impor,kg,09/02/2026,11167
Jawa Tengah,Kab. Rembang,Cabai Merah Keriting,kg,09/02/2026,28333
Jawa Tengah,Kab. Rembang,Cabai Rawit Merah,kg,09/02/2026,80000
Jawa Tengah,Kab. Rembang,Cabai Merah Besar,kg,09/02/2026,58333
Jawa Tengah,Kab. Rembang,Bawang Merah,kg,09/02/2026,37667
Jawa Tengah,Kab. Rembang,Bawang Putih Honan,kg,09/02/2026,34000
Jawa Tengah,Kab. Pati,Beras Medium,kg,09/02/2026,13500
Jawa Tengah,Kab. Pati,Beras Premium,kg,09/02/2026,14650
Jawa Tengah,Kab. Pati,Gula Pasir Curah,kg,09/02/2026,17000
Jawa Tengah,Kab. Pati,Minyak Goreng Sawit Kemasan Premium,lt,09/02/2026,20000
Jawa Tengah,Kab. Pati,Minyak Goreng Sawit Curah,lt,09/02/2026,18000
Jawa Tengah,Kab. Pati,Minyakita,lt,09/02/2026,15700
Jawa Tengah,Kab. Pati,Daging Sapi Paha Belakang,kg,09/02/2026,125000
Jawa Tengah,Kab. Pati,Daging Ayam Ras,kg,09/02/2026,40000
Jawa Tengah,Kab. Pati,Telur Ayam Ras,kg,09/02/2026,30000
Jawa Tengah,Kab. Pati,Tepung Terigu,kg,09/02/2026,12500
Jawa Tengah,Kab. Pati,Kedelai Impor,kg,09/02/2026,10500
Jawa Tengah,Kab. Pati,Cabai Merah Keriting,kg,09/02/2026,38000
Jawa Tengah,Kab. Pati,Cabai Rawit Merah,kg,09/02/2026,80000
Jawa Tengah,Kab. Pati,Cabai Merah Besar,kg,09/02/2026,55000
Jawa Tengah,Kab. Pati,Bawang Merah,kg,09/02/2026,35000
Jawa Tengah,Kab. Pati,Bawang Putih Honan,kg,09/02/2026,32000
Jawa Tengah,Kab. Kudus,Beras Medium,kg,09/02/2026,13500
Jawa Tengah,Kab. Kudus,Beras Premium,kg,09/02/2026,14900
Jawa Tengah,Kab. Kudus,Gula Pasir Curah,kg,09/02/2026,16500
Jawa Tengah,Kab. Kudus,Minyak Goreng Sawit Kemasan Premium,lt,09/02/2026,20000
Jawa Tengah,Kab. Kudus,Minyak Goreng Sawit Curah,lt,09/02/2026,17000
Jawa Tengah,Kab. Kudus,Minyakita,lt,09/02/2026,15700
Jawa Tengah,Kab. Kudus,Daging Sapi Paha Belakang,kg,09/02/2026,125000
Jawa Tengah,Kab. Kudus,Daging Ayam Ras,kg,09/02/2026,36000
Jawa Tengah,Kab. Kudus,Telur Ayam Ras,kg,09/02/2026,29000
Jawa Tengah,Kab. Kudus,Tepung Terigu,kg,09/02/2026,12000
Jawa Tengah,Kab. Kudus,Kedelai Impor,kg,09/02/2026,11500
Jawa Tengah,Kab. Kudus,Cabai Merah Keriting,kg,09/02/2026,30000
Jawa Tengah,Kab. Kudus,Cabai Rawit Merah,kg,09/02/2026,60000
Jawa Tengah,Kab. Kudus,Cabai Merah Besar,kg,09/02/2026,40000
Jawa Tengah,Kab. Kudus,Bawang Merah,kg,09/02/2026,38000
Jawa Tengah,Kab. Kudus,Bawang Putih Honan,kg,09/02/2026,0
Jawa Tengah,Kab. Jepara,Beras Medium,kg,09/02/2026,13000
Jawa Tengah,Kab. Jepara,Beras Premium,kg,09/02/2026,14900
Jawa Tengah,Kab. Jepara,Gula Pasir Curah,kg,09/02/2026,16500
Jawa Tengah,Kab. Jepara,Minyak Goreng Sawit Kemasan Premium,lt,09/02/2026,21000
Jawa Tengah,Kab. Jepara,Minyak Goreng Sawit Curah,lt,09/02/2026,17500
Jawa Tengah,Kab. Jepara,Minyakita,lt,09/02/2026,15700
Jawa Tengah,Kab. Jepara,Daging Sapi Paha Belakang,kg,09/02/2026,130000
Jawa Tengah,Kab. Jepara,Daging Ayam Ras,kg,09/02/2026,37000
Jawa Tengah,Kab. Jepara,Telur Ayam Ras,kg,09/02/2026,27500
Jawa Tengah,Kab. Jepara,Tepung Terigu,kg,09/02/2026,12000
Jawa Tengah,Kab. Jepara,Kedelai Impor,kg,09/02/2026,10500
Jawa Tengah,Kab. Jepara,Cabai Merah Keriting,kg,09/02/2026,32000
Jawa Tengah,Kab. Jepara,Cabai Rawit Merah,kg,09/02/2026,65000
Jawa Tengah,Kab. Jepara,Cabai Merah Besar,kg,09/02/2026,35000
Jawa Tengah,Kab. Jepara,Bawang Merah,kg,09/02/2026,35000
Jawa Tengah,Kab. Jepara,Bawang Putih Honan,kg,09/02/2026,32000
Jawa Tengah,Kab. Demak,Beras Medium,kg,09/02/2026,12800
Jawa Tengah,Kab. Demak,Beras Premium,kg,09/02/2026,14250
Jawa Tengah,Kab. Demak,Gula Pasir Curah,kg,09/02/2026,16500
Jawa Tengah,Kab. Demak,Minyak Goreng Sawit Kemasan Premium,lt,09/02/2026,20250
Jawa Tengah,Kab. Demak,Minyak Goreng Sawit Curah,lt,09/02/2026,16167
Jawa Tengah,Kab. Demak,Minyakita,lt,09/02/2026,15300
Jawa Tengah,Kab. Demak,Daging Sapi Paha Belakang,kg,09/02/2026,130000
Jawa Tengah,Kab. Demak,Daging Ayam Ras,kg,09/02/2026,35000
Jawa Tengah,Kab. Demak,Telur Ayam Ras,kg,09/02/2026,27500
Jawa Tengah,Kab. Demak,Tepung Terigu,kg,09/02/2026,11250
Jawa Tengah,Kab. Demak,Kedelai Impor,kg,09/02/2026,10000
Jawa Tengah,Kab. Demak,Cabai Merah Keriting,kg,09/02/2026,28667
Jawa Tengah,Kab. Demak,Cabai Rawit Merah,kg,09/02/2026,35333
Jawa Tengah,Kab. Demak,Cabai Merah Besar,kg,09/02/2026,33333
Jawa Tengah,Kab. Demak,Bawang Merah,kg,09/02/2026,33667
Jawa Tengah,Kab. Demak,Bawang Putih Honan,kg,09/02/2026,30000
Jawa Tengah,Kab. Semarang,Beras Medium,kg,09/02/2026,13583
Jawa Tengah,Kab. Semarang,Beras Premium,kg,09/02/2026,15117
Jawa Tengah,Kab. Semarang,Gula Pasir Curah,kg,09/02/2026,17250
Jawa Tengah,Kab. Semarang,Minyak Goreng Sawit Kemasan Premium,lt,09/02/2026,21167
Jawa Tengah,Kab. Semarang,Minyak Goreng Sawit Curah,lt,09/02/2026,18450
Jawa Tengah,Kab. Semarang,Minyakita,lt,09/02/2026,15600
Jawa Tengah,Kab. Semarang,Daging Sapi Paha Belakang,kg,09/02/2026,136667
Jawa Tengah,Kab. Semarang,Daging Ayam Ras,kg,09/02/2026,38500
Jawa Tengah,Kab. Semarang,Telur Ayam Ras,kg,09/02/2026,30000
Jawa Tengah,Kab. Semarang,Tepung Terigu,kg,09/02/2026,12000
Jawa Tengah,Kab. Semarang,Kedelai Impor,kg,09/02/2026,9750
Jawa Tengah,Kab. Semarang,Cabai Merah Keriting,kg,09/02/2026,45000
Jawa Tengah,Kab. Semarang,Cabai Rawit Merah,kg,09/02/2026,68333
Jawa Tengah,Kab. Semarang,Cabai Merah Besar,kg,09/02/2026,50000
Jawa Tengah,Kab. Semarang,Bawang Merah,kg,09/02/2026,39333
Jawa Tengah,Kab. Semarang,Bawang Putih Honan,kg,09/02/2026,34333
Jawa Tengah,Kab. Temanggung,Beras Medium,kg,09/02/2026,13500
Jawa Tengah,Kab. Temanggung,Beras Premium,kg,09/02/2026,14800
Jawa Tengah,Kab. Temanggung,Gula Pasir Curah,kg,09/02/2026,16750
Jawa Tengah,Kab. Temanggung,Minyak Goreng Sawit Kemasan Premium,lt,09/02/2026,19000
Jawa Tengah,Kab. Temanggung,Minyak Goreng Sawit Curah,lt,09/02/2026,19000
Jawa Tengah,Kab. Temanggung,Minyakita,lt,09/02/2026,15700
Jawa Tengah,Kab. Temanggung,Daging Sapi Paha Belakang,kg,09/02/2026,135000
Jawa Tengah,Kab. Temanggung,Daging Ayam Ras,kg,09/02/2026,37000
Jawa Tengah,Kab. Temanggung,Telur Ayam Ras,kg,09/02/2026,28000
Jawa Tengah,Kab. Temanggung,Tepung Terigu,kg,09/02/2026,11750
Jawa Tengah,Kab. Temanggung,Kedelai Impor,kg,09/02/2026,9600
Jawa Tengah,Kab. Temanggung,Cabai Merah Keriting,kg,09/02/2026,34500
Jawa Tengah,Kab. Temanggung,Cabai Rawit Merah,kg,09/02/2026,47750
Jawa Tengah,Kab. Temanggung,Cabai Merah Besar,kg,09/02/2026,48500
Jawa Tengah,Kab. Temanggung,Bawang Merah,kg,09/02/2026,37500
Jawa Tengah,Kab. Temanggung,Bawang Putih Honan,kg,09/02/2026,34500
Jawa Tengah,Kab. Kendal,Beras Medium,kg,09/02/2026,13200
Jawa Tengah,Kab. Kendal,Beras Premium,kg,09/02/2026,14900
Jawa Tengah,Kab. Kendal,Gula Pasir Curah,kg,09/02/2026,17333
Jawa Tengah,Kab. Kendal,Minyak Goreng Sawit Kemasan Premium,lt,09/02/2026,20667
Jawa Tengah,Kab. Kendal,Minyak Goreng Sawit Curah,lt,09/02/2026,17550
Jawa Tengah,Kab. Kendal,Minyakita,lt,09/02/2026,15700
Jawa Tengah,Kab. Kendal,Daging Sapi Paha Belakang,kg,09/02/2026,135000
Jawa Tengah,Kab. Kendal,Daging Ayam Ras,kg,09/02/2026,38000
Jawa Tengah,Kab. Kendal,Telur Ayam Ras,kg,09/02/2026,29500
Jawa Tengah,Kab. Kendal,Tepung Terigu,kg,09/02/2026,11333
Jawa Tengah,Kab. Kendal,Kedelai Impor,kg,09/02/2026,9700
Jawa Tengah,Kab. Kendal,Cabai Merah Keriting,kg,09/02/2026,33333
Jawa Tengah,Kab. Kendal,Cabai Rawit Merah,kg,09/02/2026,72000
Jawa Tengah,Kab. Kendal,Cabai Merah Besar,kg,09/02/2026,37000
Jawa Tengah,Kab. Kendal,Bawang Merah,kg,09/02/2026,35333
Jawa Tengah,Kab. Kendal,Bawang Putih Honan,kg,09/02/2026,32333
Jawa Tengah,Kab. Batang,Beras Medium,kg,09/02/2026,13200
Jawa Tengah,Kab. Batang,Beras Premium,kg,09/02/2026,14700
Jawa Tengah,Kab. Batang,Gula Pasir Curah,kg,09/02/2026,16500
Jawa Tengah,Kab. Batang,Minyak Goreng Sawit Kemasan Premium,lt,09/02/2026,19500
Jawa Tengah,Kab. Batang,Minyak Goreng Sawit Curah,lt,09/02/2026,17100
Jawa Tengah,Kab. Batang,Minyakita,lt,09/02/2026,15700
Jawa Tengah,Kab. Batang,Daging Sapi Paha Belakang,kg,09/02/2026,125000
Jawa Tengah,Kab. Batang,Daging Ayam Ras,kg,09/02/2026,38000
Jawa Tengah,Kab. Batang,Telur Ayam Ras,kg,09/02/2026,28000
Jawa Tengah,Kab. Batang,Tepung Terigu,kg,09/02/2026,11500
Jawa Tengah,Kab. Batang,Kedelai Impor,kg,09/02/2026,10400
Jawa Tengah,Kab. Batang,Cabai Merah Keriting,kg,09/02/2026,32000
Jawa Tengah,Kab. Batang,Cabai Rawit Merah,kg,09/02/2026,60000
Jawa Tengah,Kab. Batang,Cabai Merah Besar,kg,09/02/2026,34000
Jawa Tengah,Kab. Batang,Bawang Merah,kg,09/02/2026,36000
Jawa Tengah,Kab. Batang,Bawang Putih Honan,kg,09/02/2026,32000
Jawa Tengah,Kab. Pekalongan,Beras Medium,kg,09/02/2026,13200
Jawa Tengah,Kab. Pekalongan,Beras Premium,kg,09/02/2026,14500
Jawa Tengah,Kab. Pekalongan,Gula Pasir Curah,kg,09/02/2026,17000
Jawa Tengah,Kab. Pekalongan,Minyak Goreng Sawit Kemasan Premium,lt,09/02/2026,21000
Jawa Tengah,Kab. Pekalongan,Minyak Goreng Sawit Curah,lt,09/02/2026,17550
Jawa Tengah,Kab. Pekalongan,Minyakita,lt,09/02/2026,15700
Jawa Tengah,Kab. Pekalongan,Daging Sapi Paha Belakang,kg,09/02/2026,135000
Jawa Tengah,Kab. Pekalongan,Daging Ayam Ras,kg,09/02/2026,40000
Jawa Tengah,Kab. Pekalongan,Telur Ayam Ras,kg,09/02/2026,29000
Jawa Tengah,Kab. Pekalongan,Tepung Terigu,kg,09/02/2026,12000
Jawa Tengah,Kab. Pekalongan,Kedelai Impor,kg,09/02/2026,9800
Jawa Tengah,Kab. Pekalongan,Cabai Merah Keriting,kg,09/02/2026,35000
Jawa Tengah,Kab. Pekalongan,Cabai Rawit Merah,kg,09/02/2026,75000
Jawa Tengah,Kab. Pekalongan,Cabai Merah Besar,kg,09/02/2026,30000
Jawa Tengah,Kab. Pekalongan,Bawang Merah,kg,09/02/2026,38000
Jawa Tengah,Kab. Pekalongan,Bawang Putih Honan,kg,09/02/2026,33000
Jawa Tengah,Kab. Pemalang,Beras Medium,kg,09/02/2026,13000
Jawa Tengah,Kab. Pemalang,Beras Premium,kg,09/02/2026,14800
Jawa Tengah,Kab. Pemalang,Gula Pasir Curah,kg,09/02/2026,17167
Jawa Tengah,Kab. Pemalang,Minyak Goreng Sawit Kemasan Premium,lt,09/02/2026,21000
Jawa Tengah,Kab. Pemalang,Minyak Goreng Sawit Curah,lt,09/02/2026,17167
Jawa Tengah,Kab. Pemalang,Minyakita,lt,09/02/2026,15700
Jawa Tengah,Kab. Pemalang,Daging Sapi Paha Belakang,kg,09/02/2026,130000
Jawa Tengah,Kab. Pemalang,Daging Ayam Ras,kg,09/02/2026,43333
Jawa Tengah,Kab. Pemalang,Telur Ayam Ras,kg,09/02/2026,30000
Jawa Tengah,Kab. Pemalang,Tepung Terigu,kg,09/02/2026,12000
Jawa Tengah,Kab. Pemalang,Kedelai Impor,kg,09/02/2026,11500
Jawa Tengah,Kab. Pemalang,Cabai Merah Keriting,kg,09/02/2026,39000
Jawa Tengah,Kab. Pemalang,Cabai Rawit Merah,kg,09/02/2026,52333
Jawa Tengah,Kab. Pemalang,Cabai Merah Besar,kg,09/02/2026,28000
Jawa Tengah,Kab. Pemalang,Bawang Merah,kg,09/02/2026,39333
Jawa Tengah,Kab. Pemalang,Bawang Putih Honan,kg,09/02/2026,34000
Jawa Tengah,Kab. Tegal,Beras Medium,kg,09/02/2026,13000
Jawa Tengah,Kab. Tegal,Beras Premium,kg,09/02/2026,14000
Jawa Tengah,Kab. Tegal,Gula Pasir Curah,kg,09/02/2026,17000
Jawa Tengah,Kab. Tegal,Minyak Goreng Sawit Kemasan Premium,lt,09/02/2026,21167
Jawa Tengah,Kab. Tegal,Minyak Goreng Sawit Curah,lt,09/02/2026,17917
Jawa Tengah,Kab. Tegal,Minyakita,lt,09/02/2026,15700
Jawa Tengah,Kab. Tegal,Daging Sapi Paha Belakang,kg,09/02/2026,138333
Jawa Tengah,Kab. Tegal,Daging Ayam Ras,kg,09/02/2026,38667
Jawa Tengah,Kab. Tegal,Telur Ayam Ras,kg,09/02/2026,29000
Jawa Tengah,Kab. Tegal,Tepung Terigu,kg,09/02/2026,11167
Jawa Tengah,Kab. Tegal,Kedelai Impor,kg,09/02/2026,9867
Jawa Tengah,Kab. Tegal,Cabai Merah Keriting,kg,09/02/2026,39000
Jawa Tengah,Kab. Tegal,Cabai Rawit Merah,kg,09/02/2026,78000
Jawa Tengah,Kab. Tegal,Cabai Merah Besar,kg,09/02/2026,29000
Jawa Tengah,Kab. Tegal,Bawang Merah,kg,09/02/2026,37000
Jawa Tengah,Kab. Tegal,Bawang Putih Honan,kg,09/02/2026,30667
Jawa Tengah,Kab. Brebes,Beras Medium,kg,09/02/2026,13333
Jawa Tengah,Kab. Brebes,Beras Premium,kg,09/02/2026,14667
Jawa Tengah,Kab. Brebes,Gula Pasir Curah,kg,09/02/2026,16667
Jawa Tengah,Kab. Brebes,Minyak Goreng Sawit Kemasan Premium,lt,09/02/2026,20667
Jawa Tengah,Kab. Brebes,Minyak Goreng Sawit Curah,lt,09/02/2026,18250
Jawa Tengah,Kab. Brebes,Minyakita,lt,09/02/2026,15700
Jawa Tengah,Kab. Brebes,Daging Sapi Paha Belakang,kg,09/02/2026,135000
Jawa Tengah,Kab. Brebes,Daging Ayam Ras,kg,09/02/2026,38000
Jawa Tengah,Kab. Brebes,Telur Ayam Ras,kg,09/02/2026,30000
Jawa Tengah,Kab. Brebes,Tepung Terigu,kg,09/02/2026,11000
Jawa Tengah,Kab. Brebes,Kedelai Impor,kg,09/02/2026,0
Jawa Tengah,Kab. Brebes,Cabai Merah Keriting,kg,09/02/2026,35000
Jawa Tengah,Kab. Brebes,Cabai Rawit Merah,kg,09/02/2026,55000
Jawa Tengah,Kab. Brebes,Cabai Merah Besar,kg,09/02/2026,30000
Jawa Tengah,Kab. Brebes,Bawang Merah,kg,09/02/2026,35000
Jawa Tengah,Kab. Brebes,Bawang Putih Honan,kg,09/02/2026,35000
Jawa Tengah,Kota Magelang,Beras Medium,kg,09/02/2026,13500
Jawa Tengah,Kota Magelang,Beras Premium,kg,09/02/2026,14833
Jawa Tengah,Kota Magelang,Gula Pasir Curah,kg,09/02/2026,16833
Jawa Tengah,Kota Magelang,Minyak Goreng Sawit Kemasan Premium,lt,09/02/2026,20333
Jawa Tengah,Kota Magelang,Minyak Goreng Sawit Curah,lt,09/02/2026,16500
Jawa Tengah,Kota Magelang,Minyakita,lt,09/02/2026,15700
Jawa Tengah,Kota Magelang,Daging Sapi Paha Belakang,kg,09/02/2026,135000
Jawa Tengah,Kota Magelang,Daging Ayam Ras,kg,09/02/2026,37333
Jawa Tengah,Kota Magelang,Telur Ayam Ras,kg,09/02/2026,28333
Jawa Tengah,Kota Magelang,Tepung Terigu,kg,09/02/2026,12000
Jawa Tengah,Kota Magelang,Kedelai Impor,kg,09/02/2026,11000
Jawa Tengah,Kota Magelang,Cabai Merah Keriting,kg,09/02/2026,30000
Jawa Tengah,Kota Magelang,Cabai Rawit Merah,kg,09/02/2026,60667
Jawa Tengah,Kota Magelang,Cabai Merah Besar,kg,09/02/2026,45333
Jawa Tengah,Kota Magelang,Bawang Merah,kg,09/02/2026,36667
Jawa Tengah,Kota Magelang,Bawang Putih Honan,kg,09/02/2026,32667
Jawa Tengah,Kota Surakarta,Beras Medium,kg,09/02/2026,13500
Jawa Tengah,Kota Surakarta,Beras Premium,kg,09/02/2026,15750
Jawa Tengah,Kota Surakarta,Gula Pasir Curah,kg,09/02/2026,17000
Jawa Tengah,Kota Surakarta,Minyak Goreng Sawit Kemasan Premium,lt,09/02/2026,21000
Jawa Tengah,Kota Surakarta,Minyak Goreng Sawit Curah,lt,09/02/2026,19500
Jawa Tengah,Kota Surakarta,Minyakita,lt,09/02/2026,15700
Jawa Tengah,Kota Surakarta,Daging Sapi Paha Belakang,kg,09/02/2026,140000
Jawa Tengah,Kota Surakarta,Daging Ayam Ras,kg,09/02/2026,40000
Jawa Tengah,Kota Surakarta,Telur Ayam Ras,kg,09/02/2026,29000
Jawa Tengah,Kota Surakarta,Tepung Terigu,kg,09/02/2026,11250
Jawa Tengah,Kota Surakarta,Kedelai Impor,kg,09/02/2026,12000
Jawa Tengah,Kota Surakarta,Cabai Merah Keriting,kg,09/02/2026,30000
Jawa Tengah,Kota Surakarta,Cabai Rawit Merah,kg,09/02/2026,80000
Jawa Tengah,Kota Surakarta,Cabai Merah Besar,kg,09/02/2026,25000
Jawa Tengah,Kota Surakarta,Bawang Merah,kg,09/02/2026,34333
Jawa Tengah,Kota Surakarta,Bawang Putih Honan,kg,09/02/2026,29000
Jawa Tengah,Kota Salatiga,Beras Medium,kg,09/02/2026,13400
Jawa Tengah,Kota Salatiga,Beras Premium,kg,09/02/2026,14267
Jawa Tengah,Kota Salatiga,Gula Pasir Curah,kg,09/02/2026,17500
Jawa Tengah,Kota Salatiga,Minyak Goreng Sawit Kemasan Premium,lt,09/02/2026,22000
Jawa Tengah,Kota Salatiga,Minyak Goreng Sawit Curah,lt,09/02/2026,17100
Jawa Tengah,Kota Salatiga,Minyakita,lt,09/02/2026,15700
Jawa Tengah,Kota Salatiga,Daging Sapi Paha Belakang,kg,09/02/2026,120000
Jawa Tengah,Kota Salatiga,Daging Ayam Ras,kg,09/02/2026,38667
Jawa Tengah,Kota Salatiga,Telur Ayam Ras,kg,09/02/2026,29667
Jawa Tengah,Kota Salatiga,Tepung Terigu,kg,09/02/2026,12000
Jawa Tengah,Kota Salatiga,Kedelai Impor,kg,09/02/2026,12000
Jawa Tengah,Kota Salatiga,Cabai Merah Keriting,kg,09/02/2026,38333
Jawa Tengah,Kota Salatiga,Cabai Rawit Merah,kg,09/02/2026,75000
Jawa Tengah,Kota Salatiga,Cabai Merah Besar,kg,09/02/2026,35000
Jawa Tengah,Kota Salatiga,Bawang Merah,kg,09/02/2026,41667
Jawa Tengah,Kota Salatiga,Bawang Putih Honan,kg,09/02/2026,30333
Jawa Tengah,Kota Semarang,Beras Medium,kg,09/02/2026,13885
Jawa Tengah,Kota Semarang,Beras Premium,kg,09/02/2026,15292
Jawa Tengah,Kota Semarang,Gula Pasir Curah,kg,09/02/2026,17000
Jawa Tengah,Kota Semarang,Minyak Goreng Sawit Kemasan Premium,lt,09/02/2026,21333
Jawa Tengah,Kota Semarang,Minyak Goreng Sawit Curah,lt,09/02/2026,19917
Jawa Tengah,Kota Semarang,Minyakita,lt,09/02/2026,15700
Jawa Tengah,Kota Semarang,Daging Sapi Paha Belakang,kg,09/02/2026,130000
Jawa Tengah,Kota Semarang,Daging Ayam Ras,kg,09/02/2026,41000
Jawa Tengah,Kota Semarang,Telur Ayam Ras,kg,09/02/2026,29917
Jawa Tengah,Kota Semarang,Tepung Terigu,kg,09/02/2026,11750
Jawa Tengah,Kota Semarang,Kedelai Impor,kg,09/02/2026,0
Jawa Tengah,Kota Semarang,Cabai Merah Keriting,kg,09/02/2026,32500
Jawa Tengah,Kota Semarang,Cabai Rawit Merah,kg,09/02/2026,75333
Jawa Tengah,Kota Semarang,Cabai Merah Besar,kg,09/02/2026,37167
Jawa Tengah,Kota Semarang,Bawang Merah,kg,09/02/2026,40833
Jawa Tengah,Kota Semarang,Bawang Putih Honan,kg,09/02/2026,0
Jawa Tengah,Kota Pekalongan,Beras Medium,kg,09/02/2026,13500
Jawa Tengah,Kota Pekalongan,Beras Premium,kg,09/02/2026,14900
Jawa Tengah,Kota Pekalongan,Gula Pasir Curah,kg,09/02/2026,17000
Jawa Tengah,Kota Pekalongan,Minyak Goreng Sawit Kemasan Premium,lt,09/02/2026,21000
Jawa Tengah,Kota Pekalongan,Minyak Goreng Sawit Curah,lt,09/02/2026,18900
Jawa Tengah,Kota Pekalongan,Minyakita,lt,09/02/2026,15700
Jawa Tengah,Kota Pekalongan,Daging Sapi Paha Belakang,kg,09/02/2026,120000
Jawa Tengah,Kota Pekalongan,Daging Ayam Ras,kg,09/02/2026,42000
Jawa Tengah,Kota Pekalongan,Telur Ayam Ras,kg,09/02/2026,30000
Jawa Tengah,Kota Pekalongan,Tepung Terigu,kg,09/02/2026,11000
Jawa Tengah,Kota Pekalongan,Kedelai Impor,kg,09/02/2026,10000
Jawa Tengah,Kota Pekalongan,Cabai Merah Keriting,kg,09/02/2026,36000
Jawa Tengah,Kota Pekalongan,Cabai Rawit Merah,kg,09/02/2026,80000
Jawa Tengah,Kota Pekalongan,Cabai Merah Besar,kg,09/02/2026,32000
Jawa Tengah,Kota Pekalongan,Bawang Merah,kg,09/02/2026,39000
Jawa Tengah,Kota Pekalongan,Bawang Putih Honan,kg,09/02/2026,0
Jawa Tengah,Kota Tegal,Beras Medium,kg,09/02/2026,13000
Jawa Tengah,Kota Tegal,Beras Premium,kg,09/02/2026,14900
Jawa Tengah,Kota Tegal,Gula Pasir Curah,kg,09/02/2026,17167
Jawa Tengah,Kota Tegal,Minyak Goreng Sawit Kemasan Premium,lt,09/02/2026,21500
Jawa Tengah,Kota Tegal,Minyak Goreng Sawit Curah,lt,09/02/2026,17400
Jawa Tengah,Kota Tegal,Minyakita,lt,09/02/2026,15700
Jawa Tengah,Kota Tegal,Daging Sapi Paha Belakang,kg,09/02/2026,140000
Jawa Tengah,Kota Tegal,Daging Ayam Ras,kg,09/02/2026,41000
Jawa Tengah,Kota Tegal,Telur Ayam Ras,kg,09/02/2026,30000
Jawa Tengah,Kota Tegal,Tepung Terigu,kg,09/02/2026,11833
Jawa Tengah,Kota Tegal,Kedelai Impor,kg,09/02/2026,10500
Jawa Tengah,Kota Tegal,Cabai Merah Keriting,kg,09/02/2026,40000
Jawa Tengah,Kota Tegal,Cabai Rawit Merah,kg,09/02/2026,85000
Jawa Tengah,Kota Tegal,Cabai Merah Besar,kg,09/02/2026,31667
Jawa Tengah,Kota Tegal,Bawang Merah,kg,09/02/2026,38333
Jawa Tengah,Kota Tegal,Bawang Putih Honan,kg,09/02/2026,34667
Jawa Tengah,Kab. Cilacap,Beras Medium,kg,10/02/2026,13500
Jawa Tengah,Kab. Cilacap,Beras Premium,kg,10/02/2026,14500
Jawa Tengah,Kab. Cilacap,Gula Pasir Curah,kg,10/02/2026,17333
Jawa Tengah,Kab. Cilacap,Minyak Goreng Sawit Kemasan Premium,lt,10/02/2026,22000
Jawa Tengah,Kab. Cilacap,Minyak Goreng Sawit Curah,lt,10/02/2026,18000
Jawa Tengah,Kab. Cilacap,Minyakita,lt,10/02/2026,15700
Jawa Tengah,Kab. Cilacap,Daging Sapi Paha Belakang,kg,10/02/2026,135000
Jawa Tengah,Kab. Cilacap,Daging Ayam Ras,kg,10/02/2026,40000
Jawa Tengah,Kab. Cilacap,Telur Ayam Ras,kg,10/02/2026,30000
Jawa Tengah,Kab. Cilacap,Tepung Terigu,kg,10/02/2026,12000
Jawa Tengah,Kab. Cilacap,Kedelai Impor,kg,10/02/2026,11667
Jawa Tengah,Kab. Cilacap,Cabai Merah Keriting,kg,10/02/2026,34333
Jawa Tengah,Kab. Cilacap,Cabai Rawit Merah,kg,10/02/2026,75333
Jawa Tengah,Kab. Cilacap,Cabai Merah Besar,kg,10/02/2026,30000
Jawa Tengah,Kab. Cilacap,Bawang Merah,kg,10/02/2026,38000
Jawa Tengah,Kab. Cilacap,Bawang Putih Honan,kg,10/02/2026,35667
Jawa Tengah,Kab. Banyumas,Beras Medium,kg,10/02/2026,13250
Jawa Tengah,Kab. Banyumas,Beras Premium,kg,10/02/2026,14900
Jawa Tengah,Kab. Banyumas,Gula Pasir Curah,kg,10/02/2026,16833
Jawa Tengah,Kab. Banyumas,Minyak Goreng Sawit Kemasan Premium,lt,10/02/2026,21000
Jawa Tengah,Kab. Banyumas,Minyak Goreng Sawit Curah,lt,10/02/2026,18000
Jawa Tengah,Kab. Banyumas,Minyakita,lt,10/02/2026,15700
Jawa Tengah,Kab. Banyumas,Daging Sapi Paha Belakang,kg,10/02/2026,133333
Jawa Tengah,Kab. Banyumas,Daging Ayam Ras,kg,10/02/2026,38667
Jawa Tengah,Kab. Banyumas,Telur Ayam Ras,kg,10/02/2026,30000
Jawa Tengah,Kab. Banyumas,Tepung Terigu,kg,10/02/2026,11500
Jawa Tengah,Kab. Banyumas,Kedelai Impor,kg,10/02/2026,10000
Jawa Tengah,Kab. Banyumas,Cabai Merah Keriting,kg,10/02/2026,37333
Jawa Tengah,Kab. Banyumas,Cabai Rawit Merah,kg,10/02/2026,78667
Jawa Tengah,Kab. Banyumas,Cabai Merah Besar,kg,10/02/2026,31667
Jawa Tengah,Kab. Banyumas,Bawang Merah,kg,10/02/2026,40000
Jawa Tengah,Kab. Banyumas,Bawang Putih Honan,kg,10/02/2026,32000
Jawa Tengah,Kab. Purbalingga,Beras Medium,kg,10/02/2026,13000
Jawa Tengah,Kab. Purbalingga,Beras Premium,kg,10/02/2026,14200
Jawa Tengah,Kab. Purbalingga,Gula Pasir Curah,kg,10/02/2026,17200
Jawa Tengah,Kab. Purbalingga,Minyak Goreng Sawit Kemasan Premium,lt,10/02/2026,21000
Jawa Tengah,Kab. Purbalingga,Minyak Goreng Sawit Curah,lt,10/02/2026,17550
Jawa Tengah,Kab. Purbalingga,Minyakita,lt,10/02/2026,15700
Jawa Tengah,Kab. Purbalingga,Daging Sapi Paha Belakang,kg,10/02/2026,135000
Jawa Tengah,Kab. Purbalingga,Daging Ayam Ras,kg,10/02/2026,40000
Jawa Tengah,Kab. Purbalingga,Telur Ayam Ras,kg,10/02/2026,30000
Jawa Tengah,Kab. Purbalingga,Tepung Terigu,kg,10/02/2026,12000
Jawa Tengah,Kab. Purbalingga,Kedelai Impor,kg,10/02/2026,9800
Jawa Tengah,Kab. Purbalingga,Cabai Merah Keriting,kg,10/02/2026,39000
Jawa Tengah,Kab. Purbalingga,Cabai Rawit Merah,kg,10/02/2026,76000
Jawa Tengah,Kab. Purbalingga,Cabai Merah Besar,kg,10/02/2026,28000
Jawa Tengah,Kab. Purbalingga,Bawang Merah,kg,10/02/2026,43000
Jawa Tengah,Kab. Purbalingga,Bawang Putih Honan,kg,10/02/2026,33000
Jawa Tengah,Kab. Banjarnegara,Beras Medium,kg,10/02/2026,13333
Jawa Tengah,Kab. Banjarnegara,Beras Premium,kg,10/02/2026,14533
Jawa Tengah,Kab. Banjarnegara,Gula Pasir Curah,kg,10/02/2026,17000
Jawa Tengah,Kab. Banjarnegara,Minyak Goreng Sawit Kemasan Premium,lt,10/02/2026,20666
Jawa Tengah,Kab. Banjarnegara,Minyak Goreng Sawit Curah,lt,10/02/2026,18450
Jawa Tengah,Kab. Banjarnegara,Minyakita,lt,10/02/2026,15700
Jawa Tengah,Kab. Banjarnegara,Daging Sapi Paha Belakang,kg,10/02/2026,135000
Jawa Tengah,Kab. Banjarnegara,Daging Ayam Ras,kg,10/02/2026,38000
Jawa Tengah,Kab. Banjarnegara,Telur Ayam Ras,kg,10/02/2026,30000
Jawa Tengah,Kab. Banjarnegara,Tepung Terigu,kg,10/02/2026,11666
Jawa Tengah,Kab. Banjarnegara,Kedelai Impor,kg,10/02/2026,10433
Jawa Tengah,Kab. Banjarnegara,Cabai Merah Keriting,kg,10/02/2026,38333
Jawa Tengah,Kab. Banjarnegara,Cabai Rawit Merah,kg,10/02/2026,75000
Jawa Tengah,Kab. Banjarnegara,Cabai Merah Besar,kg,10/02/2026,0
Jawa Tengah,Kab. Banjarnegara,Bawang Merah,kg,10/02/2026,40000
Jawa Tengah,Kab. Banjarnegara,Bawang Putih Honan,kg,10/02/2026,33666
Jawa Tengah,Kab. Kebumen,Beras Medium,kg,10/02/2026,12250
Jawa Tengah,Kab. Kebumen,Beras Premium,kg,10/02/2026,14450
Jawa Tengah,Kab. Kebumen,Gula Pasir Curah,kg,10/02/2026,16000
Jawa Tengah,Kab. Kebumen,Minyak Goreng Sawit Kemasan Premium,lt,10/02/2026,20500
Jawa Tengah,Kab. Kebumen,Minyak Goreng Sawit Curah,lt,10/02/2026,17500
Jawa Tengah,Kab. Kebumen,Minyakita,lt,10/02/2026,15700
Jawa Tengah,Kab. Kebumen,Daging Sapi Paha Belakang,kg,10/02/2026,120000
Jawa Tengah,Kab. Kebumen,Daging Ayam Ras,kg,10/02/2026,33000
Jawa Tengah,Kab. Kebumen,Telur Ayam Ras,kg,10/02/2026,27500
Jawa Tengah,Kab. Kebumen,Tepung Terigu,kg,10/02/2026,11000
Jawa Tengah,Kab. Kebumen,Kedelai Impor,kg,10/02/2026,9500
Jawa Tengah,Kab. Kebumen,Cabai Merah Keriting,kg,10/02/2026,30667
Jawa Tengah,Kab. Kebumen,Cabai Rawit Merah,kg,10/02/2026,39333
Jawa Tengah,Kab. Kebumen,Cabai Merah Besar,kg,10/02/2026,31667
Jawa Tengah,Kab. Kebumen,Bawang Merah,kg,10/02/2026,35000
Jawa Tengah,Kab. Kebumen,Bawang Putih Honan,kg,10/02/2026,0
Jawa Tengah,Kab. Purworejo,Beras Medium,kg,10/02/2026,12800
Jawa Tengah,Kab. Purworejo,Beras Premium,kg,10/02/2026,14500
Jawa Tengah,Kab. Purworejo,Gula Pasir Curah,kg,10/02/2026,17333
Jawa Tengah,Kab. Purworejo,Minyak Goreng Sawit Kemasan Premium,lt,10/02/2026,20333
Jawa Tengah,Kab. Purworejo,Minyak Goreng Sawit Curah,lt,10/02/2026,17400
Jawa Tengah,Kab. Purworejo,Minyakita,lt,10/02/2026,15700
Jawa Tengah,Kab. Purworejo,Daging Sapi Paha Belakang,kg,10/02/2026,135500
Jawa Tengah,Kab. Purworejo,Daging Ayam Ras,kg,10/02/2026,40000
Jawa Tengah,Kab. Purworejo,Telur Ayam Ras,kg,10/02/2026,30000
Jawa Tengah,Kab. Purworejo,Tepung Terigu,kg,10/02/2026,11333
Jawa Tengah,Kab. Purworejo,Kedelai Impor,kg,10/02/2026,10000
Jawa Tengah,Kab. Purworejo,Cabai Merah Keriting,kg,10/02/2026,33333
Jawa Tengah,Kab. Purworejo,Cabai Rawit Merah,kg,10/02/2026,73667
Jawa Tengah,Kab. Purworejo,Cabai Merah Besar,kg,10/02/2026,36000
Jawa Tengah,Kab. Purworejo,Bawang Merah,kg,10/02/2026,39667
Jawa Tengah,Kab. Purworejo,Bawang Putih Honan,kg,10/02/2026,34667
Jawa Tengah,Kab. Wonosobo,Beras Medium,kg,10/02/2026,13000
Jawa Tengah,Kab. Wonosobo,Beras Premium,kg,10/02/2026,16433
Jawa Tengah,Kab. Wonosobo,Gula Pasir Curah,kg,10/02/2026,16933
Jawa Tengah,Kab. Wonosobo,Minyak Goreng Sawit Kemasan Premium,lt,10/02/2026,21500
Jawa Tengah,Kab. Wonosobo,Minyak Goreng Sawit Curah,lt,10/02/2026,16933
Jawa Tengah,Kab. Wonosobo,Minyakita,lt,10/02/2026,15700
Jawa Tengah,Kab. Wonosobo,Daging Sapi Paha Belakang,kg,10/02/2026,135000
Jawa Tengah,Kab. Wonosobo,Daging Ayam Ras,kg,10/02/2026,38000
Jawa Tengah,Kab. Wonosobo,Telur Ayam Ras,kg,10/02/2026,29667
Jawa Tengah,Kab. Wonosobo,Tepung Terigu,kg,10/02/2026,11500
Jawa Tengah,Kab. Wonosobo,Kedelai Impor,kg,10/02/2026,9400
Jawa Tengah,Kab. Wonosobo,Cabai Merah Keriting,kg,10/02/2026,38333
Jawa Tengah,Kab. Wonosobo,Cabai Rawit Merah,kg,10/02/2026,68333
Jawa Tengah,Kab. Wonosobo,Cabai Merah Besar,kg,10/02/2026,0
Jawa Tengah,Kab. Wonosobo,Bawang Merah,kg,10/02/2026,37333
Jawa Tengah,Kab. Wonosobo,Bawang Putih Honan,kg,10/02/2026,35000
Jawa Tengah,Kab. Magelang,Beras Medium,kg,10/02/2026,13400
Jawa Tengah,Kab. Magelang,Beras Premium,kg,10/02/2026,14900
Jawa Tengah,Kab. Magelang,Gula Pasir Curah,kg,10/02/2026,17000
Jawa Tengah,Kab. Magelang,Minyak Goreng Sawit Kemasan Premium,lt,10/02/2026,20000
Jawa Tengah,Kab. Magelang,Minyak Goreng Sawit Curah,lt,10/02/2026,17800
Jawa Tengah,Kab. Magelang,Minyakita,lt,10/02/2026,15700
Jawa Tengah,Kab. Magelang,Daging Sapi Paha Belakang,kg,10/02/2026,138000
Jawa Tengah,Kab. Magelang,Daging Ayam Ras,kg,10/02/2026,34000
Jawa Tengah,Kab. Magelang,Telur Ayam Ras,kg,10/02/2026,28000
Jawa Tengah,Kab. Magelang,Tepung Terigu,kg,10/02/2026,11500
Jawa Tengah,Kab. Magelang,Kedelai Impor,kg,10/02/2026,11700
Jawa Tengah,Kab. Magelang,Cabai Merah Keriting,kg,10/02/2026,35000
Jawa Tengah,Kab. Magelang,Cabai Rawit Merah,kg,10/02/2026,75000
Jawa Tengah,Kab. Magelang,Cabai Merah Besar,kg,10/02/2026,40000
Jawa Tengah,Kab. Magelang,Bawang Merah,kg,10/02/2026,38000
Jawa Tengah,Kab. Magelang,Bawang Putih Honan,kg,10/02/2026,34000
Jawa Tengah,Kab. Boyolali,Beras Medium,kg,10/02/2026,13000
Jawa Tengah,Kab. Boyolali,Beras Premium,kg,10/02/2026,14867
Jawa Tengah,Kab. Boyolali,Gula Pasir Curah,kg,10/02/2026,16500
Jawa Tengah,Kab. Boyolali,Minyak Goreng Sawit Kemasan Premium,lt,10/02/2026,21000
Jawa Tengah,Kab. Boyolali,Minyak Goreng Sawit Curah,lt,10/02/2026,17500
Jawa Tengah,Kab. Boyolali,Minyakita,lt,10/02/2026,15700
Jawa Tengah,Kab. Boyolali,Daging Sapi Paha Belakang,kg,10/02/2026,130000
Jawa Tengah,Kab. Boyolali,Daging Ayam Ras,kg,10/02/2026,37667
Jawa Tengah,Kab. Boyolali,Telur Ayam Ras,kg,10/02/2026,28000
Jawa Tengah,Kab. Boyolali,Tepung Terigu,kg,10/02/2026,11667
Jawa Tengah,Kab. Boyolali,Kedelai Impor,kg,10/02/2026,11667
Jawa Tengah,Kab. Boyolali,Cabai Merah Keriting,kg,10/02/2026,40000
Jawa Tengah,Kab. Boyolali,Cabai Rawit Merah,kg,10/02/2026,80000
Jawa Tengah,Kab. Boyolali,Cabai Merah Besar,kg,10/02/2026,46667
Jawa Tengah,Kab. Boyolali,Bawang Merah,kg,10/02/2026,39333
Jawa Tengah,Kab. Boyolali,Bawang Putih Honan,kg,10/02/2026,33000
Jawa Tengah,Kab. Klaten,Beras Medium,kg,10/02/2026,13500
Jawa Tengah,Kab. Klaten,Beras Premium,kg,10/02/2026,14900
Jawa Tengah,Kab. Klaten,Gula Pasir Curah,kg,10/02/2026,17500
Jawa Tengah,Kab. Klaten,Minyak Goreng Sawit Kemasan Premium,lt,10/02/2026,21000
Jawa Tengah,Kab. Klaten,Minyak Goreng Sawit Curah,lt,10/02/2026,17500
Jawa Tengah,Kab. Klaten,Minyakita,lt,10/02/2026,15700
Jawa Tengah,Kab. Klaten,Daging Sapi Paha Belakang,kg,10/02/2026,122500
Jawa Tengah,Kab. Klaten,Daging Ayam Ras,kg,10/02/2026,37000
Jawa Tengah,Kab. Klaten,Telur Ayam Ras,kg,10/02/2026,27667
Jawa Tengah,Kab. Klaten,Tepung Terigu,kg,10/02/2026,11333
Jawa Tengah,Kab. Klaten,Kedelai Impor,kg,10/02/2026,10333
Jawa Tengah,Kab. Klaten,Cabai Merah Keriting,kg,10/02/2026,27667
Jawa Tengah,Kab. Klaten,Cabai Rawit Merah,kg,10/02/2026,70000
Jawa Tengah,Kab. Klaten,Cabai Merah Besar,kg,10/02/2026,40000
Jawa Tengah,Kab. Klaten,Bawang Merah,kg,10/02/2026,40000
Jawa Tengah,Kab. Klaten,Bawang Putih Honan,kg,10/02/2026,30000
Jawa Tengah,Kab. Sukoharjo,Beras Medium,kg,10/02/2026,13000
Jawa Tengah,Kab. Sukoharjo,Beras Premium,kg,10/02/2026,14500
Jawa Tengah,Kab. Sukoharjo,Gula Pasir Curah,kg,10/02/2026,17000
Jawa Tengah,Kab. Sukoharjo,Minyak Goreng Sawit Kemasan Premium,lt,10/02/2026,20667
Jawa Tengah,Kab. Sukoharjo,Minyak Goreng Sawit Curah,lt,10/02/2026,17000
Jawa Tengah,Kab. Sukoharjo,Minyakita,lt,10/02/2026,15700
Jawa Tengah,Kab. Sukoharjo,Daging Sapi Paha Belakang,kg,10/02/2026,125000
Jawa Tengah,Kab. Sukoharjo,Daging Ayam Ras,kg,10/02/2026,40000
Jawa Tengah,Kab. Sukoharjo,Telur Ayam Ras,kg,10/02/2026,28333
Jawa Tengah,Kab. Sukoharjo,Tepung Terigu,kg,10/02/2026,12000
Jawa Tengah,Kab. Sukoharjo,Kedelai Impor,kg,10/02/2026,10000
Jawa Tengah,Kab. Sukoharjo,Cabai Merah Keriting,kg,10/02/2026,38333
Jawa Tengah,Kab. Sukoharjo,Cabai Rawit Merah,kg,10/02/2026,88333
Jawa Tengah,Kab. Sukoharjo,Cabai Merah Besar,kg,10/02/2026,31667
Jawa Tengah,Kab. Sukoharjo,Bawang Merah,kg,10/02/2026,38667
Jawa Tengah,Kab. Sukoharjo,Bawang Putih Honan,kg,10/02/2026,33000
Jawa Tengah,Kab. Wonogiri,Beras Medium,kg,10/02/2026,13500
Jawa Tengah,Kab. Wonogiri,Beras Premium,kg,10/02/2026,14417
Jawa Tengah,Kab. Wonogiri,Gula Pasir Curah,kg,10/02/2026,17000
Jawa Tengah,Kab. Wonogiri,Minyak Goreng Sawit Kemasan Premium,lt,10/02/2026,21000
Jawa Tengah,Kab. Wonogiri,Minyak Goreng Sawit Curah,lt,10/02/2026,19700
Jawa Tengah,Kab. Wonogiri,Minyakita,lt,10/02/2026,15700
Jawa Tengah,Kab. Wonogiri,Daging Sapi Paha Belakang,kg,10/02/2026,130000
Jawa Tengah,Kab. Wonogiri,Daging Ayam Ras,kg,10/02/2026,39667
Jawa Tengah,Kab. Wonogiri,Telur Ayam Ras,kg,10/02/2026,28833
Jawa Tengah,Kab. Wonogiri,Tepung Terigu,kg,10/02/2026,11833
Jawa Tengah,Kab. Wonogiri,Kedelai Impor,kg,10/02/2026,11167
Jawa Tengah,Kab. Wonogiri,Cabai Merah Keriting,kg,10/02/2026,35667
Jawa Tengah,Kab. Wonogiri,Cabai Rawit Merah,kg,10/02/2026,87667
Jawa Tengah,Kab. Wonogiri,Cabai Merah Besar,kg,10/02/2026,27333
Jawa Tengah,Kab. Wonogiri,Bawang Merah,kg,10/02/2026,36667
Jawa Tengah,Kab. Wonogiri,Bawang Putih Honan,kg,10/02/2026,0
Jawa Tengah,Kab. Karanganyar,Beras Medium,kg,10/02/2026,13000
Jawa Tengah,Kab. Karanganyar,Beras Premium,kg,10/02/2026,14667
Jawa Tengah,Kab. Karanganyar,Gula Pasir Curah,kg,10/02/2026,16833
Jawa Tengah,Kab. Karanganyar,Minyak Goreng Sawit Kemasan Premium,lt,10/02/2026,20000
Jawa Tengah,Kab. Karanganyar,Minyak Goreng Sawit Curah,lt,10/02/2026,19000
Jawa Tengah,Kab. Karanganyar,Minyakita,lt,10/02/2026,15500
Jawa Tengah,Kab. Karanganyar,Daging Sapi Paha Belakang,kg,10/02/2026,125000
Jawa Tengah,Kab. Karanganyar,Daging Ayam Ras,kg,10/02/2026,40000
Jawa Tengah,Kab. Karanganyar,Telur Ayam Ras,kg,10/02/2026,26000
Jawa Tengah,Kab. Karanganyar,Tepung Terigu,kg,10/02/2026,12000
Jawa Tengah,Kab. Karanganyar,Kedelai Impor,kg,10/02/2026,9600
Jawa Tengah,Kab. Karanganyar,Cabai Merah Keriting,kg,10/02/2026,35000
Jawa Tengah,Kab. Karanganyar,Cabai Rawit Merah,kg,10/02/2026,90000
Jawa Tengah,Kab. Karanganyar,Cabai Merah Besar,kg,10/02/2026,30000
Jawa Tengah,Kab. Karanganyar,Bawang Merah,kg,10/02/2026,35000
Jawa Tengah,Kab. Karanganyar,Bawang Putih Honan,kg,10/02/2026,30000
Jawa Tengah,Kab. Sragen,Beras Medium,kg,10/02/2026,13250
Jawa Tengah,Kab. Sragen,Beras Premium,kg,10/02/2026,14250
Jawa Tengah,Kab. Sragen,Gula Pasir Curah,kg,10/02/2026,16750
Jawa Tengah,Kab. Sragen,Minyak Goreng Sawit Kemasan Premium,lt,10/02/2026,19750
Jawa Tengah,Kab. Sragen,Minyak Goreng Sawit Curah,lt,10/02/2026,18700
Jawa Tengah,Kab. Sragen,Minyakita,lt,10/02/2026,15700
Jawa Tengah,Kab. Sragen,Daging Sapi Paha Belakang,kg,10/02/2026,120000
Jawa Tengah,Kab. Sragen,Daging Ayam Ras,kg,10/02/2026,40000
Jawa Tengah,Kab. Sragen,Telur Ayam Ras,kg,10/02/2026,28500
Jawa Tengah,Kab. Sragen,Tepung Terigu,kg,10/02/2026,12000
Jawa Tengah,Kab. Sragen,Kedelai Impor,kg,10/02/2026,9600
Jawa Tengah,Kab. Sragen,Cabai Merah Keriting,kg,10/02/2026,34000
Jawa Tengah,Kab. Sragen,Cabai Rawit Merah,kg,10/02/2026,81000
Jawa Tengah,Kab. Sragen,Cabai Merah Besar,kg,10/02/2026,26000
Jawa Tengah,Kab. Sragen,Bawang Merah,kg,10/02/2026,38000
Jawa Tengah,Kab. Sragen,Bawang Putih Honan,kg,10/02/2026,32000
Jawa Tengah,Kab. Grobogan,Beras Medium,kg,10/02/2026,13250
Jawa Tengah,Kab. Grobogan,Beras Premium,kg,10/02/2026,14825
Jawa Tengah,Kab. Grobogan,Gula Pasir Curah,kg,10/02/2026,17000
Jawa Tengah,Kab. Grobogan,Minyak Goreng Sawit Kemasan Premium,lt,10/02/2026,19000
Jawa Tengah,Kab. Grobogan,Minyak Goreng Sawit Curah,lt,10/02/2026,16000
Jawa Tengah,Kab. Grobogan,Minyakita,lt,10/02/2026,15700
Jawa Tengah,Kab. Grobogan,Daging Sapi Paha Belakang,kg,10/02/2026,130000
Jawa Tengah,Kab. Grobogan,Daging Ayam Ras,kg,10/02/2026,39000
Jawa Tengah,Kab. Grobogan,Telur Ayam Ras,kg,10/02/2026,28000
Jawa Tengah,Kab. Grobogan,Tepung Terigu,kg,10/02/2026,10500
Jawa Tengah,Kab. Grobogan,Kedelai Impor,kg,10/02/2026,11000
Jawa Tengah,Kab. Grobogan,Cabai Merah Keriting,kg,10/02/2026,30000
Jawa Tengah,Kab. Grobogan,Cabai Rawit Merah,kg,10/02/2026,53500
Jawa Tengah,Kab. Grobogan,Cabai Merah Besar,kg,10/02/2026,50000
Jawa Tengah,Kab. Grobogan,Bawang Merah,kg,10/02/2026,34000
Jawa Tengah,Kab. Grobogan,Bawang Putih Honan,kg,10/02/2026,31000
Jawa Tengah,Kab. Blora,Beras Medium,kg,10/02/2026,11592
Jawa Tengah,Kab. Blora,Beras Premium,kg,10/02/2026,13525
Jawa Tengah,Kab. Blora,Gula Pasir Curah,kg,10/02/2026,16500
Jawa Tengah,Kab. Blora,Minyak Goreng Sawit Kemasan Premium,lt,10/02/2026,19300
Jawa Tengah,Kab. Blora,Minyak Goreng Sawit Curah,lt,10/02/2026,16300
Jawa Tengah,Kab. Blora,Minyakita,lt,10/02/2026,15700
Jawa Tengah,Kab. Blora,Daging Sapi Paha Belakang,kg,10/02/2026,125000
Jawa Tengah,Kab. Blora,Daging Ayam Ras,kg,10/02/2026,38000
Jawa Tengah,Kab. Blora,Telur Ayam Ras,kg,10/02/2026,28000
Jawa Tengah,Kab. Blora,Tepung Terigu,kg,10/02/2026,12300
Jawa Tengah,Kab. Blora,Kedelai Impor,kg,10/02/2026,11500
Jawa Tengah,Kab. Blora,Cabai Merah Keriting,kg,10/02/2026,29333
Jawa Tengah,Kab. Blora,Cabai Rawit Merah,kg,10/02/2026,45667
Jawa Tengah,Kab. Blora,Cabai Merah Besar,kg,10/02/2026,0
Jawa Tengah,Kab. Blora,Bawang Merah,kg,10/02/2026,32667
Jawa Tengah,Kab. Blora,Bawang Putih Honan,kg,10/02/2026,30667
Jawa Tengah,Kab. Rembang,Beras Medium,kg,10/02/2026,13333
Jawa Tengah,Kab. Rembang,Beras Premium,kg,10/02/2026,14900
Jawa Tengah,Kab. Rembang,Gula Pasir Curah,kg,10/02/2026,16333
Jawa Tengah,Kab. Rembang,Minyak Goreng Sawit Kemasan Premium,lt,10/02/2026,21000
Jawa Tengah,Kab. Rembang,Minyak Goreng Sawit Curah,lt,10/02/2026,18822
Jawa Tengah,Kab. Rembang,Minyakita,lt,10/02/2026,15633
Jawa Tengah,Kab. Rembang,Daging Sapi Paha Belakang,kg,10/02/2026,125000
Jawa Tengah,Kab. Rembang,Daging Ayam Ras,kg,10/02/2026,39667
Jawa Tengah,Kab. Rembang,Telur Ayam Ras,kg,10/02/2026,31000
Jawa Tengah,Kab. Rembang,Tepung Terigu,kg,10/02/2026,11500
Jawa Tengah,Kab. Rembang,Kedelai Impor,kg,10/02/2026,11167
Jawa Tengah,Kab. Rembang,Cabai Merah Keriting,kg,10/02/2026,30667
Jawa Tengah,Kab. Rembang,Cabai Rawit Merah,kg,10/02/2026,81667
Jawa Tengah,Kab. Rembang,Cabai Merah Besar,kg,10/02/2026,60000
Jawa Tengah,Kab. Rembang,Bawang Merah,kg,10/02/2026,40000
Jawa Tengah,Kab. Rembang,Bawang Putih Honan,kg,10/02/2026,34000
Jawa Tengah,Kab. Pati,Beras Medium,kg,10/02/2026,13500
Jawa Tengah,Kab. Pati,Beras Premium,kg,10/02/2026,14650
Jawa Tengah,Kab. Pati,Gula Pasir Curah,kg,10/02/2026,17000
Jawa Tengah,Kab. Pati,Minyak Goreng Sawit Kemasan Premium,lt,10/02/2026,20000
Jawa Tengah,Kab. Pati,Minyak Goreng Sawit Curah,lt,10/02/2026,18000
Jawa Tengah,Kab. Pati,Minyakita,lt,10/02/2026,15700
Jawa Tengah,Kab. Pati,Daging Sapi Paha Belakang,kg,10/02/2026,125000
Jawa Tengah,Kab. Pati,Daging Ayam Ras,kg,10/02/2026,40000
Jawa Tengah,Kab. Pati,Telur Ayam Ras,kg,10/02/2026,30000
Jawa Tengah,Kab. Pati,Tepung Terigu,kg,10/02/2026,12500
Jawa Tengah,Kab. Pati,Kedelai Impor,kg,10/02/2026,10500
Jawa Tengah,Kab. Pati,Cabai Merah Keriting,kg,10/02/2026,33000
Jawa Tengah,Kab. Pati,Cabai Rawit Merah,kg,10/02/2026,80000
Jawa Tengah,Kab. Pati,Cabai Merah Besar,kg,10/02/2026,50000
Jawa Tengah,Kab. Pati,Bawang Merah,kg,10/02/2026,35000
Jawa Tengah,Kab. Pati,Bawang Putih Honan,kg,10/02/2026,33000
Jawa Tengah,Kab. Kudus,Beras Medium,kg,10/02/2026,13500
Jawa Tengah,Kab. Kudus,Beras Premium,kg,10/02/2026,14900
Jawa Tengah,Kab. Kudus,Gula Pasir Curah,kg,10/02/2026,16500
Jawa Tengah,Kab. Kudus,Minyak Goreng Sawit Kemasan Premium,lt,10/02/2026,20000
Jawa Tengah,Kab. Kudus,Minyak Goreng Sawit Curah,lt,10/02/2026,17000
Jawa Tengah,Kab. Kudus,Minyakita,lt,10/02/2026,15700
Jawa Tengah,Kab. Kudus,Daging Sapi Paha Belakang,kg,10/02/2026,125000
Jawa Tengah,Kab. Kudus,Daging Ayam Ras,kg,10/02/2026,36000
Jawa Tengah,Kab. Kudus,Telur Ayam Ras,kg,10/02/2026,29000
Jawa Tengah,Kab. Kudus,Tepung Terigu,kg,10/02/2026,12000
Jawa Tengah,Kab. Kudus,Kedelai Impor,kg,10/02/2026,11500
Jawa Tengah,Kab. Kudus,Cabai Merah Keriting,kg,10/02/2026,30000
Jawa Tengah,Kab. Kudus,Cabai Rawit Merah,kg,10/02/2026,60000
Jawa Tengah,Kab. Kudus,Cabai Merah Besar,kg,10/02/2026,40000
Jawa Tengah,Kab. Kudus,Bawang Merah,kg,10/02/2026,38000
Jawa Tengah,Kab. Kudus,Bawang Putih Honan,kg,10/02/2026,0
Jawa Tengah,Kab. Jepara,Beras Medium,kg,10/02/2026,13000
Jawa Tengah,Kab. Jepara,Beras Premium,kg,10/02/2026,14900
Jawa Tengah,Kab. Jepara,Gula Pasir Curah,kg,10/02/2026,16500
Jawa Tengah,Kab. Jepara,Minyak Goreng Sawit Kemasan Premium,lt,10/02/2026,21000
Jawa Tengah,Kab. Jepara,Minyak Goreng Sawit Curah,lt,10/02/2026,17500
Jawa Tengah,Kab. Jepara,Minyakita,lt,10/02/2026,15700
Jawa Tengah,Kab. Jepara,Daging Sapi Paha Belakang,kg,10/02/2026,130000
Jawa Tengah,Kab. Jepara,Daging Ayam Ras,kg,10/02/2026,37000
Jawa Tengah,Kab. Jepara,Telur Ayam Ras,kg,10/02/2026,27500
Jawa Tengah,Kab. Jepara,Tepung Terigu,kg,10/02/2026,12000
Jawa Tengah,Kab. Jepara,Kedelai Impor,kg,10/02/2026,10500
Jawa Tengah,Kab. Jepara,Cabai Merah Keriting,kg,10/02/2026,32000
Jawa Tengah,Kab. Jepara,Cabai Rawit Merah,kg,10/02/2026,65000
Jawa Tengah,Kab. Jepara,Cabai Merah Besar,kg,10/02/2026,35000
Jawa Tengah,Kab. Jepara,Bawang Merah,kg,10/02/2026,35000
Jawa Tengah,Kab. Jepara,Bawang Putih Honan,kg,10/02/2026,32000
Jawa Tengah,Kab. Demak,Beras Medium,kg,10/02/2026,12800
Jawa Tengah,Kab. Demak,Beras Premium,kg,10/02/2026,14250
Jawa Tengah,Kab. Demak,Gula Pasir Curah,kg,10/02/2026,16500
Jawa Tengah,Kab. Demak,Minyak Goreng Sawit Kemasan Premium,lt,10/02/2026,20250
Jawa Tengah,Kab. Demak,Minyak Goreng Sawit Curah,lt,10/02/2026,16167
Jawa Tengah,Kab. Demak,Minyakita,lt,10/02/2026,15300
Jawa Tengah,Kab. Demak,Daging Sapi Paha Belakang,kg,10/02/2026,130000
Jawa Tengah,Kab. Demak,Daging Ayam Ras,kg,10/02/2026,35000
Jawa Tengah,Kab. Demak,Telur Ayam Ras,kg,10/02/2026,27500
Jawa Tengah,Kab. Demak,Tepung Terigu,kg,10/02/2026,11250
Jawa Tengah,Kab. Demak,Kedelai Impor,kg,10/02/2026,10000
Jawa Tengah,Kab. Demak,Cabai Merah Keriting,kg,10/02/2026,29333
Jawa Tengah,Kab. Demak,Cabai Rawit Merah,kg,10/02/2026,35333
Jawa Tengah,Kab. Demak,Cabai Merah Besar,kg,10/02/2026,33333
Jawa Tengah,Kab. Demak,Bawang Merah,kg,10/02/2026,33667
Jawa Tengah,Kab. Demak,Bawang Putih Honan,kg,10/02/2026,30000
Jawa Tengah,Kab. Semarang,Beras Medium,kg,10/02/2026,13583
Jawa Tengah,Kab. Semarang,Beras Premium,kg,10/02/2026,15117
Jawa Tengah,Kab. Semarang,Gula Pasir Curah,kg,10/02/2026,17250
Jawa Tengah,Kab. Semarang,Minyak Goreng Sawit Kemasan Premium,lt,10/02/2026,21167
Jawa Tengah,Kab. Semarang,Minyak Goreng Sawit Curah,lt,10/02/2026,18450
Jawa Tengah,Kab. Semarang,Minyakita,lt,10/02/2026,15600
Jawa Tengah,Kab. Semarang,Daging Sapi Paha Belakang,kg,10/02/2026,136667
Jawa Tengah,Kab. Semarang,Daging Ayam Ras,kg,10/02/2026,38500
Jawa Tengah,Kab. Semarang,Telur Ayam Ras,kg,10/02/2026,30000
Jawa Tengah,Kab. Semarang,Tepung Terigu,kg,10/02/2026,12000
Jawa Tengah,Kab. Semarang,Kedelai Impor,kg,10/02/2026,9750
Jawa Tengah,Kab. Semarang,Cabai Merah Keriting,kg,10/02/2026,41667
Jawa Tengah,Kab. Semarang,Cabai Rawit Merah,kg,10/02/2026,83333
Jawa Tengah,Kab. Semarang,Cabai Merah Besar,kg,10/02/2026,43333
Jawa Tengah,Kab. Semarang,Bawang Merah,kg,10/02/2026,39333
Jawa Tengah,Kab. Semarang,Bawang Putih Honan,kg,10/02/2026,34500
Jawa Tengah,Kab. Temanggung,Beras Medium,kg,10/02/2026,13500
Jawa Tengah,Kab. Temanggung,Beras Premium,kg,10/02/2026,14800
Jawa Tengah,Kab. Temanggung,Gula Pasir Curah,kg,10/02/2026,16750
Jawa Tengah,Kab. Temanggung,Minyak Goreng Sawit Kemasan Premium,lt,10/02/2026,19000
Jawa Tengah,Kab. Temanggung,Minyak Goreng Sawit Curah,lt,10/02/2026,19000
Jawa Tengah,Kab. Temanggung,Minyakita,lt,10/02/2026,15700
Jawa Tengah,Kab. Temanggung,Daging Sapi Paha Belakang,kg,10/02/2026,135000
Jawa Tengah,Kab. Temanggung,Daging Ayam Ras,kg,10/02/2026,37000
Jawa Tengah,Kab. Temanggung,Telur Ayam Ras,kg,10/02/2026,28000
Jawa Tengah,Kab. Temanggung,Tepung Terigu,kg,10/02/2026,11750
Jawa Tengah,Kab. Temanggung,Kedelai Impor,kg,10/02/2026,9600
Jawa Tengah,Kab. Temanggung,Cabai Merah Keriting,kg,10/02/2026,35875
Jawa Tengah,Kab. Temanggung,Cabai Rawit Merah,kg,10/02/2026,49500
Jawa Tengah,Kab. Temanggung,Cabai Merah Besar,kg,10/02/2026,47500
Jawa Tengah,Kab. Temanggung,Bawang Merah,kg,10/02/2026,37500
Jawa Tengah,Kab. Temanggung,Bawang Putih Honan,kg,10/02/2026,33500
Jawa Tengah,Kab. Kendal,Beras Medium,kg,10/02/2026,13400
Jawa Tengah,Kab. Kendal,Beras Premium,kg,10/02/2026,14900
Jawa Tengah,Kab. Kendal,Gula Pasir Curah,kg,10/02/2026,17333
Jawa Tengah,Kab. Kendal,Minyak Goreng Sawit Kemasan Premium,lt,10/02/2026,21000
Jawa Tengah,Kab. Kendal,Minyak Goreng Sawit Curah,lt,10/02/2026,17550
Jawa Tengah,Kab. Kendal,Minyakita,lt,10/02/2026,15700
Jawa Tengah,Kab. Kendal,Daging Sapi Paha Belakang,kg,10/02/2026,135000
Jawa Tengah,Kab. Kendal,Daging Ayam Ras,kg,10/02/2026,39000
Jawa Tengah,Kab. Kendal,Telur Ayam Ras,kg,10/02/2026,29500
Jawa Tengah,Kab. Kendal,Tepung Terigu,kg,10/02/2026,11500
Jawa Tengah,Kab. Kendal,Kedelai Impor,kg,10/02/2026,9700
Jawa Tengah,Kab. Kendal,Cabai Merah Keriting,kg,10/02/2026,33333
Jawa Tengah,Kab. Kendal,Cabai Rawit Merah,kg,10/02/2026,72000
Jawa Tengah,Kab. Kendal,Cabai Merah Besar,kg,10/02/2026,37000
Jawa Tengah,Kab. Kendal,Bawang Merah,kg,10/02/2026,35000
Jawa Tengah,Kab. Kendal,Bawang Putih Honan,kg,10/02/2026,32333
Jawa Tengah,Kab. Batang,Beras Medium,kg,10/02/2026,13200
Jawa Tengah,Kab. Batang,Beras Premium,kg,10/02/2026,14700
Jawa Tengah,Kab. Batang,Gula Pasir Curah,kg,10/02/2026,16500
Jawa Tengah,Kab. Batang,Minyak Goreng Sawit Kemasan Premium,lt,10/02/2026,19500
Jawa Tengah,Kab. Batang,Minyak Goreng Sawit Curah,lt,10/02/2026,17100
Jawa Tengah,Kab. Batang,Minyakita,lt,10/02/2026,15700
Jawa Tengah,Kab. Batang,Daging Sapi Paha Belakang,kg,10/02/2026,125000
Jawa Tengah,Kab. Batang,Daging Ayam Ras,kg,10/02/2026,38000
Jawa Tengah,Kab. Batang,Telur Ayam Ras,kg,10/02/2026,28000
Jawa Tengah,Kab. Batang,Tepung Terigu,kg,10/02/2026,11500
Jawa Tengah,Kab. Batang,Kedelai Impor,kg,10/02/2026,10400
Jawa Tengah,Kab. Batang,Cabai Merah Keriting,kg,10/02/2026,34000
Jawa Tengah,Kab. Batang,Cabai Rawit Merah,kg,10/02/2026,62000
Jawa Tengah,Kab. Batang,Cabai Merah Besar,kg,10/02/2026,34000
Jawa Tengah,Kab. Batang,Bawang Merah,kg,10/02/2026,36000
Jawa Tengah,Kab. Batang,Bawang Putih Honan,kg,10/02/2026,32000
Jawa Tengah,Kab. Pekalongan,Beras Medium,kg,10/02/2026,13200
Jawa Tengah,Kab. Pekalongan,Beras Premium,kg,10/02/2026,14500
Jawa Tengah,Kab. Pekalongan,Gula Pasir Curah,kg,10/02/2026,17000
Jawa Tengah,Kab. Pekalongan,Minyak Goreng Sawit Kemasan Premium,lt,10/02/2026,21000
Jawa Tengah,Kab. Pekalongan,Minyak Goreng Sawit Curah,lt,10/02/2026,17550
Jawa Tengah,Kab. Pekalongan,Minyakita,lt,10/02/2026,15700
Jawa Tengah,Kab. Pekalongan,Daging Sapi Paha Belakang,kg,10/02/2026,135000
Jawa Tengah,Kab. Pekalongan,Daging Ayam Ras,kg,10/02/2026,40000
Jawa Tengah,Kab. Pekalongan,Telur Ayam Ras,kg,10/02/2026,29000
Jawa Tengah,Kab. Pekalongan,Tepung Terigu,kg,10/02/2026,12000
Jawa Tengah,Kab. Pekalongan,Kedelai Impor,kg,10/02/2026,9800
Jawa Tengah,Kab. Pekalongan,Cabai Merah Keriting,kg,10/02/2026,38000
Jawa Tengah,Kab. Pekalongan,Cabai Rawit Merah,kg,10/02/2026,77000
Jawa Tengah,Kab. Pekalongan,Cabai Merah Besar,kg,10/02/2026,29000
Jawa Tengah,Kab. Pekalongan,Bawang Merah,kg,10/02/2026,38000
Jawa Tengah,Kab. Pekalongan,Bawang Putih Honan,kg,10/02/2026,33000
Jawa Tengah,Kab. Pemalang,Beras Medium,kg,10/02/2026,13000
Jawa Tengah,Kab. Pemalang,Beras Premium,kg,10/02/2026,14800
Jawa Tengah,Kab. Pemalang,Gula Pasir Curah,kg,10/02/2026,17167
Jawa Tengah,Kab. Pemalang,Minyak Goreng Sawit Kemasan Premium,lt,10/02/2026,21000
Jawa Tengah,Kab. Pemalang,Minyak Goreng Sawit Curah,lt,10/02/2026,17167
Jawa Tengah,Kab. Pemalang,Minyakita,lt,10/02/2026,15700
Jawa Tengah,Kab. Pemalang,Daging Sapi Paha Belakang,kg,10/02/2026,130000
Jawa Tengah,Kab. Pemalang,Daging Ayam Ras,kg,10/02/2026,43333
Jawa Tengah,Kab. Pemalang,Telur Ayam Ras,kg,10/02/2026,30000
Jawa Tengah,Kab. Pemalang,Tepung Terigu,kg,10/02/2026,12000
Jawa Tengah,Kab. Pemalang,Kedelai Impor,kg,10/02/2026,11500
Jawa Tengah,Kab. Pemalang,Cabai Merah Keriting,kg,10/02/2026,40333
Jawa Tengah,Kab. Pemalang,Cabai Rawit Merah,kg,10/02/2026,54333
Jawa Tengah,Kab. Pemalang,Cabai Merah Besar,kg,10/02/2026,29333
Jawa Tengah,Kab. Pemalang,Bawang Merah,kg,10/02/2026,39333
Jawa Tengah,Kab. Pemalang,Bawang Putih Honan,kg,10/02/2026,34000
Jawa Tengah,Kab. Tegal,Beras Medium,kg,10/02/2026,13000
Jawa Tengah,Kab. Tegal,Beras Premium,kg,10/02/2026,14000
Jawa Tengah,Kab. Tegal,Gula Pasir Curah,kg,10/02/2026,17000
Jawa Tengah,Kab. Tegal,Minyak Goreng Sawit Kemasan Premium,lt,10/02/2026,21167
Jawa Tengah,Kab. Tegal,Minyak Goreng Sawit Curah,lt,10/02/2026,17917
Jawa Tengah,Kab. Tegal,Minyakita,lt,10/02/2026,15700
Jawa Tengah,Kab. Tegal,Daging Sapi Paha Belakang,kg,10/02/2026,138333
Jawa Tengah,Kab. Tegal,Daging Ayam Ras,kg,10/02/2026,38667
Jawa Tengah,Kab. Tegal,Telur Ayam Ras,kg,10/02/2026,29000
Jawa Tengah,Kab. Tegal,Tepung Terigu,kg,10/02/2026,11167
Jawa Tengah,Kab. Tegal,Kedelai Impor,kg,10/02/2026,9867
Jawa Tengah,Kab. Tegal,Cabai Merah Keriting,kg,10/02/2026,40000
Jawa Tengah,Kab. Tegal,Cabai Rawit Merah,kg,10/02/2026,78000
Jawa Tengah,Kab. Tegal,Cabai Merah Besar,kg,10/02/2026,29000
Jawa Tengah,Kab. Tegal,Bawang Merah,kg,10/02/2026,37000
Jawa Tengah,Kab. Tegal,Bawang Putih Honan,kg,10/02/2026,30667
Jawa Tengah,Kab. Brebes,Beras Medium,kg,10/02/2026,13333
Jawa Tengah,Kab. Brebes,Beras Premium,kg,10/02/2026,14667
Jawa Tengah,Kab. Brebes,Gula Pasir Curah,kg,10/02/2026,16667
Jawa Tengah,Kab. Brebes,Minyak Goreng Sawit Kemasan Premium,lt,10/02/2026,20667
Jawa Tengah,Kab. Brebes,Minyak Goreng Sawit Curah,lt,10/02/2026,18250
Jawa Tengah,Kab. Brebes,Minyakita,lt,10/02/2026,15700
Jawa Tengah,Kab. Brebes,Daging Sapi Paha Belakang,kg,10/02/2026,135000
Jawa Tengah,Kab. Brebes,Daging Ayam Ras,kg,10/02/2026,38000
Jawa Tengah,Kab. Brebes,Telur Ayam Ras,kg,10/02/2026,30000
Jawa Tengah,Kab. Brebes,Tepung Terigu,kg,10/02/2026,11333
Jawa Tengah,Kab. Brebes,Kedelai Impor,kg,10/02/2026,0
Jawa Tengah,Kab. Brebes,Cabai Merah Keriting,kg,10/02/2026,35000
Jawa Tengah,Kab. Brebes,Cabai Rawit Merah,kg,10/02/2026,60000
Jawa Tengah,Kab. Brebes,Cabai Merah Besar,kg,10/02/2026,32000
Jawa Tengah,Kab. Brebes,Bawang Merah,kg,10/02/2026,34000
Jawa Tengah,Kab. Brebes,Bawang Putih Honan,kg,10/02/2026,35000
Jawa Tengah,Kota Magelang,Beras Medium,kg,10/02/2026,13500
Jawa Tengah,Kota Magelang,Beras Premium,kg,10/02/2026,14833
Jawa Tengah,Kota Magelang,Gula Pasir Curah,kg,10/02/2026,16833
Jawa Tengah,Kota Magelang,Minyak Goreng Sawit Kemasan Premium,lt,10/02/2026,20333
Jawa Tengah,Kota Magelang,Minyak Goreng Sawit Curah,lt,10/02/2026,16500
Jawa Tengah,Kota Magelang,Minyakita,lt,10/02/2026,15700
Jawa Tengah,Kota Magelang,Daging Sapi Paha Belakang,kg,10/02/2026,135000
Jawa Tengah,Kota Magelang,Daging Ayam Ras,kg,10/02/2026,37333
Jawa Tengah,Kota Magelang,Telur Ayam Ras,kg,10/02/2026,28333
Jawa Tengah,Kota Magelang,Tepung Terigu,kg,10/02/2026,12000
Jawa Tengah,Kota Magelang,Kedelai Impor,kg,10/02/2026,11000
Jawa Tengah,Kota Magelang,Cabai Merah Keriting,kg,10/02/2026,30000
Jawa Tengah,Kota Magelang,Cabai Rawit Merah,kg,10/02/2026,59333
Jawa Tengah,Kota Magelang,Cabai Merah Besar,kg,10/02/2026,43333
Jawa Tengah,Kota Magelang,Bawang Merah,kg,10/02/2026,36667
Jawa Tengah,Kota Magelang,Bawang Putih Honan,kg,10/02/2026,32667
Jawa Tengah,Kota Surakarta,Beras Medium,kg,10/02/2026,13500
Jawa Tengah,Kota Surakarta,Beras Premium,kg,10/02/2026,15750
Jawa Tengah,Kota Surakarta,Gula Pasir Curah,kg,10/02/2026,17000
Jawa Tengah,Kota Surakarta,Minyak Goreng Sawit Kemasan Premium,lt,10/02/2026,21000
Jawa Tengah,Kota Surakarta,Minyak Goreng Sawit Curah,lt,10/02/2026,19500
Jawa Tengah,Kota Surakarta,Minyakita,lt,10/02/2026,15700
Jawa Tengah,Kota Surakarta,Daging Sapi Paha Belakang,kg,10/02/2026,140000
Jawa Tengah,Kota Surakarta,Daging Ayam Ras,kg,10/02/2026,40000
Jawa Tengah,Kota Surakarta,Telur Ayam Ras,kg,10/02/2026,28667
Jawa Tengah,Kota Surakarta,Tepung Terigu,kg,10/02/2026,11250
Jawa Tengah,Kota Surakarta,Kedelai Impor,kg,10/02/2026,12000
Jawa Tengah,Kota Surakarta,Cabai Merah Keriting,kg,10/02/2026,30000
Jawa Tengah,Kota Surakarta,Cabai Rawit Merah,kg,10/02/2026,86667
Jawa Tengah,Kota Surakarta,Cabai Merah Besar,kg,10/02/2026,25000
Jawa Tengah,Kota Surakarta,Bawang Merah,kg,10/02/2026,36000
Jawa Tengah,Kota Surakarta,Bawang Putih Honan,kg,10/02/2026,29000
Jawa Tengah,Kota Salatiga,Beras Medium,kg,10/02/2026,13400
Jawa Tengah,Kota Salatiga,Beras Premium,kg,10/02/2026,14267
Jawa Tengah,Kota Salatiga,Gula Pasir Curah,kg,10/02/2026,17500
Jawa Tengah,Kota Salatiga,Minyak Goreng Sawit Kemasan Premium,lt,10/02/2026,22000
Jawa Tengah,Kota Salatiga,Minyak Goreng Sawit Curah,lt,10/02/2026,17100
Jawa Tengah,Kota Salatiga,Minyakita,lt,10/02/2026,15700
Jawa Tengah,Kota Salatiga,Daging Sapi Paha Belakang,kg,10/02/2026,120000
Jawa Tengah,Kota Salatiga,Daging Ayam Ras,kg,10/02/2026,39333
Jawa Tengah,Kota Salatiga,Telur Ayam Ras,kg,10/02/2026,29833
Jawa Tengah,Kota Salatiga,Tepung Terigu,kg,10/02/2026,12000
Jawa Tengah,Kota Salatiga,Kedelai Impor,kg,10/02/2026,12000
Jawa Tengah,Kota Salatiga,Cabai Merah Keriting,kg,10/02/2026,38333
Jawa Tengah,Kota Salatiga,Cabai Rawit Merah,kg,10/02/2026,75000
Jawa Tengah,Kota Salatiga,Cabai Merah Besar,kg,10/02/2026,35000
Jawa Tengah,Kota Salatiga,Bawang Merah,kg,10/02/2026,41667
Jawa Tengah,Kota Salatiga,Bawang Putih Honan,kg,10/02/2026,30333
Jawa Tengah,Kota Semarang,Beras Medium,kg,10/02/2026,13917
Jawa Tengah,Kota Semarang,Beras Premium,kg,10/02/2026,15292
Jawa Tengah,Kota Semarang,Gula Pasir Curah,kg,10/02/2026,17000
Jawa Tengah,Kota Semarang,Minyak Goreng Sawit Kemasan Premium,lt,10/02/2026,21333
Jawa Tengah,Kota Semarang,Minyak Goreng Sawit Curah,lt,10/02/2026,19917
Jawa Tengah,Kota Semarang,Minyakita,lt,10/02/2026,15700
Jawa Tengah,Kota Semarang,Daging Sapi Paha Belakang,kg,10/02/2026,130000
Jawa Tengah,Kota Semarang,Daging Ayam Ras,kg,10/02/2026,42167
Jawa Tengah,Kota Semarang,Telur Ayam Ras,kg,10/02/2026,30000
Jawa Tengah,Kota Semarang,Tepung Terigu,kg,10/02/2026,11750
Jawa Tengah,Kota Semarang,Kedelai Impor,kg,10/02/2026,0
Jawa Tengah,Kota Semarang,Cabai Merah Keriting,kg,10/02/2026,33667
Jawa Tengah,Kota Semarang,Cabai Rawit Merah,kg,10/02/2026,81500
Jawa Tengah,Kota Semarang,Cabai Merah Besar,kg,10/02/2026,37500
Jawa Tengah,Kota Semarang,Bawang Merah,kg,10/02/2026,41000
Jawa Tengah,Kota Semarang,Bawang Putih Honan,kg,10/02/2026,0
Jawa Tengah,Kota Pekalongan,Beras Medium,kg,10/02/2026,13500
Jawa Tengah,Kota Pekalongan,Beras Premium,kg,10/02/2026,14900
Jawa Tengah,Kota Pekalongan,Gula Pasir Curah,kg,10/02/2026,17000
Jawa Tengah,Kota Pekalongan,Minyak Goreng Sawit Kemasan Premium,lt,10/02/2026,21000
Jawa Tengah,Kota Pekalongan,Minyak Goreng Sawit Curah,lt,10/02/2026,18900
Jawa Tengah,Kota Pekalongan,Minyakita,lt,10/02/2026,15700
Jawa Tengah,Kota Pekalongan,Daging Sapi Paha Belakang,kg,10/02/2026,120000
Jawa Tengah,Kota Pekalongan,Daging Ayam Ras,kg,10/02/2026,42000
Jawa Tengah,Kota Pekalongan,Telur Ayam Ras,kg,10/02/2026,30000
Jawa Tengah,Kota Pekalongan,Tepung Terigu,kg,10/02/2026,11000
Jawa Tengah,Kota Pekalongan,Kedelai Impor,kg,10/02/2026,10000
Jawa Tengah,Kota Pekalongan,Cabai Merah Keriting,kg,10/02/2026,36000
Jawa Tengah,Kota Pekalongan,Cabai Rawit Merah,kg,10/02/2026,80000
Jawa Tengah,Kota Pekalongan,Cabai Merah Besar,kg,10/02/2026,32000
Jawa Tengah,Kota Pekalongan,Bawang Merah,kg,10/02/2026,39000
Jawa Tengah,Kota Pekalongan,Bawang Putih Honan,kg,10/02/2026,0
Jawa Tengah,Kota Tegal,Beras Medium,kg,10/02/2026,13000
Jawa Tengah,Kota Tegal,Beras Premium,kg,10/02/2026,14900
Jawa Tengah,Kota Tegal,Gula Pasir Curah,kg,10/02/2026,17167
Jawa Tengah,Kota Tegal,Minyak Goreng Sawit Kemasan Premium,lt,10/02/2026,21500
Jawa Tengah,Kota Tegal,Minyak Goreng Sawit Curah,lt,10/02/2026,17400
Jawa Tengah,Kota Tegal,Minyakita,lt,10/02/2026,15700
Jawa Tengah,Kota Tegal,Daging Sapi Paha Belakang,kg,10/02/2026,140000
Jawa Tengah,Kota Tegal,Daging Ayam Ras,kg,10/02/2026,41000
Jawa Tengah,Kota Tegal,Telur Ayam Ras,kg,10/02/2026,30000
Jawa Tengah,Kota Tegal,Tepung Terigu,kg,10/02/2026,11833
Jawa Tengah,Kota Tegal,Kedelai Impor,kg,10/02/2026,10500
Jawa Tengah,Kota Tegal,Cabai Merah Keriting,kg,10/02/2026,41667
Jawa Tengah,Kota Tegal,Cabai Rawit Merah,kg,10/02/2026,86667
Jawa Tengah,Kota Tegal,Cabai Merah Besar,kg,10/02/2026,31667
Jawa Tengah,Kota Tegal,Bawang Merah,kg,10/02/2026,38333
Jawa Tengah,Kota Tegal,Bawang Putih Honan,kg,10/02/2026,34667
Jawa Tengah,Kab. Cilacap,Beras Medium,kg,11/02/2026,13500
Jawa Tengah,Kab. Cilacap,Beras Premium,kg,11/02/2026,14500
Jawa Tengah,Kab. Cilacap,Gula Pasir Curah,kg,11/02/2026,17333
Jawa Tengah,Kab. Cilacap,Minyak Goreng Sawit Kemasan Premium,lt,11/02/2026,22000
Jawa Tengah,Kab. Cilacap,Minyak Goreng Sawit Curah,lt,11/02/2026,18000
Jawa Tengah,Kab. Cilacap,Minyakita,lt,11/02/2026,15700
Jawa Tengah,Kab. Cilacap,Daging Sapi Paha Belakang,kg,11/02/2026,135000
Jawa Tengah,Kab. Cilacap,Daging Ayam Ras,kg,11/02/2026,40000
Jawa Tengah,Kab. Cilacap,Telur Ayam Ras,kg,11/02/2026,29833
Jawa Tengah,Kab. Cilacap,Tepung Terigu,kg,11/02/2026,12000
Jawa Tengah,Kab. Cilacap,Kedelai Impor,kg,11/02/2026,11667
Jawa Tengah,Kab. Cilacap,Cabai Merah Keriting,kg,11/02/2026,37667
Jawa Tengah,Kab. Cilacap,Cabai Rawit Merah,kg,11/02/2026,75000
Jawa Tengah,Kab. Cilacap,Cabai Merah Besar,kg,11/02/2026,34667
Jawa Tengah,Kab. Cilacap,Bawang Merah,kg,11/02/2026,38000
Jawa Tengah,Kab. Cilacap,Bawang Putih Honan,kg,11/02/2026,34000
Jawa Tengah,Kab. Banyumas,Beras Medium,kg,11/02/2026,13250
Jawa Tengah,Kab. Banyumas,Beras Premium,kg,11/02/2026,14900
Jawa Tengah,Kab. Banyumas,Gula Pasir Curah,kg,11/02/2026,16833
Jawa Tengah,Kab. Banyumas,Minyak Goreng Sawit Kemasan Premium,lt,11/02/2026,21000
Jawa Tengah,Kab. Banyumas,Minyak Goreng Sawit Curah,lt,11/02/2026,18000
Jawa Tengah,Kab. Banyumas,Minyakita,lt,11/02/2026,15700
Jawa Tengah,Kab. Banyumas,Daging Sapi Paha Belakang,kg,11/02/2026,133333
Jawa Tengah,Kab. Banyumas,Daging Ayam Ras,kg,11/02/2026,38667
Jawa Tengah,Kab. Banyumas,Telur Ayam Ras,kg,11/02/2026,30500
Jawa Tengah,Kab. Banyumas,Tepung Terigu,kg,11/02/2026,12000
Jawa Tengah,Kab. Banyumas,Kedelai Impor,kg,11/02/2026,10000
Jawa Tengah,Kab. Banyumas,Cabai Merah Keriting,kg,11/02/2026,37333
Jawa Tengah,Kab. Banyumas,Cabai Rawit Merah,kg,11/02/2026,78667
Jawa Tengah,Kab. Banyumas,Cabai Merah Besar,kg,11/02/2026,31667
Jawa Tengah,Kab. Banyumas,Bawang Merah,kg,11/02/2026,40000
Jawa Tengah,Kab. Banyumas,Bawang Putih Honan,kg,11/02/2026,32000
Jawa Tengah,Kab. Purbalingga,Beras Medium,kg,11/02/2026,13000
Jawa Tengah,Kab. Purbalingga,Beras Premium,kg,11/02/2026,14200
Jawa Tengah,Kab. Purbalingga,Gula Pasir Curah,kg,11/02/2026,17000
Jawa Tengah,Kab. Purbalingga,Minyak Goreng Sawit Kemasan Premium,lt,11/02/2026,21000
Jawa Tengah,Kab. Purbalingga,Minyak Goreng Sawit Curah,lt,11/02/2026,17550
Jawa Tengah,Kab. Purbalingga,Minyakita,lt,11/02/2026,15700
Jawa Tengah,Kab. Purbalingga,Daging Sapi Paha Belakang,kg,11/02/2026,135000
Jawa Tengah,Kab. Purbalingga,Daging Ayam Ras,kg,11/02/2026,40000
Jawa Tengah,Kab. Purbalingga,Telur Ayam Ras,kg,11/02/2026,30000
Jawa Tengah,Kab. Purbalingga,Tepung Terigu,kg,11/02/2026,12000
Jawa Tengah,Kab. Purbalingga,Kedelai Impor,kg,11/02/2026,9800
Jawa Tengah,Kab. Purbalingga,Cabai Merah Keriting,kg,11/02/2026,43000
Jawa Tengah,Kab. Purbalingga,Cabai Rawit Merah,kg,11/02/2026,82000
Jawa Tengah,Kab. Purbalingga,Cabai Merah Besar,kg,11/02/2026,34000
Jawa Tengah,Kab. Purbalingga,Bawang Merah,kg,11/02/2026,40000
Jawa Tengah,Kab. Purbalingga,Bawang Putih Honan,kg,11/02/2026,33000
Jawa Tengah,Kab. Banjarnegara,Beras Medium,kg,11/02/2026,13333
Jawa Tengah,Kab. Banjarnegara,Beras Premium,kg,11/02/2026,14533
Jawa Tengah,Kab. Banjarnegara,Gula Pasir Curah,kg,11/02/2026,17000
Jawa Tengah,Kab. Banjarnegara,Minyak Goreng Sawit Kemasan Premium,lt,11/02/2026,20666
Jawa Tengah,Kab. Banjarnegara,Minyak Goreng Sawit Curah,lt,11/02/2026,18450
Jawa Tengah,Kab. Banjarnegara,Minyakita,lt,11/02/2026,15700
Jawa Tengah,Kab. Banjarnegara,Daging Sapi Paha Belakang,kg,11/02/2026,135000
Jawa Tengah,Kab. Banjarnegara,Daging Ayam Ras,kg,11/02/2026,38000
Jawa Tengah,Kab. Banjarnegara,Telur Ayam Ras,kg,11/02/2026,30000
Jawa Tengah,Kab. Banjarnegara,Tepung Terigu,kg,11/02/2026,11666
Jawa Tengah,Kab. Banjarnegara,Kedelai Impor,kg,11/02/2026,10433
Jawa Tengah,Kab. Banjarnegara,Cabai Merah Keriting,kg,11/02/2026,38333
Jawa Tengah,Kab. Banjarnegara,Cabai Rawit Merah,kg,11/02/2026,75000
Jawa Tengah,Kab. Banjarnegara,Cabai Merah Besar,kg,11/02/2026,0
Jawa Tengah,Kab. Banjarnegara,Bawang Merah,kg,11/02/2026,40000
Jawa Tengah,Kab. Banjarnegara,Bawang Putih Honan,kg,11/02/2026,33666
Jawa Tengah,Kab. Kebumen,Beras Medium,kg,11/02/2026,12250
Jawa Tengah,Kab. Kebumen,Beras Premium,kg,11/02/2026,14450
Jawa Tengah,Kab. Kebumen,Gula Pasir Curah,kg,11/02/2026,16000
Jawa Tengah,Kab. Kebumen,Minyak Goreng Sawit Kemasan Premium,lt,11/02/2026,20500
Jawa Tengah,Kab. Kebumen,Minyak Goreng Sawit Curah,lt,11/02/2026,17500
Jawa Tengah,Kab. Kebumen,Minyakita,lt,11/02/2026,15700
Jawa Tengah,Kab. Kebumen,Daging Sapi Paha Belakang,kg,11/02/2026,120000
Jawa Tengah,Kab. Kebumen,Daging Ayam Ras,kg,11/02/2026,33750
Jawa Tengah,Kab. Kebumen,Telur Ayam Ras,kg,11/02/2026,28000
Jawa Tengah,Kab. Kebumen,Tepung Terigu,kg,11/02/2026,11000
Jawa Tengah,Kab. Kebumen,Kedelai Impor,kg,11/02/2026,9500
Jawa Tengah,Kab. Kebumen,Cabai Merah Keriting,kg,11/02/2026,30667
Jawa Tengah,Kab. Kebumen,Cabai Rawit Merah,kg,11/02/2026,39333
Jawa Tengah,Kab. Kebumen,Cabai Merah Besar,kg,11/02/2026,31667
Jawa Tengah,Kab. Kebumen,Bawang Merah,kg,11/02/2026,35000
Jawa Tengah,Kab. Kebumen,Bawang Putih Honan,kg,11/02/2026,0
Jawa Tengah,Kab. Purworejo,Beras Medium,kg,11/02/2026,12800
Jawa Tengah,Kab. Purworejo,Beras Premium,kg,11/02/2026,14500
Jawa Tengah,Kab. Purworejo,Gula Pasir Curah,kg,11/02/2026,17333
Jawa Tengah,Kab. Purworejo,Minyak Goreng Sawit Kemasan Premium,lt,11/02/2026,20333
Jawa Tengah,Kab. Purworejo,Minyak Goreng Sawit Curah,lt,11/02/2026,17400
Jawa Tengah,Kab. Purworejo,Minyakita,lt,11/02/2026,15700
Jawa Tengah,Kab. Purworejo,Daging Sapi Paha Belakang,kg,11/02/2026,135500
Jawa Tengah,Kab. Purworejo,Daging Ayam Ras,kg,11/02/2026,40000
Jawa Tengah,Kab. Purworejo,Telur Ayam Ras,kg,11/02/2026,30000
Jawa Tengah,Kab. Purworejo,Tepung Terigu,kg,11/02/2026,11333
Jawa Tengah,Kab. Purworejo,Kedelai Impor,kg,11/02/2026,10000
Jawa Tengah,Kab. Purworejo,Cabai Merah Keriting,kg,11/02/2026,34667
Jawa Tengah,Kab. Purworejo,Cabai Rawit Merah,kg,11/02/2026,75000
Jawa Tengah,Kab. Purworejo,Cabai Merah Besar,kg,11/02/2026,37333
Jawa Tengah,Kab. Purworejo,Bawang Merah,kg,11/02/2026,41333
Jawa Tengah,Kab. Purworejo,Bawang Putih Honan,kg,11/02/2026,34667
Jawa Tengah,Kab. Wonosobo,Beras Medium,kg,11/02/2026,13000
Jawa Tengah,Kab. Wonosobo,Beras Premium,kg,11/02/2026,16433
Jawa Tengah,Kab. Wonosobo,Gula Pasir Curah,kg,11/02/2026,16933
Jawa Tengah,Kab. Wonosobo,Minyak Goreng Sawit Kemasan Premium,lt,11/02/2026,21500
Jawa Tengah,Kab. Wonosobo,Minyak Goreng Sawit Curah,lt,11/02/2026,16933
Jawa Tengah,Kab. Wonosobo,Minyakita,lt,11/02/2026,15700
Jawa Tengah,Kab. Wonosobo,Daging Sapi Paha Belakang,kg,11/02/2026,135000
Jawa Tengah,Kab. Wonosobo,Daging Ayam Ras,kg,11/02/2026,38000
Jawa Tengah,Kab. Wonosobo,Telur Ayam Ras,kg,11/02/2026,29667
Jawa Tengah,Kab. Wonosobo,Tepung Terigu,kg,11/02/2026,11500
Jawa Tengah,Kab. Wonosobo,Kedelai Impor,kg,11/02/2026,9400
Jawa Tengah,Kab. Wonosobo,Cabai Merah Keriting,kg,11/02/2026,38333
Jawa Tengah,Kab. Wonosobo,Cabai Rawit Merah,kg,11/02/2026,68333
Jawa Tengah,Kab. Wonosobo,Cabai Merah Besar,kg,11/02/2026,0
Jawa Tengah,Kab. Wonosobo,Bawang Merah,kg,11/02/2026,37333
Jawa Tengah,Kab. Wonosobo,Bawang Putih Honan,kg,11/02/2026,35000
Jawa Tengah,Kab. Magelang,Beras Medium,kg,11/02/2026,13400
Jawa Tengah,Kab. Magelang,Beras Premium,kg,11/02/2026,14900
Jawa Tengah,Kab. Magelang,Gula Pasir Curah,kg,11/02/2026,17000
Jawa Tengah,Kab. Magelang,Minyak Goreng Sawit Kemasan Premium,lt,11/02/2026,20000
Jawa Tengah,Kab. Magelang,Minyak Goreng Sawit Curah,lt,11/02/2026,17800
Jawa Tengah,Kab. Magelang,Minyakita,lt,11/02/2026,15700
Jawa Tengah,Kab. Magelang,Daging Sapi Paha Belakang,kg,11/02/2026,138000
Jawa Tengah,Kab. Magelang,Daging Ayam Ras,kg,11/02/2026,36000
Jawa Tengah,Kab. Magelang,Telur Ayam Ras,kg,11/02/2026,28000
Jawa Tengah,Kab. Magelang,Tepung Terigu,kg,11/02/2026,11500
Jawa Tengah,Kab. Magelang,Kedelai Impor,kg,11/02/2026,11700
Jawa Tengah,Kab. Magelang,Cabai Merah Keriting,kg,11/02/2026,35000
Jawa Tengah,Kab. Magelang,Cabai Rawit Merah,kg,11/02/2026,75000
Jawa Tengah,Kab. Magelang,Cabai Merah Besar,kg,11/02/2026,40000
Jawa Tengah,Kab. Magelang,Bawang Merah,kg,11/02/2026,38000
Jawa Tengah,Kab. Magelang,Bawang Putih Honan,kg,11/02/2026,34000
Jawa Tengah,Kab. Boyolali,Beras Medium,kg,11/02/2026,13000
Jawa Tengah,Kab. Boyolali,Beras Premium,kg,11/02/2026,14867
Jawa Tengah,Kab. Boyolali,Gula Pasir Curah,kg,11/02/2026,16500
Jawa Tengah,Kab. Boyolali,Minyak Goreng Sawit Kemasan Premium,lt,11/02/2026,21000
Jawa Tengah,Kab. Boyolali,Minyak Goreng Sawit Curah,lt,11/02/2026,17500
Jawa Tengah,Kab. Boyolali,Minyakita,lt,11/02/2026,15700
Jawa Tengah,Kab. Boyolali,Daging Sapi Paha Belakang,kg,11/02/2026,130000
Jawa Tengah,Kab. Boyolali,Daging Ayam Ras,kg,11/02/2026,37667
Jawa Tengah,Kab. Boyolali,Telur Ayam Ras,kg,11/02/2026,28000
Jawa Tengah,Kab. Boyolali,Tepung Terigu,kg,11/02/2026,11667
Jawa Tengah,Kab. Boyolali,Kedelai Impor,kg,11/02/2026,11667
Jawa Tengah,Kab. Boyolali,Cabai Merah Keriting,kg,11/02/2026,38333
Jawa Tengah,Kab. Boyolali,Cabai Rawit Merah,kg,11/02/2026,85000
Jawa Tengah,Kab. Boyolali,Cabai Merah Besar,kg,11/02/2026,48333
Jawa Tengah,Kab. Boyolali,Bawang Merah,kg,11/02/2026,39333
Jawa Tengah,Kab. Boyolali,Bawang Putih Honan,kg,11/02/2026,33000
Jawa Tengah,Kab. Klaten,Beras Medium,kg,11/02/2026,13500
Jawa Tengah,Kab. Klaten,Beras Premium,kg,11/02/2026,14900
Jawa Tengah,Kab. Klaten,Gula Pasir Curah,kg,11/02/2026,17500
Jawa Tengah,Kab. Klaten,Minyak Goreng Sawit Kemasan Premium,lt,11/02/2026,21000
Jawa Tengah,Kab. Klaten,Minyak Goreng Sawit Curah,lt,11/02/2026,17500
Jawa Tengah,Kab. Klaten,Minyakita,lt,11/02/2026,15700
Jawa Tengah,Kab. Klaten,Daging Sapi Paha Belakang,kg,11/02/2026,123333
Jawa Tengah,Kab. Klaten,Daging Ayam Ras,kg,11/02/2026,37333
Jawa Tengah,Kab. Klaten,Telur Ayam Ras,kg,11/02/2026,27667
Jawa Tengah,Kab. Klaten,Tepung Terigu,kg,11/02/2026,11500
Jawa Tengah,Kab. Klaten,Kedelai Impor,kg,11/02/2026,10333
Jawa Tengah,Kab. Klaten,Cabai Merah Keriting,kg,11/02/2026,34333
Jawa Tengah,Kab. Klaten,Cabai Rawit Merah,kg,11/02/2026,70000
Jawa Tengah,Kab. Klaten,Cabai Merah Besar,kg,11/02/2026,46667
Jawa Tengah,Kab. Klaten,Bawang Merah,kg,11/02/2026,40000
Jawa Tengah,Kab. Klaten,Bawang Putih Honan,kg,11/02/2026,30000
Jawa Tengah,Kab. Sukoharjo,Beras Medium,kg,11/02/2026,13000
Jawa Tengah,Kab. Sukoharjo,Beras Premium,kg,11/02/2026,14500
Jawa Tengah,Kab. Sukoharjo,Gula Pasir Curah,kg,11/02/2026,17000
Jawa Tengah,Kab. Sukoharjo,Minyak Goreng Sawit Kemasan Premium,lt,11/02/2026,20667
Jawa Tengah,Kab. Sukoharjo,Minyak Goreng Sawit Curah,lt,11/02/2026,17000
Jawa Tengah,Kab. Sukoharjo,Minyakita,lt,11/02/2026,15700
Jawa Tengah,Kab. Sukoharjo,Daging Sapi Paha Belakang,kg,11/02/2026,125000
Jawa Tengah,Kab. Sukoharjo,Daging Ayam Ras,kg,11/02/2026,40000
Jawa Tengah,Kab. Sukoharjo,Telur Ayam Ras,kg,11/02/2026,28333
Jawa Tengah,Kab. Sukoharjo,Tepung Terigu,kg,11/02/2026,12000
Jawa Tengah,Kab. Sukoharjo,Kedelai Impor,kg,11/02/2026,10000
Jawa Tengah,Kab. Sukoharjo,Cabai Merah Keriting,kg,11/02/2026,38333
Jawa Tengah,Kab. Sukoharjo,Cabai Rawit Merah,kg,11/02/2026,88333
Jawa Tengah,Kab. Sukoharjo,Cabai Merah Besar,kg,11/02/2026,31667
Jawa Tengah,Kab. Sukoharjo,Bawang Merah,kg,11/02/2026,38000
Jawa Tengah,Kab. Sukoharjo,Bawang Putih Honan,kg,11/02/2026,33000
Jawa Tengah,Kab. Wonogiri,Beras Medium,kg,11/02/2026,13500
Jawa Tengah,Kab. Wonogiri,Beras Premium,kg,11/02/2026,14500
Jawa Tengah,Kab. Wonogiri,Gula Pasir Curah,kg,11/02/2026,17000
Jawa Tengah,Kab. Wonogiri,Minyak Goreng Sawit Kemasan Premium,lt,11/02/2026,21000
Jawa Tengah,Kab. Wonogiri,Minyak Goreng Sawit Curah,lt,11/02/2026,19700
Jawa Tengah,Kab. Wonogiri,Minyakita,lt,11/02/2026,15700
Jawa Tengah,Kab. Wonogiri,Daging Sapi Paha Belakang,kg,11/02/2026,130000
Jawa Tengah,Kab. Wonogiri,Daging Ayam Ras,kg,11/02/2026,40667
Jawa Tengah,Kab. Wonogiri,Telur Ayam Ras,kg,11/02/2026,29167
Jawa Tengah,Kab. Wonogiri,Tepung Terigu,kg,11/02/2026,11833
Jawa Tengah,Kab. Wonogiri,Kedelai Impor,kg,11/02/2026,11167
Jawa Tengah,Kab. Wonogiri,Cabai Merah Keriting,kg,11/02/2026,36000
Jawa Tengah,Kab. Wonogiri,Cabai Rawit Merah,kg,11/02/2026,85000
Jawa Tengah,Kab. Wonogiri,Cabai Merah Besar,kg,11/02/2026,27667
Jawa Tengah,Kab. Wonogiri,Bawang Merah,kg,11/02/2026,38000
Jawa Tengah,Kab. Wonogiri,Bawang Putih Honan,kg,11/02/2026,0
Jawa Tengah,Kab. Karanganyar,Beras Medium,kg,11/02/2026,13000
Jawa Tengah,Kab. Karanganyar,Beras Premium,kg,11/02/2026,14667
Jawa Tengah,Kab. Karanganyar,Gula Pasir Curah,kg,11/02/2026,16833
Jawa Tengah,Kab. Karanganyar,Minyak Goreng Sawit Kemasan Premium,lt,11/02/2026,20000
Jawa Tengah,Kab. Karanganyar,Minyak Goreng Sawit Curah,lt,11/02/2026,19000
Jawa Tengah,Kab. Karanganyar,Minyakita,lt,11/02/2026,15500
Jawa Tengah,Kab. Karanganyar,Daging Sapi Paha Belakang,kg,11/02/2026,125000
Jawa Tengah,Kab. Karanganyar,Daging Ayam Ras,kg,11/02/2026,40000
Jawa Tengah,Kab. Karanganyar,Telur Ayam Ras,kg,11/02/2026,26000
Jawa Tengah,Kab. Karanganyar,Tepung Terigu,kg,11/02/2026,12000
Jawa Tengah,Kab. Karanganyar,Kedelai Impor,kg,11/02/2026,9600
Jawa Tengah,Kab. Karanganyar,Cabai Merah Keriting,kg,11/02/2026,35000
Jawa Tengah,Kab. Karanganyar,Cabai Rawit Merah,kg,11/02/2026,90000
Jawa Tengah,Kab. Karanganyar,Cabai Merah Besar,kg,11/02/2026,30000
Jawa Tengah,Kab. Karanganyar,Bawang Merah,kg,11/02/2026,35000
Jawa Tengah,Kab. Karanganyar,Bawang Putih Honan,kg,11/02/2026,30000
Jawa Tengah,Kab. Sragen,Beras Medium,kg,11/02/2026,13400
Jawa Tengah,Kab. Sragen,Beras Premium,kg,11/02/2026,14400
Jawa Tengah,Kab. Sragen,Gula Pasir Curah,kg,11/02/2026,16750
Jawa Tengah,Kab. Sragen,Minyak Goreng Sawit Kemasan Premium,lt,11/02/2026,19750
Jawa Tengah,Kab. Sragen,Minyak Goreng Sawit Curah,lt,11/02/2026,18700
Jawa Tengah,Kab. Sragen,Minyakita,lt,11/02/2026,15700
Jawa Tengah,Kab. Sragen,Daging Sapi Paha Belakang,kg,11/02/2026,120000
Jawa Tengah,Kab. Sragen,Daging Ayam Ras,kg,11/02/2026,40000
Jawa Tengah,Kab. Sragen,Telur Ayam Ras,kg,11/02/2026,29500
Jawa Tengah,Kab. Sragen,Tepung Terigu,kg,11/02/2026,12000
Jawa Tengah,Kab. Sragen,Kedelai Impor,kg,11/02/2026,9600
Jawa Tengah,Kab. Sragen,Cabai Merah Keriting,kg,11/02/2026,35000
Jawa Tengah,Kab. Sragen,Cabai Rawit Merah,kg,11/02/2026,81000
Jawa Tengah,Kab. Sragen,Cabai Merah Besar,kg,11/02/2026,24000
Jawa Tengah,Kab. Sragen,Bawang Merah,kg,11/02/2026,38000
Jawa Tengah,Kab. Sragen,Bawang Putih Honan,kg,11/02/2026,32000
Jawa Tengah,Kab. Grobogan,Beras Medium,kg,11/02/2026,13000
Jawa Tengah,Kab. Grobogan,Beras Premium,kg,11/02/2026,14825
Jawa Tengah,Kab. Grobogan,Gula Pasir Curah,kg,11/02/2026,17000
Jawa Tengah,Kab. Grobogan,Minyak Goreng Sawit Kemasan Premium,lt,11/02/2026,19000
Jawa Tengah,Kab. Grobogan,Minyak Goreng Sawit Curah,lt,11/02/2026,16000
Jawa Tengah,Kab. Grobogan,Minyakita,lt,11/02/2026,15700
Jawa Tengah,Kab. Grobogan,Daging Sapi Paha Belakang,kg,11/02/2026,130000
Jawa Tengah,Kab. Grobogan,Daging Ayam Ras,kg,11/02/2026,39000
Jawa Tengah,Kab. Grobogan,Telur Ayam Ras,kg,11/02/2026,28000
Jawa Tengah,Kab. Grobogan,Tepung Terigu,kg,11/02/2026,10500
Jawa Tengah,Kab. Grobogan,Kedelai Impor,kg,11/02/2026,11000
Jawa Tengah,Kab. Grobogan,Cabai Merah Keriting,kg,11/02/2026,30000
Jawa Tengah,Kab. Grobogan,Cabai Rawit Merah,kg,11/02/2026,53500
Jawa Tengah,Kab. Grobogan,Cabai Merah Besar,kg,11/02/2026,50000
Jawa Tengah,Kab. Grobogan,Bawang Merah,kg,11/02/2026,34000
Jawa Tengah,Kab. Grobogan,Bawang Putih Honan,kg,11/02/2026,31000
Jawa Tengah,Kab. Blora,Beras Medium,kg,11/02/2026,11592
Jawa Tengah,Kab. Blora,Beras Premium,kg,11/02/2026,13525
Jawa Tengah,Kab. Blora,Gula Pasir Curah,kg,11/02/2026,16500
Jawa Tengah,Kab. Blora,Minyak Goreng Sawit Kemasan Premium,lt,11/02/2026,19300
Jawa Tengah,Kab. Blora,Minyak Goreng Sawit Curah,lt,11/02/2026,16300
Jawa Tengah,Kab. Blora,Minyakita,lt,11/02/2026,15700
Jawa Tengah,Kab. Blora,Daging Sapi Paha Belakang,kg,11/02/2026,125000
Jawa Tengah,Kab. Blora,Daging Ayam Ras,kg,11/02/2026,38000
Jawa Tengah,Kab. Blora,Telur Ayam Ras,kg,11/02/2026,28000
Jawa Tengah,Kab. Blora,Tepung Terigu,kg,11/02/2026,12300
Jawa Tengah,Kab. Blora,Kedelai Impor,kg,11/02/2026,11500
Jawa Tengah,Kab. Blora,Cabai Merah Keriting,kg,11/02/2026,29333
Jawa Tengah,Kab. Blora,Cabai Rawit Merah,kg,11/02/2026,45667
Jawa Tengah,Kab. Blora,Cabai Merah Besar,kg,11/02/2026,0
Jawa Tengah,Kab. Blora,Bawang Merah,kg,11/02/2026,32667
Jawa Tengah,Kab. Blora,Bawang Putih Honan,kg,11/02/2026,30667
Jawa Tengah,Kab. Rembang,Beras Medium,kg,11/02/2026,13333
Jawa Tengah,Kab. Rembang,Beras Premium,kg,11/02/2026,14900
Jawa Tengah,Kab. Rembang,Gula Pasir Curah,kg,11/02/2026,16333
Jawa Tengah,Kab. Rembang,Minyak Goreng Sawit Kemasan Premium,lt,11/02/2026,21000
Jawa Tengah,Kab. Rembang,Minyak Goreng Sawit Curah,lt,11/02/2026,18822
Jawa Tengah,Kab. Rembang,Minyakita,lt,11/02/2026,15633
Jawa Tengah,Kab. Rembang,Daging Sapi Paha Belakang,kg,11/02/2026,125000
Jawa Tengah,Kab. Rembang,Daging Ayam Ras,kg,11/02/2026,39667
Jawa Tengah,Kab. Rembang,Telur Ayam Ras,kg,11/02/2026,31000
Jawa Tengah,Kab. Rembang,Tepung Terigu,kg,11/02/2026,11500
Jawa Tengah,Kab. Rembang,Kedelai Impor,kg,11/02/2026,11167
Jawa Tengah,Kab. Rembang,Cabai Merah Keriting,kg,11/02/2026,30667
Jawa Tengah,Kab. Rembang,Cabai Rawit Merah,kg,11/02/2026,81667
Jawa Tengah,Kab. Rembang,Cabai Merah Besar,kg,11/02/2026,60000
Jawa Tengah,Kab. Rembang,Bawang Merah,kg,11/02/2026,40000
Jawa Tengah,Kab. Rembang,Bawang Putih Honan,kg,11/02/2026,34000
Jawa Tengah,Kab. Pati,Beras Medium,kg,11/02/2026,13500
Jawa Tengah,Kab. Pati,Beras Premium,kg,11/02/2026,14650
Jawa Tengah,Kab. Pati,Gula Pasir Curah,kg,11/02/2026,17000
Jawa Tengah,Kab. Pati,Minyak Goreng Sawit Kemasan Premium,lt,11/02/2026,20000
Jawa Tengah,Kab. Pati,Minyak Goreng Sawit Curah,lt,11/02/2026,18000
Jawa Tengah,Kab. Pati,Minyakita,lt,11/02/2026,15700
Jawa Tengah,Kab. Pati,Daging Sapi Paha Belakang,kg,11/02/2026,120000
Jawa Tengah,Kab. Pati,Daging Ayam Ras,kg,11/02/2026,40000
Jawa Tengah,Kab. Pati,Telur Ayam Ras,kg,11/02/2026,30000
Jawa Tengah,Kab. Pati,Tepung Terigu,kg,11/02/2026,12500
Jawa Tengah,Kab. Pati,Kedelai Impor,kg,11/02/2026,10500
Jawa Tengah,Kab. Pati,Cabai Merah Keriting,kg,11/02/2026,33000
Jawa Tengah,Kab. Pati,Cabai Rawit Merah,kg,11/02/2026,80000
Jawa Tengah,Kab. Pati,Cabai Merah Besar,kg,11/02/2026,50000
Jawa Tengah,Kab. Pati,Bawang Merah,kg,11/02/2026,35000
Jawa Tengah,Kab. Pati,Bawang Putih Honan,kg,11/02/2026,33000
Jawa Tengah,Kab. Kudus,Beras Medium,kg,11/02/2026,13500
Jawa Tengah,Kab. Kudus,Beras Premium,kg,11/02/2026,14900
Jawa Tengah,Kab. Kudus,Gula Pasir Curah,kg,11/02/2026,16500
Jawa Tengah,Kab. Kudus,Minyak Goreng Sawit Kemasan Premium,lt,11/02/2026,20000
Jawa Tengah,Kab. Kudus,Minyak Goreng Sawit Curah,lt,11/02/2026,17000
Jawa Tengah,Kab. Kudus,Minyakita,lt,11/02/2026,15700
Jawa Tengah,Kab. Kudus,Daging Sapi Paha Belakang,kg,11/02/2026,125000
Jawa Tengah,Kab. Kudus,Daging Ayam Ras,kg,11/02/2026,36000
Jawa Tengah,Kab. Kudus,Telur Ayam Ras,kg,11/02/2026,29000
Jawa Tengah,Kab. Kudus,Tepung Terigu,kg,11/02/2026,12000
Jawa Tengah,Kab. Kudus,Kedelai Impor,kg,11/02/2026,11500
Jawa Tengah,Kab. Kudus,Cabai Merah Keriting,kg,11/02/2026,30000
Jawa Tengah,Kab. Kudus,Cabai Rawit Merah,kg,11/02/2026,60000
Jawa Tengah,Kab. Kudus,Cabai Merah Besar,kg,11/02/2026,40000
Jawa Tengah,Kab. Kudus,Bawang Merah,kg,11/02/2026,38000
Jawa Tengah,Kab. Kudus,Bawang Putih Honan,kg,11/02/2026,0
Jawa Tengah,Kab. Jepara,Beras Medium,kg,11/02/2026,13000
Jawa Tengah,Kab. Jepara,Beras Premium,kg,11/02/2026,14900
Jawa Tengah,Kab. Jepara,Gula Pasir Curah,kg,11/02/2026,16500
Jawa Tengah,Kab. Jepara,Minyak Goreng Sawit Kemasan Premium,lt,11/02/2026,21000
Jawa Tengah,Kab. Jepara,Minyak Goreng Sawit Curah,lt,11/02/2026,17500
Jawa Tengah,Kab. Jepara,Minyakita,lt,11/02/2026,15700
Jawa Tengah,Kab. Jepara,Daging Sapi Paha Belakang,kg,11/02/2026,130000
Jawa Tengah,Kab. Jepara,Daging Ayam Ras,kg,11/02/2026,38000
Jawa Tengah,Kab. Jepara,Telur Ayam Ras,kg,11/02/2026,28000
Jawa Tengah,Kab. Jepara,Tepung Terigu,kg,11/02/2026,12000
Jawa Tengah,Kab. Jepara,Kedelai Impor,kg,11/02/2026,10500
Jawa Tengah,Kab. Jepara,Cabai Merah Keriting,kg,11/02/2026,32000
Jawa Tengah,Kab. Jepara,Cabai Rawit Merah,kg,11/02/2026,70000
Jawa Tengah,Kab. Jepara,Cabai Merah Besar,kg,11/02/2026,35000
Jawa Tengah,Kab. Jepara,Bawang Merah,kg,11/02/2026,35000
Jawa Tengah,Kab. Jepara,Bawang Putih Honan,kg,11/02/2026,32000
Jawa Tengah,Kab. Demak,Beras Medium,kg,11/02/2026,12800
Jawa Tengah,Kab. Demak,Beras Premium,kg,11/02/2026,14250
Jawa Tengah,Kab. Demak,Gula Pasir Curah,kg,11/02/2026,16500
Jawa Tengah,Kab. Demak,Minyak Goreng Sawit Kemasan Premium,lt,11/02/2026,20250
Jawa Tengah,Kab. Demak,Minyak Goreng Sawit Curah,lt,11/02/2026,16167
Jawa Tengah,Kab. Demak,Minyakita,lt,11/02/2026,15175
Jawa Tengah,Kab. Demak,Daging Sapi Paha Belakang,kg,11/02/2026,130000
Jawa Tengah,Kab. Demak,Daging Ayam Ras,kg,11/02/2026,35000
Jawa Tengah,Kab. Demak,Telur Ayam Ras,kg,11/02/2026,27500
Jawa Tengah,Kab. Demak,Tepung Terigu,kg,11/02/2026,11250
Jawa Tengah,Kab. Demak,Kedelai Impor,kg,11/02/2026,10000
Jawa Tengah,Kab. Demak,Cabai Merah Keriting,kg,11/02/2026,29333
Jawa Tengah,Kab. Demak,Cabai Rawit Merah,kg,11/02/2026,35333
Jawa Tengah,Kab. Demak,Cabai Merah Besar,kg,11/02/2026,33333
Jawa Tengah,Kab. Demak,Bawang Merah,kg,11/02/2026,33667
Jawa Tengah,Kab. Demak,Bawang Putih Honan,kg,11/02/2026,30000
Jawa Tengah,Kab. Semarang,Beras Medium,kg,11/02/2026,13583
Jawa Tengah,Kab. Semarang,Beras Premium,kg,11/02/2026,15117
Jawa Tengah,Kab. Semarang,Gula Pasir Curah,kg,11/02/2026,17250
Jawa Tengah,Kab. Semarang,Minyak Goreng Sawit Kemasan Premium,lt,11/02/2026,21167
Jawa Tengah,Kab. Semarang,Minyak Goreng Sawit Curah,lt,11/02/2026,18450
Jawa Tengah,Kab. Semarang,Minyakita,lt,11/02/2026,15600
Jawa Tengah,Kab. Semarang,Daging Sapi Paha Belakang,kg,11/02/2026,136667
Jawa Tengah,Kab. Semarang,Daging Ayam Ras,kg,11/02/2026,38833
Jawa Tengah,Kab. Semarang,Telur Ayam Ras,kg,11/02/2026,30000
Jawa Tengah,Kab. Semarang,Tepung Terigu,kg,11/02/2026,12000
Jawa Tengah,Kab. Semarang,Kedelai Impor,kg,11/02/2026,9750
Jawa Tengah,Kab. Semarang,Cabai Merah Keriting,kg,11/02/2026,41667
Jawa Tengah,Kab. Semarang,Cabai Rawit Merah,kg,11/02/2026,87500
Jawa Tengah,Kab. Semarang,Cabai Merah Besar,kg,11/02/2026,45833
Jawa Tengah,Kab. Semarang,Bawang Merah,kg,11/02/2026,40000
Jawa Tengah,Kab. Semarang,Bawang Putih Honan,kg,11/02/2026,35000
Jawa Tengah,Kab. Temanggung,Beras Medium,kg,11/02/2026,13500
Jawa Tengah,Kab. Temanggung,Beras Premium,kg,11/02/2026,14800
Jawa Tengah,Kab. Temanggung,Gula Pasir Curah,kg,11/02/2026,16750
Jawa Tengah,Kab. Temanggung,Minyak Goreng Sawit Kemasan Premium,lt,11/02/2026,19000
Jawa Tengah,Kab. Temanggung,Minyak Goreng Sawit Curah,lt,11/02/2026,19000
Jawa Tengah,Kab. Temanggung,Minyakita,lt,11/02/2026,15700
Jawa Tengah,Kab. Temanggung,Daging Sapi Paha Belakang,kg,11/02/2026,135000
Jawa Tengah,Kab. Temanggung,Daging Ayam Ras,kg,11/02/2026,37000
Jawa Tengah,Kab. Temanggung,Telur Ayam Ras,kg,11/02/2026,28000
Jawa Tengah,Kab. Temanggung,Tepung Terigu,kg,11/02/2026,11750
Jawa Tengah,Kab. Temanggung,Kedelai Impor,kg,11/02/2026,9600
Jawa Tengah,Kab. Temanggung,Cabai Merah Keriting,kg,11/02/2026,37000
Jawa Tengah,Kab. Temanggung,Cabai Rawit Merah,kg,11/02/2026,51375
Jawa Tengah,Kab. Temanggung,Cabai Merah Besar,kg,11/02/2026,47500
Jawa Tengah,Kab. Temanggung,Bawang Merah,kg,11/02/2026,37500
Jawa Tengah,Kab. Temanggung,Bawang Putih Honan,kg,11/02/2026,33500
Jawa Tengah,Kab. Kendal,Beras Medium,kg,11/02/2026,13400
Jawa Tengah,Kab. Kendal,Beras Premium,kg,11/02/2026,14900
Jawa Tengah,Kab. Kendal,Gula Pasir Curah,kg,11/02/2026,17167
Jawa Tengah,Kab. Kendal,Minyak Goreng Sawit Kemasan Premium,lt,11/02/2026,21000
Jawa Tengah,Kab. Kendal,Minyak Goreng Sawit Curah,lt,11/02/2026,17550
Jawa Tengah,Kab. Kendal,Minyakita,lt,11/02/2026,15700
Jawa Tengah,Kab. Kendal,Daging Sapi Paha Belakang,kg,11/02/2026,135000
Jawa Tengah,Kab. Kendal,Daging Ayam Ras,kg,11/02/2026,39000
Jawa Tengah,Kab. Kendal,Telur Ayam Ras,kg,11/02/2026,29500
Jawa Tengah,Kab. Kendal,Tepung Terigu,kg,11/02/2026,11500
Jawa Tengah,Kab. Kendal,Kedelai Impor,kg,11/02/2026,9700
Jawa Tengah,Kab. Kendal,Cabai Merah Keriting,kg,11/02/2026,34667
Jawa Tengah,Kab. Kendal,Cabai Rawit Merah,kg,11/02/2026,72000
Jawa Tengah,Kab. Kendal,Cabai Merah Besar,kg,11/02/2026,37000
Jawa Tengah,Kab. Kendal,Bawang Merah,kg,11/02/2026,35000
Jawa Tengah,Kab. Kendal,Bawang Putih Honan,kg,11/02/2026,32333
Jawa Tengah,Kab. Batang,Beras Medium,kg,11/02/2026,13200
Jawa Tengah,Kab. Batang,Beras Premium,kg,11/02/2026,14700
Jawa Tengah,Kab. Batang,Gula Pasir Curah,kg,11/02/2026,16500
Jawa Tengah,Kab. Batang,Minyak Goreng Sawit Kemasan Premium,lt,11/02/2026,19500
Jawa Tengah,Kab. Batang,Minyak Goreng Sawit Curah,lt,11/02/2026,17100
Jawa Tengah,Kab. Batang,Minyakita,lt,11/02/2026,15700
Jawa Tengah,Kab. Batang,Daging Sapi Paha Belakang,kg,11/02/2026,125000
Jawa Tengah,Kab. Batang,Daging Ayam Ras,kg,11/02/2026,39000
Jawa Tengah,Kab. Batang,Telur Ayam Ras,kg,11/02/2026,28000
Jawa Tengah,Kab. Batang,Tepung Terigu,kg,11/02/2026,11500
Jawa Tengah,Kab. Batang,Kedelai Impor,kg,11/02/2026,10400
Jawa Tengah,Kab. Batang,Cabai Merah Keriting,kg,11/02/2026,35000
Jawa Tengah,Kab. Batang,Cabai Rawit Merah,kg,11/02/2026,65000
Jawa Tengah,Kab. Batang,Cabai Merah Besar,kg,11/02/2026,34000
Jawa Tengah,Kab. Batang,Bawang Merah,kg,11/02/2026,36000
Jawa Tengah,Kab. Batang,Bawang Putih Honan,kg,11/02/2026,32000
Jawa Tengah,Kab. Pekalongan,Beras Medium,kg,11/02/2026,13200
Jawa Tengah,Kab. Pekalongan,Beras Premium,kg,11/02/2026,14500
Jawa Tengah,Kab. Pekalongan,Gula Pasir Curah,kg,11/02/2026,17000
Jawa Tengah,Kab. Pekalongan,Minyak Goreng Sawit Kemasan Premium,lt,11/02/2026,21000
Jawa Tengah,Kab. Pekalongan,Minyak Goreng Sawit Curah,lt,11/02/2026,17550
Jawa Tengah,Kab. Pekalongan,Minyakita,lt,11/02/2026,15700
Jawa Tengah,Kab. Pekalongan,Daging Sapi Paha Belakang,kg,11/02/2026,135000
Jawa Tengah,Kab. Pekalongan,Daging Ayam Ras,kg,11/02/2026,40000
Jawa Tengah,Kab. Pekalongan,Telur Ayam Ras,kg,11/02/2026,29000
Jawa Tengah,Kab. Pekalongan,Tepung Terigu,kg,11/02/2026,12000
Jawa Tengah,Kab. Pekalongan,Kedelai Impor,kg,11/02/2026,9800
Jawa Tengah,Kab. Pekalongan,Cabai Merah Keriting,kg,11/02/2026,42000
Jawa Tengah,Kab. Pekalongan,Cabai Rawit Merah,kg,11/02/2026,80000
Jawa Tengah,Kab. Pekalongan,Cabai Merah Besar,kg,11/02/2026,29000
Jawa Tengah,Kab. Pekalongan,Bawang Merah,kg,11/02/2026,38000
Jawa Tengah,Kab. Pekalongan,Bawang Putih Honan,kg,11/02/2026,33000
Jawa Tengah,Kab. Pemalang,Beras Medium,kg,11/02/2026,13000
Jawa Tengah,Kab. Pemalang,Beras Premium,kg,11/02/2026,14800
Jawa Tengah,Kab. Pemalang,Gula Pasir Curah,kg,11/02/2026,17167
Jawa Tengah,Kab. Pemalang,Minyak Goreng Sawit Kemasan Premium,lt,11/02/2026,21000
Jawa Tengah,Kab. Pemalang,Minyak Goreng Sawit Curah,lt,11/02/2026,17167
Jawa Tengah,Kab. Pemalang,Minyakita,lt,11/02/2026,15700
Jawa Tengah,Kab. Pemalang,Daging Sapi Paha Belakang,kg,11/02/2026,130000
Jawa Tengah,Kab. Pemalang,Daging Ayam Ras,kg,11/02/2026,42000
Jawa Tengah,Kab. Pemalang,Telur Ayam Ras,kg,11/02/2026,30000
Jawa Tengah,Kab. Pemalang,Tepung Terigu,kg,11/02/2026,12000
Jawa Tengah,Kab. Pemalang,Kedelai Impor,kg,11/02/2026,11500
Jawa Tengah,Kab. Pemalang,Cabai Merah Keriting,kg,11/02/2026,40333
Jawa Tengah,Kab. Pemalang,Cabai Rawit Merah,kg,11/02/2026,54667
Jawa Tengah,Kab. Pemalang,Cabai Merah Besar,kg,11/02/2026,29333
Jawa Tengah,Kab. Pemalang,Bawang Merah,kg,11/02/2026,39333
Jawa Tengah,Kab. Pemalang,Bawang Putih Honan,kg,11/02/2026,33667
Jawa Tengah,Kab. Tegal,Beras Medium,kg,11/02/2026,13000
Jawa Tengah,Kab. Tegal,Beras Premium,kg,11/02/2026,14000
Jawa Tengah,Kab. Tegal,Gula Pasir Curah,kg,11/02/2026,17000
Jawa Tengah,Kab. Tegal,Minyak Goreng Sawit Kemasan Premium,lt,11/02/2026,21167
Jawa Tengah,Kab. Tegal,Minyak Goreng Sawit Curah,lt,11/02/2026,17917
Jawa Tengah,Kab. Tegal,Minyakita,lt,11/02/2026,15700
Jawa Tengah,Kab. Tegal,Daging Sapi Paha Belakang,kg,11/02/2026,138333
Jawa Tengah,Kab. Tegal,Daging Ayam Ras,kg,11/02/2026,40667
Jawa Tengah,Kab. Tegal,Telur Ayam Ras,kg,11/02/2026,29667
Jawa Tengah,Kab. Tegal,Tepung Terigu,kg,11/02/2026,11167
Jawa Tengah,Kab. Tegal,Kedelai Impor,kg,11/02/2026,9867
Jawa Tengah,Kab. Tegal,Cabai Merah Keriting,kg,11/02/2026,40000
Jawa Tengah,Kab. Tegal,Cabai Rawit Merah,kg,11/02/2026,80000
Jawa Tengah,Kab. Tegal,Cabai Merah Besar,kg,11/02/2026,29000
Jawa Tengah,Kab. Tegal,Bawang Merah,kg,11/02/2026,37000
Jawa Tengah,Kab. Tegal,Bawang Putih Honan,kg,11/02/2026,30667
Jawa Tengah,Kab. Brebes,Beras Medium,kg,11/02/2026,13333
Jawa Tengah,Kab. Brebes,Beras Premium,kg,11/02/2026,14667
Jawa Tengah,Kab. Brebes,Gula Pasir Curah,kg,11/02/2026,16833
Jawa Tengah,Kab. Brebes,Minyak Goreng Sawit Kemasan Premium,lt,11/02/2026,20000
Jawa Tengah,Kab. Brebes,Minyak Goreng Sawit Curah,lt,11/02/2026,18250
Jawa Tengah,Kab. Brebes,Minyakita,lt,11/02/2026,15700
Jawa Tengah,Kab. Brebes,Daging Sapi Paha Belakang,kg,11/02/2026,135000
Jawa Tengah,Kab. Brebes,Daging Ayam Ras,kg,11/02/2026,38000
Jawa Tengah,Kab. Brebes,Telur Ayam Ras,kg,11/02/2026,30000
Jawa Tengah,Kab. Brebes,Tepung Terigu,kg,11/02/2026,11333
Jawa Tengah,Kab. Brebes,Kedelai Impor,kg,11/02/2026,0
Jawa Tengah,Kab. Brebes,Cabai Merah Keriting,kg,11/02/2026,35000
Jawa Tengah,Kab. Brebes,Cabai Rawit Merah,kg,11/02/2026,65000
Jawa Tengah,Kab. Brebes,Cabai Merah Besar,kg,11/02/2026,33000
Jawa Tengah,Kab. Brebes,Bawang Merah,kg,11/02/2026,35000
Jawa Tengah,Kab. Brebes,Bawang Putih Honan,kg,11/02/2026,35000
Jawa Tengah,Kota Magelang,Beras Medium,kg,11/02/2026,13500
Jawa Tengah,Kota Magelang,Beras Premium,kg,11/02/2026,14833
Jawa Tengah,Kota Magelang,Gula Pasir Curah,kg,11/02/2026,16833
Jawa Tengah,Kota Magelang,Minyak Goreng Sawit Kemasan Premium,lt,11/02/2026,20333
Jawa Tengah,Kota Magelang,Minyak Goreng Sawit Curah,lt,11/02/2026,16500
Jawa Tengah,Kota Magelang,Minyakita,lt,11/02/2026,15700
Jawa Tengah,Kota Magelang,Daging Sapi Paha Belakang,kg,11/02/2026,135000
Jawa Tengah,Kota Magelang,Daging Ayam Ras,kg,11/02/2026,37333
Jawa Tengah,Kota Magelang,Telur Ayam Ras,kg,11/02/2026,28333
Jawa Tengah,Kota Magelang,Tepung Terigu,kg,11/02/2026,12000
Jawa Tengah,Kota Magelang,Kedelai Impor,kg,11/02/2026,11000
Jawa Tengah,Kota Magelang,Cabai Merah Keriting,kg,11/02/2026,30000
Jawa Tengah,Kota Magelang,Cabai Rawit Merah,kg,11/02/2026,59333
Jawa Tengah,Kota Magelang,Cabai Merah Besar,kg,11/02/2026,43333
Jawa Tengah,Kota Magelang,Bawang Merah,kg,11/02/2026,36667
Jawa Tengah,Kota Magelang,Bawang Putih Honan,kg,11/02/2026,32667
Jawa Tengah,Kota Surakarta,Beras Medium,kg,11/02/2026,13500
Jawa Tengah,Kota Surakarta,Beras Premium,kg,11/02/2026,15750
Jawa Tengah,Kota Surakarta,Gula Pasir Curah,kg,11/02/2026,17000
Jawa Tengah,Kota Surakarta,Minyak Goreng Sawit Kemasan Premium,lt,11/02/2026,21000
Jawa Tengah,Kota Surakarta,Minyak Goreng Sawit Curah,lt,11/02/2026,19500
Jawa Tengah,Kota Surakarta,Minyakita,lt,11/02/2026,15700
Jawa Tengah,Kota Surakarta,Daging Sapi Paha Belakang,kg,11/02/2026,140000
Jawa Tengah,Kota Surakarta,Daging Ayam Ras,kg,11/02/2026,40000
Jawa Tengah,Kota Surakarta,Telur Ayam Ras,kg,11/02/2026,28500
Jawa Tengah,Kota Surakarta,Tepung Terigu,kg,11/02/2026,11250
Jawa Tengah,Kota Surakarta,Kedelai Impor,kg,11/02/2026,12000
Jawa Tengah,Kota Surakarta,Cabai Merah Keriting,kg,11/02/2026,32000
Jawa Tengah,Kota Surakarta,Cabai Rawit Merah,kg,11/02/2026,83000
Jawa Tengah,Kota Surakarta,Cabai Merah Besar,kg,11/02/2026,25000
Jawa Tengah,Kota Surakarta,Bawang Merah,kg,11/02/2026,36000
Jawa Tengah,Kota Surakarta,Bawang Putih Honan,kg,11/02/2026,29000
Jawa Tengah,Kota Salatiga,Beras Medium,kg,11/02/2026,13367
Jawa Tengah,Kota Salatiga,Beras Premium,kg,11/02/2026,14267
Jawa Tengah,Kota Salatiga,Gula Pasir Curah,kg,11/02/2026,17500
Jawa Tengah,Kota Salatiga,Minyak Goreng Sawit Kemasan Premium,lt,11/02/2026,22000
Jawa Tengah,Kota Salatiga,Minyak Goreng Sawit Curah,lt,11/02/2026,17100
Jawa Tengah,Kota Salatiga,Minyakita,lt,11/02/2026,15700
Jawa Tengah,Kota Salatiga,Daging Sapi Paha Belakang,kg,11/02/2026,120000
Jawa Tengah,Kota Salatiga,Daging Ayam Ras,kg,11/02/2026,39333
Jawa Tengah,Kota Salatiga,Telur Ayam Ras,kg,11/02/2026,29833
Jawa Tengah,Kota Salatiga,Tepung Terigu,kg,11/02/2026,12000
Jawa Tengah,Kota Salatiga,Kedelai Impor,kg,11/02/2026,12000
Jawa Tengah,Kota Salatiga,Cabai Merah Keriting,kg,11/02/2026,35000
Jawa Tengah,Kota Salatiga,Cabai Rawit Merah,kg,11/02/2026,78333
Jawa Tengah,Kota Salatiga,Cabai Merah Besar,kg,11/02/2026,35000
Jawa Tengah,Kota Salatiga,Bawang Merah,kg,11/02/2026,40000
Jawa Tengah,Kota Salatiga,Bawang Putih Honan,kg,11/02/2026,30667
Jawa Tengah,Kota Semarang,Beras Medium,kg,11/02/2026,13917
Jawa Tengah,Kota Semarang,Beras Premium,kg,11/02/2026,15292
Jawa Tengah,Kota Semarang,Gula Pasir Curah,kg,11/02/2026,17000
Jawa Tengah,Kota Semarang,Minyak Goreng Sawit Kemasan Premium,lt,11/02/2026,21333
Jawa Tengah,Kota Semarang,Minyak Goreng Sawit Curah,lt,11/02/2026,19917
Jawa Tengah,Kota Semarang,Minyakita,lt,11/02/2026,15700
Jawa Tengah,Kota Semarang,Daging Sapi Paha Belakang,kg,11/02/2026,130000
Jawa Tengah,Kota Semarang,Daging Ayam Ras,kg,11/02/2026,41000
Jawa Tengah,Kota Semarang,Telur Ayam Ras,kg,11/02/2026,30000
Jawa Tengah,Kota Semarang,Tepung Terigu,kg,11/02/2026,11750
Jawa Tengah,Kota Semarang,Kedelai Impor,kg,11/02/2026,0
Jawa Tengah,Kota Semarang,Cabai Merah Keriting,kg,11/02/2026,34833
Jawa Tengah,Kota Semarang,Cabai Rawit Merah,kg,11/02/2026,77333
Jawa Tengah,Kota Semarang,Cabai Merah Besar,kg,11/02/2026,34833
Jawa Tengah,Kota Semarang,Bawang Merah,kg,11/02/2026,41333
Jawa Tengah,Kota Semarang,Bawang Putih Honan,kg,11/02/2026,0
Jawa Tengah,Kota Pekalongan,Beras Medium,kg,11/02/2026,13500
Jawa Tengah,Kota Pekalongan,Beras Premium,kg,11/02/2026,14900
Jawa Tengah,Kota Pekalongan,Gula Pasir Curah,kg,11/02/2026,17000
Jawa Tengah,Kota Pekalongan,Minyak Goreng Sawit Kemasan Premium,lt,11/02/2026,21000
Jawa Tengah,Kota Pekalongan,Minyak Goreng Sawit Curah,lt,11/02/2026,18900
Jawa Tengah,Kota Pekalongan,Minyakita,lt,11/02/2026,15700
Jawa Tengah,Kota Pekalongan,Daging Sapi Paha Belakang,kg,11/02/2026,120000
Jawa Tengah,Kota Pekalongan,Daging Ayam Ras,kg,11/02/2026,42000
Jawa Tengah,Kota Pekalongan,Telur Ayam Ras,kg,11/02/2026,30000
Jawa Tengah,Kota Pekalongan,Tepung Terigu,kg,11/02/2026,11000
Jawa Tengah,Kota Pekalongan,Kedelai Impor,kg,11/02/2026,10000
Jawa Tengah,Kota Pekalongan,Cabai Merah Keriting,kg,11/02/2026,36000
Jawa Tengah,Kota Pekalongan,Cabai Rawit Merah,kg,11/02/2026,80000
Jawa Tengah,Kota Pekalongan,Cabai Merah Besar,kg,11/02/2026,32000
Jawa Tengah,Kota Pekalongan,Bawang Merah,kg,11/02/2026,39000
Jawa Tengah,Kota Pekalongan,Bawang Putih Honan,kg,11/02/2026,0
Jawa Tengah,Kota Tegal,Beras Medium,kg,11/02/2026,13000
Jawa Tengah,Kota Tegal,Beras Premium,kg,11/02/2026,14900
Jawa Tengah,Kota Tegal,Gula Pasir Curah,kg,11/02/2026,17167
Jawa Tengah,Kota Tegal,Minyak Goreng Sawit Kemasan Premium,lt,11/02/2026,21500
Jawa Tengah,Kota Tegal,Minyak Goreng Sawit Curah,lt,11/02/2026,17700
Jawa Tengah,Kota Tegal,Minyakita,lt,11/02/2026,15700
Jawa Tengah,Kota Tegal,Daging Sapi Paha Belakang,kg,11/02/2026,140000
Jawa Tengah,Kota Tegal,Daging Ayam Ras,kg,11/02/2026,41000
Jawa Tengah,Kota Tegal,Telur Ayam Ras,kg,11/02/2026,30167
Jawa Tengah,Kota Tegal,Tepung Terigu,kg,11/02/2026,11833
Jawa Tengah,Kota Tegal,Kedelai Impor,kg,11/02/2026,10500
Jawa Tengah,Kota Tegal,Cabai Merah Keriting,kg,11/02/2026,41667
Jawa Tengah,Kota Tegal,Cabai Rawit Merah,kg,11/02/2026,86667
Jawa Tengah,Kota Tegal,Cabai Merah Besar,kg,11/02/2026,31667
Jawa Tengah,Kota Tegal,Bawang Merah,kg,11/02/2026,38333
Jawa Tengah,Kota Tegal,Bawang Putih Honan,kg,11/02/2026,34667
Jawa Tengah,Kab. Cilacap,Beras Medium,kg,12/02/2026,13500
Jawa Tengah,Kab. Cilacap,Beras Premium,kg,12/02/2026,14500
Jawa Tengah,Kab. Cilacap,Gula Pasir Curah,kg,12/02/2026,17333
Jawa Tengah,Kab. Cilacap,Minyak Goreng Sawit Kemasan Premium,lt,12/02/2026,22000
Jawa Tengah,Kab. Cilacap,Minyak Goreng Sawit Curah,lt,12/02/2026,18000
Jawa Tengah,Kab. Cilacap,Minyakita,lt,12/02/2026,15700
Jawa Tengah,Kab. Cilacap,Daging Sapi Paha Belakang,kg,12/02/2026,135000
Jawa Tengah,Kab. Cilacap,Daging Ayam Ras,kg,12/02/2026,40000
Jawa Tengah,Kab. Cilacap,Telur Ayam Ras,kg,12/02/2026,29667
Jawa Tengah,Kab. Cilacap,Tepung Terigu,kg,12/02/2026,12000
Jawa Tengah,Kab. Cilacap,Kedelai Impor,kg,12/02/2026,11667
Jawa Tengah,Kab. Cilacap,Cabai Merah Keriting,kg,12/02/2026,39333
Jawa Tengah,Kab. Cilacap,Cabai Rawit Merah,kg,12/02/2026,76667
Jawa Tengah,Kab. Cilacap,Cabai Merah Besar,kg,12/02/2026,35000
Jawa Tengah,Kab. Cilacap,Bawang Merah,kg,12/02/2026,38000
Jawa Tengah,Kab. Cilacap,Bawang Putih Honan,kg,12/02/2026,33667
Jawa Tengah,Kab. Banyumas,Beras Medium,kg,12/02/2026,13250
Jawa Tengah,Kab. Banyumas,Beras Premium,kg,12/02/2026,14900
Jawa Tengah,Kab. Banyumas,Gula Pasir Curah,kg,12/02/2026,16833
Jawa Tengah,Kab. Banyumas,Minyak Goreng Sawit Kemasan Premium,lt,12/02/2026,21000
Jawa Tengah,Kab. Banyumas,Minyak Goreng Sawit Curah,lt,12/02/2026,18000
Jawa Tengah,Kab. Banyumas,Minyakita,lt,12/02/2026,15700
Jawa Tengah,Kab. Banyumas,Daging Sapi Paha Belakang,kg,12/02/2026,133333
Jawa Tengah,Kab. Banyumas,Daging Ayam Ras,kg,12/02/2026,38667
Jawa Tengah,Kab. Banyumas,Telur Ayam Ras,kg,12/02/2026,30500
Jawa Tengah,Kab. Banyumas,Tepung Terigu,kg,12/02/2026,12000
Jawa Tengah,Kab. Banyumas,Kedelai Impor,kg,12/02/2026,10000
Jawa Tengah,Kab. Banyumas,Cabai Merah Keriting,kg,12/02/2026,37333
Jawa Tengah,Kab. Banyumas,Cabai Rawit Merah,kg,12/02/2026,78667
Jawa Tengah,Kab. Banyumas,Cabai Merah Besar,kg,12/02/2026,31667
Jawa Tengah,Kab. Banyumas,Bawang Merah,kg,12/02/2026,41333
Jawa Tengah,Kab. Banyumas,Bawang Putih Honan,kg,12/02/2026,32000
Jawa Tengah,Kab. Purbalingga,Beras Medium,kg,12/02/2026,13000
Jawa Tengah,Kab. Purbalingga,Beras Premium,kg,12/02/2026,14200
Jawa Tengah,Kab. Purbalingga,Gula Pasir Curah,kg,12/02/2026,17000
Jawa Tengah,Kab. Purbalingga,Minyak Goreng Sawit Kemasan Premium,lt,12/02/2026,21000
Jawa Tengah,Kab. Purbalingga,Minyak Goreng Sawit Curah,lt,12/02/2026,17550
Jawa Tengah,Kab. Purbalingga,Minyakita,lt,12/02/2026,15700
Jawa Tengah,Kab. Purbalingga,Daging Sapi Paha Belakang,kg,12/02/2026,135000
Jawa Tengah,Kab. Purbalingga,Daging Ayam Ras,kg,12/02/2026,40000
Jawa Tengah,Kab. Purbalingga,Telur Ayam Ras,kg,12/02/2026,30000
Jawa Tengah,Kab. Purbalingga,Tepung Terigu,kg,12/02/2026,12000
Jawa Tengah,Kab. Purbalingga,Kedelai Impor,kg,12/02/2026,9800
Jawa Tengah,Kab. Purbalingga,Cabai Merah Keriting,kg,12/02/2026,42000
Jawa Tengah,Kab. Purbalingga,Cabai Rawit Merah,kg,12/02/2026,81000
Jawa Tengah,Kab. Purbalingga,Cabai Merah Besar,kg,12/02/2026,32000
Jawa Tengah,Kab. Purbalingga,Bawang Merah,kg,12/02/2026,40000
Jawa Tengah,Kab. Purbalingga,Bawang Putih Honan,kg,12/02/2026,33000
Jawa Tengah,Kab. Banjarnegara,Beras Medium,kg,12/02/2026,13333
Jawa Tengah,Kab. Banjarnegara,Beras Premium,kg,12/02/2026,14533
Jawa Tengah,Kab. Banjarnegara,Gula Pasir Curah,kg,12/02/2026,17000
Jawa Tengah,Kab. Banjarnegara,Minyak Goreng Sawit Kemasan Premium,lt,12/02/2026,20666
Jawa Tengah,Kab. Banjarnegara,Minyak Goreng Sawit Curah,lt,12/02/2026,18450
Jawa Tengah,Kab. Banjarnegara,Minyakita,lt,12/02/2026,15700
Jawa Tengah,Kab. Banjarnegara,Daging Sapi Paha Belakang,kg,12/02/2026,135000
Jawa Tengah,Kab. Banjarnegara,Daging Ayam Ras,kg,12/02/2026,40000
Jawa Tengah,Kab. Banjarnegara,Telur Ayam Ras,kg,12/02/2026,30000
Jawa Tengah,Kab. Banjarnegara,Tepung Terigu,kg,12/02/2026,11666
Jawa Tengah,Kab. Banjarnegara,Kedelai Impor,kg,12/02/2026,10433
Jawa Tengah,Kab. Banjarnegara,Cabai Merah Keriting,kg,12/02/2026,40000
Jawa Tengah,Kab. Banjarnegara,Cabai Rawit Merah,kg,12/02/2026,75000
Jawa Tengah,Kab. Banjarnegara,Cabai Merah Besar,kg,12/02/2026,0
Jawa Tengah,Kab. Banjarnegara,Bawang Merah,kg,12/02/2026,40000
Jawa Tengah,Kab. Banjarnegara,Bawang Putih Honan,kg,12/02/2026,33666
Jawa Tengah,Kab. Kebumen,Beras Medium,kg,12/02/2026,12250
Jawa Tengah,Kab. Kebumen,Beras Premium,kg,12/02/2026,14450
Jawa Tengah,Kab. Kebumen,Gula Pasir Curah,kg,12/02/2026,16000
Jawa Tengah,Kab. Kebumen,Minyak Goreng Sawit Kemasan Premium,lt,12/02/2026,20500
Jawa Tengah,Kab. Kebumen,Minyak Goreng Sawit Curah,lt,12/02/2026,17500
Jawa Tengah,Kab. Kebumen,Minyakita,lt,12/02/2026,15700
Jawa Tengah,Kab. Kebumen,Daging Sapi Paha Belakang,kg,12/02/2026,120000
Jawa Tengah,Kab. Kebumen,Daging Ayam Ras,kg,12/02/2026,33750
Jawa Tengah,Kab. Kebumen,Telur Ayam Ras,kg,12/02/2026,28000
Jawa Tengah,Kab. Kebumen,Tepung Terigu,kg,12/02/2026,11000
Jawa Tengah,Kab. Kebumen,Kedelai Impor,kg,12/02/2026,9500
Jawa Tengah,Kab. Kebumen,Cabai Merah Keriting,kg,12/02/2026,30667
Jawa Tengah,Kab. Kebumen,Cabai Rawit Merah,kg,12/02/2026,39333
Jawa Tengah,Kab. Kebumen,Cabai Merah Besar,kg,12/02/2026,31667
Jawa Tengah,Kab. Kebumen,Bawang Merah,kg,12/02/2026,35000
Jawa Tengah,Kab. Kebumen,Bawang Putih Honan,kg,12/02/2026,0
Jawa Tengah,Kab. Purworejo,Beras Medium,kg,12/02/2026,12800
Jawa Tengah,Kab. Purworejo,Beras Premium,kg,12/02/2026,14500
Jawa Tengah,Kab. Purworejo,Gula Pasir Curah,kg,12/02/2026,17333
Jawa Tengah,Kab. Purworejo,Minyak Goreng Sawit Kemasan Premium,lt,12/02/2026,20333
Jawa Tengah,Kab. Purworejo,Minyak Goreng Sawit Curah,lt,12/02/2026,17400
Jawa Tengah,Kab. Purworejo,Minyakita,lt,12/02/2026,15700
Jawa Tengah,Kab. Purworejo,Daging Sapi Paha Belakang,kg,12/02/2026,135500
Jawa Tengah,Kab. Purworejo,Daging Ayam Ras,kg,12/02/2026,40000
Jawa Tengah,Kab. Purworejo,Telur Ayam Ras,kg,12/02/2026,29667
Jawa Tengah,Kab. Purworejo,Tepung Terigu,kg,12/02/2026,11333
Jawa Tengah,Kab. Purworejo,Kedelai Impor,kg,12/02/2026,10000
Jawa Tengah,Kab. Purworejo,Cabai Merah Keriting,kg,12/02/2026,36667
Jawa Tengah,Kab. Purworejo,Cabai Rawit Merah,kg,12/02/2026,76667
Jawa Tengah,Kab. Purworejo,Cabai Merah Besar,kg,12/02/2026,37333
Jawa Tengah,Kab. Purworejo,Bawang Merah,kg,12/02/2026,42000
Jawa Tengah,Kab. Purworejo,Bawang Putih Honan,kg,12/02/2026,35000
Jawa Tengah,Kab. Wonosobo,Beras Medium,kg,12/02/2026,13000
Jawa Tengah,Kab. Wonosobo,Beras Premium,kg,12/02/2026,14867
Jawa Tengah,Kab. Wonosobo,Gula Pasir Curah,kg,12/02/2026,16933
Jawa Tengah,Kab. Wonosobo,Minyak Goreng Sawit Kemasan Premium,lt,12/02/2026,21500
Jawa Tengah,Kab. Wonosobo,Minyak Goreng Sawit Curah,lt,12/02/2026,16933
Jawa Tengah,Kab. Wonosobo,Minyakita,lt,12/02/2026,15700
Jawa Tengah,Kab. Wonosobo,Daging Sapi Paha Belakang,kg,12/02/2026,135000
Jawa Tengah,Kab. Wonosobo,Daging Ayam Ras,kg,12/02/2026,38000
Jawa Tengah,Kab. Wonosobo,Telur Ayam Ras,kg,12/02/2026,29667
Jawa Tengah,Kab. Wonosobo,Tepung Terigu,kg,12/02/2026,11500
Jawa Tengah,Kab. Wonosobo,Kedelai Impor,kg,12/02/2026,9400
Jawa Tengah,Kab. Wonosobo,Cabai Merah Keriting,kg,12/02/2026,40000
Jawa Tengah,Kab. Wonosobo,Cabai Rawit Merah,kg,12/02/2026,73333
Jawa Tengah,Kab. Wonosobo,Cabai Merah Besar,kg,12/02/2026,0
Jawa Tengah,Kab. Wonosobo,Bawang Merah,kg,12/02/2026,38000
Jawa Tengah,Kab. Wonosobo,Bawang Putih Honan,kg,12/02/2026,35000
Jawa Tengah,Kab. Magelang,Beras Medium,kg,12/02/2026,13400
Jawa Tengah,Kab. Magelang,Beras Premium,kg,12/02/2026,14900
Jawa Tengah,Kab. Magelang,Gula Pasir Curah,kg,12/02/2026,17000
Jawa Tengah,Kab. Magelang,Minyak Goreng Sawit Kemasan Premium,lt,12/02/2026,20000
Jawa Tengah,Kab. Magelang,Minyak Goreng Sawit Curah,lt,12/02/2026,17800
Jawa Tengah,Kab. Magelang,Minyakita,lt,12/02/2026,15700
Jawa Tengah,Kab. Magelang,Daging Sapi Paha Belakang,kg,12/02/2026,138000
Jawa Tengah,Kab. Magelang,Daging Ayam Ras,kg,12/02/2026,37000
Jawa Tengah,Kab. Magelang,Telur Ayam Ras,kg,12/02/2026,29000
Jawa Tengah,Kab. Magelang,Tepung Terigu,kg,12/02/2026,11500
Jawa Tengah,Kab. Magelang,Kedelai Impor,kg,12/02/2026,11700
Jawa Tengah,Kab. Magelang,Cabai Merah Keriting,kg,12/02/2026,35000
Jawa Tengah,Kab. Magelang,Cabai Rawit Merah,kg,12/02/2026,75000
Jawa Tengah,Kab. Magelang,Cabai Merah Besar,kg,12/02/2026,40000
Jawa Tengah,Kab. Magelang,Bawang Merah,kg,12/02/2026,38000
Jawa Tengah,Kab. Magelang,Bawang Putih Honan,kg,12/02/2026,34000
Jawa Tengah,Kab. Boyolali,Beras Medium,kg,12/02/2026,13000
Jawa Tengah,Kab. Boyolali,Beras Premium,kg,12/02/2026,14867
Jawa Tengah,Kab. Boyolali,Gula Pasir Curah,kg,12/02/2026,16500
Jawa Tengah,Kab. Boyolali,Minyak Goreng Sawit Kemasan Premium,lt,12/02/2026,21000
Jawa Tengah,Kab. Boyolali,Minyak Goreng Sawit Curah,lt,12/02/2026,17500
Jawa Tengah,Kab. Boyolali,Minyakita,lt,12/02/2026,15700
Jawa Tengah,Kab. Boyolali,Daging Sapi Paha Belakang,kg,12/02/2026,130000
Jawa Tengah,Kab. Boyolali,Daging Ayam Ras,kg,12/02/2026,39000
Jawa Tengah,Kab. Boyolali,Telur Ayam Ras,kg,12/02/2026,28000
Jawa Tengah,Kab. Boyolali,Tepung Terigu,kg,12/02/2026,11667
Jawa Tengah,Kab. Boyolali,Kedelai Impor,kg,12/02/2026,11667
Jawa Tengah,Kab. Boyolali,Cabai Merah Keriting,kg,12/02/2026,38333
Jawa Tengah,Kab. Boyolali,Cabai Rawit Merah,kg,12/02/2026,85000
Jawa Tengah,Kab. Boyolali,Cabai Merah Besar,kg,12/02/2026,50000
Jawa Tengah,Kab. Boyolali,Bawang Merah,kg,12/02/2026,39333
Jawa Tengah,Kab. Boyolali,Bawang Putih Honan,kg,12/02/2026,33000
Jawa Tengah,Kab. Klaten,Beras Medium,kg,12/02/2026,13500
Jawa Tengah,Kab. Klaten,Beras Premium,kg,12/02/2026,14900
Jawa Tengah,Kab. Klaten,Gula Pasir Curah,kg,12/02/2026,17500
Jawa Tengah,Kab. Klaten,Minyak Goreng Sawit Kemasan Premium,lt,12/02/2026,21000
Jawa Tengah,Kab. Klaten,Minyak Goreng Sawit Curah,lt,12/02/2026,17500
Jawa Tengah,Kab. Klaten,Minyakita,lt,12/02/2026,15700
Jawa Tengah,Kab. Klaten,Daging Sapi Paha Belakang,kg,12/02/2026,123333
Jawa Tengah,Kab. Klaten,Daging Ayam Ras,kg,12/02/2026,37667
Jawa Tengah,Kab. Klaten,Telur Ayam Ras,kg,12/02/2026,27833
Jawa Tengah,Kab. Klaten,Tepung Terigu,kg,12/02/2026,11500
Jawa Tengah,Kab. Klaten,Kedelai Impor,kg,12/02/2026,10333
Jawa Tengah,Kab. Klaten,Cabai Merah Keriting,kg,12/02/2026,35000
Jawa Tengah,Kab. Klaten,Cabai Rawit Merah,kg,12/02/2026,75000
Jawa Tengah,Kab. Klaten,Cabai Merah Besar,kg,12/02/2026,50000
Jawa Tengah,Kab. Klaten,Bawang Merah,kg,12/02/2026,40000
Jawa Tengah,Kab. Klaten,Bawang Putih Honan,kg,12/02/2026,30000
Jawa Tengah,Kab. Sukoharjo,Beras Medium,kg,12/02/2026,13000
Jawa Tengah,Kab. Sukoharjo,Beras Premium,kg,12/02/2026,14500
Jawa Tengah,Kab. Sukoharjo,Gula Pasir Curah,kg,12/02/2026,17000
Jawa Tengah,Kab. Sukoharjo,Minyak Goreng Sawit Kemasan Premium,lt,12/02/2026,20667
Jawa Tengah,Kab. Sukoharjo,Minyak Goreng Sawit Curah,lt,12/02/2026,17000
Jawa Tengah,Kab. Sukoharjo,Minyakita,lt,12/02/2026,15700
Jawa Tengah,Kab. Sukoharjo,Daging Sapi Paha Belakang,kg,12/02/2026,125000
Jawa Tengah,Kab. Sukoharjo,Daging Ayam Ras,kg,12/02/2026,40000
Jawa Tengah,Kab. Sukoharjo,Telur Ayam Ras,kg,12/02/2026,28333
Jawa Tengah,Kab. Sukoharjo,Tepung Terigu,kg,12/02/2026,12000
Jawa Tengah,Kab. Sukoharjo,Kedelai Impor,kg,12/02/2026,10000
Jawa Tengah,Kab. Sukoharjo,Cabai Merah Keriting,kg,12/02/2026,38333
Jawa Tengah,Kab. Sukoharjo,Cabai Rawit Merah,kg,12/02/2026,86667
Jawa Tengah,Kab. Sukoharjo,Cabai Merah Besar,kg,12/02/2026,31667
Jawa Tengah,Kab. Sukoharjo,Bawang Merah,kg,12/02/2026,38000
Jawa Tengah,Kab. Sukoharjo,Bawang Putih Honan,kg,12/02/2026,33000
Jawa Tengah,Kab. Wonogiri,Beras Medium,kg,12/02/2026,13500
Jawa Tengah,Kab. Wonogiri,Beras Premium,kg,12/02/2026,14500
Jawa Tengah,Kab. Wonogiri,Gula Pasir Curah,kg,12/02/2026,17000
Jawa Tengah,Kab. Wonogiri,Minyak Goreng Sawit Kemasan Premium,lt,12/02/2026,21000
Jawa Tengah,Kab. Wonogiri,Minyak Goreng Sawit Curah,lt,12/02/2026,19700
Jawa Tengah,Kab. Wonogiri,Minyakita,lt,12/02/2026,15700
Jawa Tengah,Kab. Wonogiri,Daging Sapi Paha Belakang,kg,12/02/2026,130000
Jawa Tengah,Kab. Wonogiri,Daging Ayam Ras,kg,12/02/2026,40667
Jawa Tengah,Kab. Wonogiri,Telur Ayam Ras,kg,12/02/2026,29667
Jawa Tengah,Kab. Wonogiri,Tepung Terigu,kg,12/02/2026,11833
Jawa Tengah,Kab. Wonogiri,Kedelai Impor,kg,12/02/2026,11167
Jawa Tengah,Kab. Wonogiri,Cabai Merah Keriting,kg,12/02/2026,35667
Jawa Tengah,Kab. Wonogiri,Cabai Rawit Merah,kg,12/02/2026,80667
Jawa Tengah,Kab. Wonogiri,Cabai Merah Besar,kg,12/02/2026,27000
Jawa Tengah,Kab. Wonogiri,Bawang Merah,kg,12/02/2026,39333
Jawa Tengah,Kab. Wonogiri,Bawang Putih Honan,kg,12/02/2026,0
Jawa Tengah,Kab. Karanganyar,Beras Medium,kg,12/02/2026,13000
Jawa Tengah,Kab. Karanganyar,Beras Premium,kg,12/02/2026,14667
Jawa Tengah,Kab. Karanganyar,Gula Pasir Curah,kg,12/02/2026,16833
Jawa Tengah,Kab. Karanganyar,Minyak Goreng Sawit Kemasan Premium,lt,12/02/2026,20000
Jawa Tengah,Kab. Karanganyar,Minyak Goreng Sawit Curah,lt,12/02/2026,19000
Jawa Tengah,Kab. Karanganyar,Minyakita,lt,12/02/2026,15500
Jawa Tengah,Kab. Karanganyar,Daging Sapi Paha Belakang,kg,12/02/2026,125000
Jawa Tengah,Kab. Karanganyar,Daging Ayam Ras,kg,12/02/2026,40000
Jawa Tengah,Kab. Karanganyar,Telur Ayam Ras,kg,12/02/2026,26000
Jawa Tengah,Kab. Karanganyar,Tepung Terigu,kg,12/02/2026,12000
Jawa Tengah,Kab. Karanganyar,Kedelai Impor,kg,12/02/2026,9600
Jawa Tengah,Kab. Karanganyar,Cabai Merah Keriting,kg,12/02/2026,40000
Jawa Tengah,Kab. Karanganyar,Cabai Rawit Merah,kg,12/02/2026,80000
Jawa Tengah,Kab. Karanganyar,Cabai Merah Besar,kg,12/02/2026,30000
Jawa Tengah,Kab. Karanganyar,Bawang Merah,kg,12/02/2026,35000
Jawa Tengah,Kab. Karanganyar,Bawang Putih Honan,kg,12/02/2026,30000
Jawa Tengah,Kab. Sragen,Beras Medium,kg,12/02/2026,13400
Jawa Tengah,Kab. Sragen,Beras Premium,kg,12/02/2026,14400
Jawa Tengah,Kab. Sragen,Gula Pasir Curah,kg,12/02/2026,16750
Jawa Tengah,Kab. Sragen,Minyak Goreng Sawit Kemasan Premium,lt,12/02/2026,19750
Jawa Tengah,Kab. Sragen,Minyak Goreng Sawit Curah,lt,12/02/2026,18700
Jawa Tengah,Kab. Sragen,Minyakita,lt,12/02/2026,15700
Jawa Tengah,Kab. Sragen,Daging Sapi Paha Belakang,kg,12/02/2026,120000
Jawa Tengah,Kab. Sragen,Daging Ayam Ras,kg,12/02/2026,40000
Jawa Tengah,Kab. Sragen,Telur Ayam Ras,kg,12/02/2026,29500
Jawa Tengah,Kab. Sragen,Tepung Terigu,kg,12/02/2026,12000
Jawa Tengah,Kab. Sragen,Kedelai Impor,kg,12/02/2026,9600
Jawa Tengah,Kab. Sragen,Cabai Merah Keriting,kg,12/02/2026,37000
Jawa Tengah,Kab. Sragen,Cabai Rawit Merah,kg,12/02/2026,79000
Jawa Tengah,Kab. Sragen,Cabai Merah Besar,kg,12/02/2026,26000
Jawa Tengah,Kab. Sragen,Bawang Merah,kg,12/02/2026,40000
Jawa Tengah,Kab. Sragen,Bawang Putih Honan,kg,12/02/2026,31333
Jawa Tengah,Kab. Grobogan,Beras Medium,kg,12/02/2026,13000
Jawa Tengah,Kab. Grobogan,Beras Premium,kg,12/02/2026,14825
Jawa Tengah,Kab. Grobogan,Gula Pasir Curah,kg,12/02/2026,17000
Jawa Tengah,Kab. Grobogan,Minyak Goreng Sawit Kemasan Premium,lt,12/02/2026,19000
Jawa Tengah,Kab. Grobogan,Minyak Goreng Sawit Curah,lt,12/02/2026,16000
Jawa Tengah,Kab. Grobogan,Minyakita,lt,12/02/2026,15700
Jawa Tengah,Kab. Grobogan,Daging Sapi Paha Belakang,kg,12/02/2026,130000
Jawa Tengah,Kab. Grobogan,Daging Ayam Ras,kg,12/02/2026,39000
Jawa Tengah,Kab. Grobogan,Telur Ayam Ras,kg,12/02/2026,28000
Jawa Tengah,Kab. Grobogan,Tepung Terigu,kg,12/02/2026,10500
Jawa Tengah,Kab. Grobogan,Kedelai Impor,kg,12/02/2026,11000
Jawa Tengah,Kab. Grobogan,Cabai Merah Keriting,kg,12/02/2026,30000
Jawa Tengah,Kab. Grobogan,Cabai Rawit Merah,kg,12/02/2026,53500
Jawa Tengah,Kab. Grobogan,Cabai Merah Besar,kg,12/02/2026,50000
Jawa Tengah,Kab. Grobogan,Bawang Merah,kg,12/02/2026,34000
Jawa Tengah,Kab. Grobogan,Bawang Putih Honan,kg,12/02/2026,31000
Jawa Tengah,Kab. Blora,Beras Medium,kg,12/02/2026,11592
Jawa Tengah,Kab. Blora,Beras Premium,kg,12/02/2026,13525
Jawa Tengah,Kab. Blora,Gula Pasir Curah,kg,12/02/2026,16500
Jawa Tengah,Kab. Blora,Minyak Goreng Sawit Kemasan Premium,lt,12/02/2026,19300
Jawa Tengah,Kab. Blora,Minyak Goreng Sawit Curah,lt,12/02/2026,16300
Jawa Tengah,Kab. Blora,Minyakita,lt,12/02/2026,15700
Jawa Tengah,Kab. Blora,Daging Sapi Paha Belakang,kg,12/02/2026,125000
Jawa Tengah,Kab. Blora,Daging Ayam Ras,kg,12/02/2026,39000
Jawa Tengah,Kab. Blora,Telur Ayam Ras,kg,12/02/2026,28000
Jawa Tengah,Kab. Blora,Tepung Terigu,kg,12/02/2026,12300
Jawa Tengah,Kab. Blora,Kedelai Impor,kg,12/02/2026,11500
Jawa Tengah,Kab. Blora,Cabai Merah Keriting,kg,12/02/2026,29333
Jawa Tengah,Kab. Blora,Cabai Rawit Merah,kg,12/02/2026,50333
Jawa Tengah,Kab. Blora,Cabai Merah Besar,kg,12/02/2026,0
Jawa Tengah,Kab. Blora,Bawang Merah,kg,12/02/2026,33667
Jawa Tengah,Kab. Blora,Bawang Putih Honan,kg,12/02/2026,30333
Jawa Tengah,Kab. Rembang,Beras Medium,kg,12/02/2026,13333
Jawa Tengah,Kab. Rembang,Beras Premium,kg,12/02/2026,14900
Jawa Tengah,Kab. Rembang,Gula Pasir Curah,kg,12/02/2026,16333
Jawa Tengah,Kab. Rembang,Minyak Goreng Sawit Kemasan Premium,lt,12/02/2026,21000
Jawa Tengah,Kab. Rembang,Minyak Goreng Sawit Curah,lt,12/02/2026,18822
Jawa Tengah,Kab. Rembang,Minyakita,lt,12/02/2026,15633
Jawa Tengah,Kab. Rembang,Daging Sapi Paha Belakang,kg,12/02/2026,125000
Jawa Tengah,Kab. Rembang,Daging Ayam Ras,kg,12/02/2026,39667
Jawa Tengah,Kab. Rembang,Telur Ayam Ras,kg,12/02/2026,31000
Jawa Tengah,Kab. Rembang,Tepung Terigu,kg,12/02/2026,11500
Jawa Tengah,Kab. Rembang,Kedelai Impor,kg,12/02/2026,11167
Jawa Tengah,Kab. Rembang,Cabai Merah Keriting,kg,12/02/2026,30667
Jawa Tengah,Kab. Rembang,Cabai Rawit Merah,kg,12/02/2026,81667
Jawa Tengah,Kab. Rembang,Cabai Merah Besar,kg,12/02/2026,60000
Jawa Tengah,Kab. Rembang,Bawang Merah,kg,12/02/2026,40000
Jawa Tengah,Kab. Rembang,Bawang Putih Honan,kg,12/02/2026,34000
Jawa Tengah,Kab. Pati,Beras Medium,kg,12/02/2026,13500
Jawa Tengah,Kab. Pati,Beras Premium,kg,12/02/2026,14650
Jawa Tengah,Kab. Pati,Gula Pasir Curah,kg,12/02/2026,17000
Jawa Tengah,Kab. Pati,Minyak Goreng Sawit Kemasan Premium,lt,12/02/2026,20000
Jawa Tengah,Kab. Pati,Minyak Goreng Sawit Curah,lt,12/02/2026,18000
Jawa Tengah,Kab. Pati,Minyakita,lt,12/02/2026,15700
Jawa Tengah,Kab. Pati,Daging Sapi Paha Belakang,kg,12/02/2026,120000
Jawa Tengah,Kab. Pati,Daging Ayam Ras,kg,12/02/2026,40000
Jawa Tengah,Kab. Pati,Telur Ayam Ras,kg,12/02/2026,30000
Jawa Tengah,Kab. Pati,Tepung Terigu,kg,12/02/2026,12500
Jawa Tengah,Kab. Pati,Kedelai Impor,kg,12/02/2026,10500
Jawa Tengah,Kab. Pati,Cabai Merah Keriting,kg,12/02/2026,35000
Jawa Tengah,Kab. Pati,Cabai Rawit Merah,kg,12/02/2026,80000
Jawa Tengah,Kab. Pati,Cabai Merah Besar,kg,12/02/2026,50000
Jawa Tengah,Kab. Pati,Bawang Merah,kg,12/02/2026,40000
Jawa Tengah,Kab. Pati,Bawang Putih Honan,kg,12/02/2026,33000
Jawa Tengah,Kab. Kudus,Beras Medium,kg,12/02/2026,13500
Jawa Tengah,Kab. Kudus,Beras Premium,kg,12/02/2026,14900
Jawa Tengah,Kab. Kudus,Gula Pasir Curah,kg,12/02/2026,16500
Jawa Tengah,Kab. Kudus,Minyak Goreng Sawit Kemasan Premium,lt,12/02/2026,20000
Jawa Tengah,Kab. Kudus,Minyak Goreng Sawit Curah,lt,12/02/2026,17000
Jawa Tengah,Kab. Kudus,Minyakita,lt,12/02/2026,15700
Jawa Tengah,Kab. Kudus,Daging Sapi Paha Belakang,kg,12/02/2026,125000
Jawa Tengah,Kab. Kudus,Daging Ayam Ras,kg,12/02/2026,36000
Jawa Tengah,Kab. Kudus,Telur Ayam Ras,kg,12/02/2026,29000
Jawa Tengah,Kab. Kudus,Tepung Terigu,kg,12/02/2026,12000
Jawa Tengah,Kab. Kudus,Kedelai Impor,kg,12/02/2026,11500
Jawa Tengah,Kab. Kudus,Cabai Merah Keriting,kg,12/02/2026,30000
Jawa Tengah,Kab. Kudus,Cabai Rawit Merah,kg,12/02/2026,65000
Jawa Tengah,Kab. Kudus,Cabai Merah Besar,kg,12/02/2026,40000
Jawa Tengah,Kab. Kudus,Bawang Merah,kg,12/02/2026,41000
Jawa Tengah,Kab. Kudus,Bawang Putih Honan,kg,12/02/2026,0
Jawa Tengah,Kab. Jepara,Beras Medium,kg,12/02/2026,13000
Jawa Tengah,Kab. Jepara,Beras Premium,kg,12/02/2026,14900
Jawa Tengah,Kab. Jepara,Gula Pasir Curah,kg,12/02/2026,16500
Jawa Tengah,Kab. Jepara,Minyak Goreng Sawit Kemasan Premium,lt,12/02/2026,21000
Jawa Tengah,Kab. Jepara,Minyak Goreng Sawit Curah,lt,12/02/2026,17500
Jawa Tengah,Kab. Jepara,Minyakita,lt,12/02/2026,15700
Jawa Tengah,Kab. Jepara,Daging Sapi Paha Belakang,kg,12/02/2026,130000
Jawa Tengah,Kab. Jepara,Daging Ayam Ras,kg,12/02/2026,38000
Jawa Tengah,Kab. Jepara,Telur Ayam Ras,kg,12/02/2026,28000
Jawa Tengah,Kab. Jepara,Tepung Terigu,kg,12/02/2026,12000
Jawa Tengah,Kab. Jepara,Kedelai Impor,kg,12/02/2026,10500
Jawa Tengah,Kab. Jepara,Cabai Merah Keriting,kg,12/02/2026,32000
Jawa Tengah,Kab. Jepara,Cabai Rawit Merah,kg,12/02/2026,70000
Jawa Tengah,Kab. Jepara,Cabai Merah Besar,kg,12/02/2026,35000
Jawa Tengah,Kab. Jepara,Bawang Merah,kg,12/02/2026,35000
Jawa Tengah,Kab. Jepara,Bawang Putih Honan,kg,12/02/2026,32000
Jawa Tengah,Kab. Demak,Beras Medium,kg,12/02/2026,12800
Jawa Tengah,Kab. Demak,Beras Premium,kg,12/02/2026,14250
Jawa Tengah,Kab. Demak,Gula Pasir Curah,kg,12/02/2026,16500
Jawa Tengah,Kab. Demak,Minyak Goreng Sawit Kemasan Premium,lt,12/02/2026,20250
Jawa Tengah,Kab. Demak,Minyak Goreng Sawit Curah,lt,12/02/2026,16167
Jawa Tengah,Kab. Demak,Minyakita,lt,12/02/2026,15350
Jawa Tengah,Kab. Demak,Daging Sapi Paha Belakang,kg,12/02/2026,130000
Jawa Tengah,Kab. Demak,Daging Ayam Ras,kg,12/02/2026,35000
Jawa Tengah,Kab. Demak,Telur Ayam Ras,kg,12/02/2026,27500
Jawa Tengah,Kab. Demak,Tepung Terigu,kg,12/02/2026,11250
Jawa Tengah,Kab. Demak,Kedelai Impor,kg,12/02/2026,10000
Jawa Tengah,Kab. Demak,Cabai Merah Keriting,kg,12/02/2026,29333
Jawa Tengah,Kab. Demak,Cabai Rawit Merah,kg,12/02/2026,35333
Jawa Tengah,Kab. Demak,Cabai Merah Besar,kg,12/02/2026,33333
Jawa Tengah,Kab. Demak,Bawang Merah,kg,12/02/2026,33667
Jawa Tengah,Kab. Demak,Bawang Putih Honan,kg,12/02/2026,30000
Jawa Tengah,Kab. Semarang,Beras Medium,kg,12/02/2026,13583
Jawa Tengah,Kab. Semarang,Beras Premium,kg,12/02/2026,15117
Jawa Tengah,Kab. Semarang,Gula Pasir Curah,kg,12/02/2026,17250
Jawa Tengah,Kab. Semarang,Minyak Goreng Sawit Kemasan Premium,lt,12/02/2026,21167
Jawa Tengah,Kab. Semarang,Minyak Goreng Sawit Curah,lt,12/02/2026,18450
Jawa Tengah,Kab. Semarang,Minyakita,lt,12/02/2026,15600
Jawa Tengah,Kab. Semarang,Daging Sapi Paha Belakang,kg,12/02/2026,136667
Jawa Tengah,Kab. Semarang,Daging Ayam Ras,kg,12/02/2026,37167
Jawa Tengah,Kab. Semarang,Telur Ayam Ras,kg,12/02/2026,30000
Jawa Tengah,Kab. Semarang,Tepung Terigu,kg,12/02/2026,12000
Jawa Tengah,Kab. Semarang,Kedelai Impor,kg,12/02/2026,9950
Jawa Tengah,Kab. Semarang,Cabai Merah Keriting,kg,12/02/2026,42500
Jawa Tengah,Kab. Semarang,Cabai Rawit Merah,kg,12/02/2026,82500
Jawa Tengah,Kab. Semarang,Cabai Merah Besar,kg,12/02/2026,37500
Jawa Tengah,Kab. Semarang,Bawang Merah,kg,12/02/2026,40833
Jawa Tengah,Kab. Semarang,Bawang Putih Honan,kg,12/02/2026,35000
Jawa Tengah,Kab. Temanggung,Beras Medium,kg,12/02/2026,13500
Jawa Tengah,Kab. Temanggung,Beras Premium,kg,12/02/2026,14800
Jawa Tengah,Kab. Temanggung,Gula Pasir Curah,kg,12/02/2026,16750
Jawa Tengah,Kab. Temanggung,Minyak Goreng Sawit Kemasan Premium,lt,12/02/2026,19000
Jawa Tengah,Kab. Temanggung,Minyak Goreng Sawit Curah,lt,12/02/2026,19000
Jawa Tengah,Kab. Temanggung,Minyakita,lt,12/02/2026,15700
Jawa Tengah,Kab. Temanggung,Daging Sapi Paha Belakang,kg,12/02/2026,135000
Jawa Tengah,Kab. Temanggung,Daging Ayam Ras,kg,12/02/2026,38500
Jawa Tengah,Kab. Temanggung,Telur Ayam Ras,kg,12/02/2026,29000
Jawa Tengah,Kab. Temanggung,Tepung Terigu,kg,12/02/2026,11750
Jawa Tengah,Kab. Temanggung,Kedelai Impor,kg,12/02/2026,9600
Jawa Tengah,Kab. Temanggung,Cabai Merah Keriting,kg,12/02/2026,38500
Jawa Tengah,Kab. Temanggung,Cabai Rawit Merah,kg,12/02/2026,53375
Jawa Tengah,Kab. Temanggung,Cabai Merah Besar,kg,12/02/2026,47500
Jawa Tengah,Kab. Temanggung,Bawang Merah,kg,12/02/2026,38000
Jawa Tengah,Kab. Temanggung,Bawang Putih Honan,kg,12/02/2026,33500
Jawa Tengah,Kab. Kendal,Beras Medium,kg,12/02/2026,13400
Jawa Tengah,Kab. Kendal,Beras Premium,kg,12/02/2026,14900
Jawa Tengah,Kab. Kendal,Gula Pasir Curah,kg,12/02/2026,17167
Jawa Tengah,Kab. Kendal,Minyak Goreng Sawit Kemasan Premium,lt,12/02/2026,21000
Jawa Tengah,Kab. Kendal,Minyak Goreng Sawit Curah,lt,12/02/2026,17550
Jawa Tengah,Kab. Kendal,Minyakita,lt,12/02/2026,15700
Jawa Tengah,Kab. Kendal,Daging Sapi Paha Belakang,kg,12/02/2026,135000
Jawa Tengah,Kab. Kendal,Daging Ayam Ras,kg,12/02/2026,39000
Jawa Tengah,Kab. Kendal,Telur Ayam Ras,kg,12/02/2026,29500
Jawa Tengah,Kab. Kendal,Tepung Terigu,kg,12/02/2026,11500
Jawa Tengah,Kab. Kendal,Kedelai Impor,kg,12/02/2026,9700
Jawa Tengah,Kab. Kendal,Cabai Merah Keriting,kg,12/02/2026,35333
Jawa Tengah,Kab. Kendal,Cabai Rawit Merah,kg,12/02/2026,72000
Jawa Tengah,Kab. Kendal,Cabai Merah Besar,kg,12/02/2026,37000
Jawa Tengah,Kab. Kendal,Bawang Merah,kg,12/02/2026,35000
Jawa Tengah,Kab. Kendal,Bawang Putih Honan,kg,12/02/2026,32333
Jawa Tengah,Kab. Batang,Beras Medium,kg,12/02/2026,13200
Jawa Tengah,Kab. Batang,Beras Premium,kg,12/02/2026,14700
Jawa Tengah,Kab. Batang,Gula Pasir Curah,kg,12/02/2026,16500
Jawa Tengah,Kab. Batang,Minyak Goreng Sawit Kemasan Premium,lt,12/02/2026,19500
Jawa Tengah,Kab. Batang,Minyak Goreng Sawit Curah,lt,12/02/2026,17100
Jawa Tengah,Kab. Batang,Minyakita,lt,12/02/2026,15700
Jawa Tengah,Kab. Batang,Daging Sapi Paha Belakang,kg,12/02/2026,125000
Jawa Tengah,Kab. Batang,Daging Ayam Ras,kg,12/02/2026,39000
Jawa Tengah,Kab. Batang,Telur Ayam Ras,kg,12/02/2026,29000
Jawa Tengah,Kab. Batang,Tepung Terigu,kg,12/02/2026,11500
Jawa Tengah,Kab. Batang,Kedelai Impor,kg,12/02/2026,10400
Jawa Tengah,Kab. Batang,Cabai Merah Keriting,kg,12/02/2026,36000
Jawa Tengah,Kab. Batang,Cabai Rawit Merah,kg,12/02/2026,65000
Jawa Tengah,Kab. Batang,Cabai Merah Besar,kg,12/02/2026,35000
Jawa Tengah,Kab. Batang,Bawang Merah,kg,12/02/2026,36000
Jawa Tengah,Kab. Batang,Bawang Putih Honan,kg,12/02/2026,32000
Jawa Tengah,Kab. Pekalongan,Beras Medium,kg,12/02/2026,13200
Jawa Tengah,Kab. Pekalongan,Beras Premium,kg,12/02/2026,14500
Jawa Tengah,Kab. Pekalongan,Gula Pasir Curah,kg,12/02/2026,17000
Jawa Tengah,Kab. Pekalongan,Minyak Goreng Sawit Kemasan Premium,lt,12/02/2026,21000
Jawa Tengah,Kab. Pekalongan,Minyak Goreng Sawit Curah,lt,12/02/2026,17550
Jawa Tengah,Kab. Pekalongan,Minyakita,lt,12/02/2026,15700
Jawa Tengah,Kab. Pekalongan,Daging Sapi Paha Belakang,kg,12/02/2026,135000
Jawa Tengah,Kab. Pekalongan,Daging Ayam Ras,kg,12/02/2026,40000
Jawa Tengah,Kab. Pekalongan,Telur Ayam Ras,kg,12/02/2026,29000
Jawa Tengah,Kab. Pekalongan,Tepung Terigu,kg,12/02/2026,12000
Jawa Tengah,Kab. Pekalongan,Kedelai Impor,kg,12/02/2026,9800
Jawa Tengah,Kab. Pekalongan,Cabai Merah Keriting,kg,12/02/2026,40000
Jawa Tengah,Kab. Pekalongan,Cabai Rawit Merah,kg,12/02/2026,80000
Jawa Tengah,Kab. Pekalongan,Cabai Merah Besar,kg,12/02/2026,29000
Jawa Tengah,Kab. Pekalongan,Bawang Merah,kg,12/02/2026,38000
Jawa Tengah,Kab. Pekalongan,Bawang Putih Honan,kg,12/02/2026,33000
Jawa Tengah,Kab. Pemalang,Beras Medium,kg,12/02/2026,13000
Jawa Tengah,Kab. Pemalang,Beras Premium,kg,12/02/2026,14800
Jawa Tengah,Kab. Pemalang,Gula Pasir Curah,kg,12/02/2026,17167
Jawa Tengah,Kab. Pemalang,Minyak Goreng Sawit Kemasan Premium,lt,12/02/2026,21000
Jawa Tengah,Kab. Pemalang,Minyak Goreng Sawit Curah,lt,12/02/2026,17167
Jawa Tengah,Kab. Pemalang,Minyakita,lt,12/02/2026,15700
Jawa Tengah,Kab. Pemalang,Daging Sapi Paha Belakang,kg,12/02/2026,130000
Jawa Tengah,Kab. Pemalang,Daging Ayam Ras,kg,12/02/2026,42000
Jawa Tengah,Kab. Pemalang,Telur Ayam Ras,kg,12/02/2026,30000
Jawa Tengah,Kab. Pemalang,Tepung Terigu,kg,12/02/2026,12000
Jawa Tengah,Kab. Pemalang,Kedelai Impor,kg,12/02/2026,11500
Jawa Tengah,Kab. Pemalang,Cabai Merah Keriting,kg,12/02/2026,40333
Jawa Tengah,Kab. Pemalang,Cabai Rawit Merah,kg,12/02/2026,55667
Jawa Tengah,Kab. Pemalang,Cabai Merah Besar,kg,12/02/2026,29333
Jawa Tengah,Kab. Pemalang,Bawang Merah,kg,12/02/2026,39333
Jawa Tengah,Kab. Pemalang,Bawang Putih Honan,kg,12/02/2026,33333
Jawa Tengah,Kab. Tegal,Beras Medium,kg,12/02/2026,13000
Jawa Tengah,Kab. Tegal,Beras Premium,kg,12/02/2026,14000
Jawa Tengah,Kab. Tegal,Gula Pasir Curah,kg,12/02/2026,16833
Jawa Tengah,Kab. Tegal,Minyak Goreng Sawit Kemasan Premium,lt,12/02/2026,21167
Jawa Tengah,Kab. Tegal,Minyak Goreng Sawit Curah,lt,12/02/2026,17833
Jawa Tengah,Kab. Tegal,Minyakita,lt,12/02/2026,15700
Jawa Tengah,Kab. Tegal,Daging Sapi Paha Belakang,kg,12/02/2026,138333
Jawa Tengah,Kab. Tegal,Daging Ayam Ras,kg,12/02/2026,43000
Jawa Tengah,Kab. Tegal,Telur Ayam Ras,kg,12/02/2026,29667
Jawa Tengah,Kab. Tegal,Tepung Terigu,kg,12/02/2026,11167
Jawa Tengah,Kab. Tegal,Kedelai Impor,kg,12/02/2026,9933
Jawa Tengah,Kab. Tegal,Cabai Merah Keriting,kg,12/02/2026,38000
Jawa Tengah,Kab. Tegal,Cabai Rawit Merah,kg,12/02/2026,77500
Jawa Tengah,Kab. Tegal,Cabai Merah Besar,kg,12/02/2026,26500
Jawa Tengah,Kab. Tegal,Bawang Merah,kg,12/02/2026,39333
Jawa Tengah,Kab. Tegal,Bawang Putih Honan,kg,12/02/2026,30667
Jawa Tengah,Kab. Brebes,Beras Medium,kg,12/02/2026,13333
Jawa Tengah,Kab. Brebes,Beras Premium,kg,12/02/2026,14667
Jawa Tengah,Kab. Brebes,Gula Pasir Curah,kg,12/02/2026,17000
Jawa Tengah,Kab. Brebes,Minyak Goreng Sawit Kemasan Premium,lt,12/02/2026,20333
Jawa Tengah,Kab. Brebes,Minyak Goreng Sawit Curah,lt,12/02/2026,18283
Jawa Tengah,Kab. Brebes,Minyakita,lt,12/02/2026,15700
Jawa Tengah,Kab. Brebes,Daging Sapi Paha Belakang,kg,12/02/2026,135000
Jawa Tengah,Kab. Brebes,Daging Ayam Ras,kg,12/02/2026,38000
Jawa Tengah,Kab. Brebes,Telur Ayam Ras,kg,12/02/2026,30000
Jawa Tengah,Kab. Brebes,Tepung Terigu,kg,12/02/2026,11667
Jawa Tengah,Kab. Brebes,Kedelai Impor,kg,12/02/2026,0
Jawa Tengah,Kab. Brebes,Cabai Merah Keriting,kg,12/02/2026,35333
Jawa Tengah,Kab. Brebes,Cabai Rawit Merah,kg,12/02/2026,65000
Jawa Tengah,Kab. Brebes,Cabai Merah Besar,kg,12/02/2026,34000
Jawa Tengah,Kab. Brebes,Bawang Merah,kg,12/02/2026,35500
Jawa Tengah,Kab. Brebes,Bawang Putih Honan,kg,12/02/2026,35000
Jawa Tengah,Kota Magelang,Beras Medium,kg,12/02/2026,13500
Jawa Tengah,Kota Magelang,Beras Premium,kg,12/02/2026,14833
Jawa Tengah,Kota Magelang,Gula Pasir Curah,kg,12/02/2026,16833
Jawa Tengah,Kota Magelang,Minyak Goreng Sawit Kemasan Premium,lt,12/02/2026,20333
Jawa Tengah,Kota Magelang,Minyak Goreng Sawit Curah,lt,12/02/2026,16500
Jawa Tengah,Kota Magelang,Minyakita,lt,12/02/2026,15700
Jawa Tengah,Kota Magelang,Daging Sapi Paha Belakang,kg,12/02/2026,135000
Jawa Tengah,Kota Magelang,Daging Ayam Ras,kg,12/02/2026,37333
Jawa Tengah,Kota Magelang,Telur Ayam Ras,kg,12/02/2026,28333
Jawa Tengah,Kota Magelang,Tepung Terigu,kg,12/02/2026,12000
Jawa Tengah,Kota Magelang,Kedelai Impor,kg,12/02/2026,11000
Jawa Tengah,Kota Magelang,Cabai Merah Keriting,kg,12/02/2026,30000
Jawa Tengah,Kota Magelang,Cabai Rawit Merah,kg,12/02/2026,59333
Jawa Tengah,Kota Magelang,Cabai Merah Besar,kg,12/02/2026,43333
Jawa Tengah,Kota Magelang,Bawang Merah,kg,12/02/2026,36667
Jawa Tengah,Kota Magelang,Bawang Putih Honan,kg,12/02/2026,32667
Jawa Tengah,Kota Surakarta,Beras Medium,kg,12/02/2026,13500
Jawa Tengah,Kota Surakarta,Beras Premium,kg,12/02/2026,15750
Jawa Tengah,Kota Surakarta,Gula Pasir Curah,kg,12/02/2026,17000
Jawa Tengah,Kota Surakarta,Minyak Goreng Sawit Kemasan Premium,lt,12/02/2026,21000
Jawa Tengah,Kota Surakarta,Minyak Goreng Sawit Curah,lt,12/02/2026,19500
Jawa Tengah,Kota Surakarta,Minyakita,lt,12/02/2026,15700
Jawa Tengah,Kota Surakarta,Daging Sapi Paha Belakang,kg,12/02/2026,135000
Jawa Tengah,Kota Surakarta,Daging Ayam Ras,kg,12/02/2026,40000
Jawa Tengah,Kota Surakarta,Telur Ayam Ras,kg,12/02/2026,29000
Jawa Tengah,Kota Surakarta,Tepung Terigu,kg,12/02/2026,11250
Jawa Tengah,Kota Surakarta,Kedelai Impor,kg,12/02/2026,12000
Jawa Tengah,Kota Surakarta,Cabai Merah Keriting,kg,12/02/2026,33000
Jawa Tengah,Kota Surakarta,Cabai Rawit Merah,kg,12/02/2026,80000
Jawa Tengah,Kota Surakarta,Cabai Merah Besar,kg,12/02/2026,25000
Jawa Tengah,Kota Surakarta,Bawang Merah,kg,12/02/2026,36000
Jawa Tengah,Kota Surakarta,Bawang Putih Honan,kg,12/02/2026,29000
Jawa Tengah,Kota Salatiga,Beras Medium,kg,12/02/2026,13400
Jawa Tengah,Kota Salatiga,Beras Premium,kg,12/02/2026,14267
Jawa Tengah,Kota Salatiga,Gula Pasir Curah,kg,12/02/2026,17500
Jawa Tengah,Kota Salatiga,Minyak Goreng Sawit Kemasan Premium,lt,12/02/2026,22000
Jawa Tengah,Kota Salatiga,Minyak Goreng Sawit Curah,lt,12/02/2026,17100
Jawa Tengah,Kota Salatiga,Minyakita,lt,12/02/2026,15700
Jawa Tengah,Kota Salatiga,Daging Sapi Paha Belakang,kg,12/02/2026,120000
Jawa Tengah,Kota Salatiga,Daging Ayam Ras,kg,12/02/2026,40000
Jawa Tengah,Kota Salatiga,Telur Ayam Ras,kg,12/02/2026,30000
Jawa Tengah,Kota Salatiga,Tepung Terigu,kg,12/02/2026,12000
Jawa Tengah,Kota Salatiga,Kedelai Impor,kg,12/02/2026,12000
Jawa Tengah,Kota Salatiga,Cabai Merah Keriting,kg,12/02/2026,36667
Jawa Tengah,Kota Salatiga,Cabai Rawit Merah,kg,12/02/2026,78333
Jawa Tengah,Kota Salatiga,Cabai Merah Besar,kg,12/02/2026,38333
Jawa Tengah,Kota Salatiga,Bawang Merah,kg,12/02/2026,41667
Jawa Tengah,Kota Salatiga,Bawang Putih Honan,kg,12/02/2026,30667
Jawa Tengah,Kota Semarang,Beras Medium,kg,12/02/2026,13917
Jawa Tengah,Kota Semarang,Beras Premium,kg,12/02/2026,15292
Jawa Tengah,Kota Semarang,Gula Pasir Curah,kg,12/02/2026,17000
Jawa Tengah,Kota Semarang,Minyak Goreng Sawit Kemasan Premium,lt,12/02/2026,21333
Jawa Tengah,Kota Semarang,Minyak Goreng Sawit Curah,lt,12/02/2026,19917
Jawa Tengah,Kota Semarang,Minyakita,lt,12/02/2026,15700
Jawa Tengah,Kota Semarang,Daging Sapi Paha Belakang,kg,12/02/2026,130000
Jawa Tengah,Kota Semarang,Daging Ayam Ras,kg,12/02/2026,41000
Jawa Tengah,Kota Semarang,Telur Ayam Ras,kg,12/02/2026,30167
Jawa Tengah,Kota Semarang,Tepung Terigu,kg,12/02/2026,11750
Jawa Tengah,Kota Semarang,Kedelai Impor,kg,12/02/2026,0
Jawa Tengah,Kota Semarang,Cabai Merah Keriting,kg,12/02/2026,35667
Jawa Tengah,Kota Semarang,Cabai Rawit Merah,kg,12/02/2026,78167
Jawa Tengah,Kota Semarang,Cabai Merah Besar,kg,12/02/2026,34833
Jawa Tengah,Kota Semarang,Bawang Merah,kg,12/02/2026,41333
Jawa Tengah,Kota Semarang,Bawang Putih Honan,kg,12/02/2026,0
Jawa Tengah,Kota Pekalongan,Beras Medium,kg,12/02/2026,13500
Jawa Tengah,Kota Pekalongan,Beras Premium,kg,12/02/2026,14900
Jawa Tengah,Kota Pekalongan,Gula Pasir Curah,kg,12/02/2026,17000
Jawa Tengah,Kota Pekalongan,Minyak Goreng Sawit Kemasan Premium,lt,12/02/2026,21000
Jawa Tengah,Kota Pekalongan,Minyak Goreng Sawit Curah,lt,12/02/2026,18900
Jawa Tengah,Kota Pekalongan,Minyakita,lt,12/02/2026,15700
Jawa Tengah,Kota Pekalongan,Daging Sapi Paha Belakang,kg,12/02/2026,120000
Jawa Tengah,Kota Pekalongan,Daging Ayam Ras,kg,12/02/2026,40000
Jawa Tengah,Kota Pekalongan,Telur Ayam Ras,kg,12/02/2026,30000
Jawa Tengah,Kota Pekalongan,Tepung Terigu,kg,12/02/2026,11000
Jawa Tengah,Kota Pekalongan,Kedelai Impor,kg,12/02/2026,10000
Jawa Tengah,Kota Pekalongan,Cabai Merah Keriting,kg,12/02/2026,36000
Jawa Tengah,Kota Pekalongan,Cabai Rawit Merah,kg,12/02/2026,80000
Jawa Tengah,Kota Pekalongan,Cabai Merah Besar,kg,12/02/2026,32000
Jawa Tengah,Kota Pekalongan,Bawang Merah,kg,12/02/2026,40000
Jawa Tengah,Kota Pekalongan,Bawang Putih Honan,kg,12/02/2026,0
Jawa Tengah,Kota Tegal,Beras Medium,kg,12/02/2026,13000
Jawa Tengah,Kota Tegal,Beras Premium,kg,12/02/2026,14900
Jawa Tengah,Kota Tegal,Gula Pasir Curah,kg,12/02/2026,17167
Jawa Tengah,Kota Tegal,Minyak Goreng Sawit Kemasan Premium,lt,12/02/2026,21500
Jawa Tengah,Kota Tegal,Minyak Goreng Sawit Curah,lt,12/02/2026,17700
Jawa Tengah,Kota Tegal,Minyakita,lt,12/02/2026,15700
Jawa Tengah,Kota Tegal,Daging Sapi Paha Belakang,kg,12/02/2026,140000
Jawa Tengah,Kota Tegal,Daging Ayam Ras,kg,12/02/2026,42500
Jawa Tengah,Kota Tegal,Telur Ayam Ras,kg,12/02/2026,30500
Jawa Tengah,Kota Tegal,Tepung Terigu,kg,12/02/2026,11833
Jawa Tengah,Kota Tegal,Kedelai Impor,kg,12/02/2026,10500
Jawa Tengah,Kota Tegal,Cabai Merah Keriting,kg,12/02/2026,43333
Jawa Tengah,Kota Tegal,Cabai Rawit Merah,kg,12/02/2026,86667
Jawa Tengah,Kota Tegal,Cabai Merah Besar,kg,12/02/2026,33333
Jawa Tengah,Kota Tegal,Bawang Merah,kg,12/02/2026,40000
Jawa Tengah,Kota Tegal,Bawang Putih Honan,kg,12/02/2026,34667
Jawa Tengah,Kab. Cilacap,Beras Medium,kg,13/02/2026,13500
Jawa Tengah,Kab. Cilacap,Beras Premium,kg,13/02/2026,14500
Jawa Tengah,Kab. Cilacap,Gula Pasir Curah,kg,13/02/2026,17333
Jawa Tengah,Kab. Cilacap,Minyak Goreng Sawit Kemasan Premium,lt,13/02/2026,22000
Jawa Tengah,Kab. Cilacap,Minyak Goreng Sawit Curah,lt,13/02/2026,18000
Jawa Tengah,Kab. Cilacap,Minyakita,lt,13/02/2026,15700
Jawa Tengah,Kab. Cilacap,Daging Sapi Paha Belakang,kg,13/02/2026,135000
Jawa Tengah,Kab. Cilacap,Daging Ayam Ras,kg,13/02/2026,41667
Jawa Tengah,Kab. Cilacap,Telur Ayam Ras,kg,13/02/2026,30000
Jawa Tengah,Kab. Cilacap,Tepung Terigu,kg,13/02/2026,12000
Jawa Tengah,Kab. Cilacap,Kedelai Impor,kg,13/02/2026,11667
Jawa Tengah,Kab. Cilacap,Cabai Merah Keriting,kg,13/02/2026,38667
Jawa Tengah,Kab. Cilacap,Cabai Rawit Merah,kg,13/02/2026,76667
Jawa Tengah,Kab. Cilacap,Cabai Merah Besar,kg,13/02/2026,36667
Jawa Tengah,Kab. Cilacap,Bawang Merah,kg,13/02/2026,38000
Jawa Tengah,Kab. Cilacap,Bawang Putih Honan,kg,13/02/2026,33333
Jawa Tengah,Kab. Banyumas,Beras Medium,kg,13/02/2026,13250
Jawa Tengah,Kab. Banyumas,Beras Premium,kg,13/02/2026,14900
Jawa Tengah,Kab. Banyumas,Gula Pasir Curah,kg,13/02/2026,16833
Jawa Tengah,Kab. Banyumas,Minyak Goreng Sawit Kemasan Premium,lt,13/02/2026,21000
Jawa Tengah,Kab. Banyumas,Minyak Goreng Sawit Curah,lt,13/02/2026,18000
Jawa Tengah,Kab. Banyumas,Minyakita,lt,13/02/2026,15700
Jawa Tengah,Kab. Banyumas,Daging Sapi Paha Belakang,kg,13/02/2026,133333
Jawa Tengah,Kab. Banyumas,Daging Ayam Ras,kg,13/02/2026,38667
Jawa Tengah,Kab. Banyumas,Telur Ayam Ras,kg,13/02/2026,30500
Jawa Tengah,Kab. Banyumas,Tepung Terigu,kg,13/02/2026,12000
Jawa Tengah,Kab. Banyumas,Kedelai Impor,kg,13/02/2026,10000
Jawa Tengah,Kab. Banyumas,Cabai Merah Keriting,kg,13/02/2026,37333
Jawa Tengah,Kab. Banyumas,Cabai Rawit Merah,kg,13/02/2026,78667
Jawa Tengah,Kab. Banyumas,Cabai Merah Besar,kg,13/02/2026,31667
Jawa Tengah,Kab. Banyumas,Bawang Merah,kg,13/02/2026,41333
Jawa Tengah,Kab. Banyumas,Bawang Putih Honan,kg,13/02/2026,32000
Jawa Tengah,Kab. Purbalingga,Beras Medium,kg,13/02/2026,13000
Jawa Tengah,Kab. Purbalingga,Beras Premium,kg,13/02/2026,14200
Jawa Tengah,Kab. Purbalingga,Gula Pasir Curah,kg,13/02/2026,17000
Jawa Tengah,Kab. Purbalingga,Minyak Goreng Sawit Kemasan Premium,lt,13/02/2026,21000
Jawa Tengah,Kab. Purbalingga,Minyak Goreng Sawit Curah,lt,13/02/2026,17550
Jawa Tengah,Kab. Purbalingga,Minyakita,lt,13/02/2026,15700
Jawa Tengah,Kab. Purbalingga,Daging Sapi Paha Belakang,kg,13/02/2026,135000
Jawa Tengah,Kab. Purbalingga,Daging Ayam Ras,kg,13/02/2026,40000
Jawa Tengah,Kab. Purbalingga,Telur Ayam Ras,kg,13/02/2026,30000
Jawa Tengah,Kab. Purbalingga,Tepung Terigu,kg,13/02/2026,12000
Jawa Tengah,Kab. Purbalingga,Kedelai Impor,kg,13/02/2026,9800
Jawa Tengah,Kab. Purbalingga,Cabai Merah Keriting,kg,13/02/2026,42000
Jawa Tengah,Kab. Purbalingga,Cabai Rawit Merah,kg,13/02/2026,81000
Jawa Tengah,Kab. Purbalingga,Cabai Merah Besar,kg,13/02/2026,32000
Jawa Tengah,Kab. Purbalingga,Bawang Merah,kg,13/02/2026,41000
Jawa Tengah,Kab. Purbalingga,Bawang Putih Honan,kg,13/02/2026,33000
Jawa Tengah,Kab. Banjarnegara,Beras Medium,kg,13/02/2026,13333
Jawa Tengah,Kab. Banjarnegara,Beras Premium,kg,13/02/2026,14533
Jawa Tengah,Kab. Banjarnegara,Gula Pasir Curah,kg,13/02/2026,17000
Jawa Tengah,Kab. Banjarnegara,Minyak Goreng Sawit Kemasan Premium,lt,13/02/2026,20666
Jawa Tengah,Kab. Banjarnegara,Minyak Goreng Sawit Curah,lt,13/02/2026,18450
Jawa Tengah,Kab. Banjarnegara,Minyakita,lt,13/02/2026,15700
Jawa Tengah,Kab. Banjarnegara,Daging Sapi Paha Belakang,kg,13/02/2026,135000
Jawa Tengah,Kab. Banjarnegara,Daging Ayam Ras,kg,13/02/2026,40000
Jawa Tengah,Kab. Banjarnegara,Telur Ayam Ras,kg,13/02/2026,30000
Jawa Tengah,Kab. Banjarnegara,Tepung Terigu,kg,13/02/2026,11666
Jawa Tengah,Kab. Banjarnegara,Kedelai Impor,kg,13/02/2026,10433
Jawa Tengah,Kab. Banjarnegara,Cabai Merah Keriting,kg,13/02/2026,40000
Jawa Tengah,Kab. Banjarnegara,Cabai Rawit Merah,kg,13/02/2026,75000
Jawa Tengah,Kab. Banjarnegara,Cabai Merah Besar,kg,13/02/2026,0
Jawa Tengah,Kab. Banjarnegara,Bawang Merah,kg,13/02/2026,40000
Jawa Tengah,Kab. Banjarnegara,Bawang Putih Honan,kg,13/02/2026,33666
Jawa Tengah,Kab. Kebumen,Beras Medium,kg,13/02/2026,12250
Jawa Tengah,Kab. Kebumen,Beras Premium,kg,13/02/2026,14450
Jawa Tengah,Kab. Kebumen,Gula Pasir Curah,kg,13/02/2026,16000
Jawa Tengah,Kab. Kebumen,Minyak Goreng Sawit Kemasan Premium,lt,13/02/2026,20500
Jawa Tengah,Kab. Kebumen,Minyak Goreng Sawit Curah,lt,13/02/2026,17500
Jawa Tengah,Kab. Kebumen,Minyakita,lt,13/02/2026,15700
Jawa Tengah,Kab. Kebumen,Daging Sapi Paha Belakang,kg,13/02/2026,120000
Jawa Tengah,Kab. Kebumen,Daging Ayam Ras,kg,13/02/2026,33750
Jawa Tengah,Kab. Kebumen,Telur Ayam Ras,kg,13/02/2026,28000
Jawa Tengah,Kab. Kebumen,Tepung Terigu,kg,13/02/2026,11000
Jawa Tengah,Kab. Kebumen,Kedelai Impor,kg,13/02/2026,9500
Jawa Tengah,Kab. Kebumen,Cabai Merah Keriting,kg,13/02/2026,30667
Jawa Tengah,Kab. Kebumen,Cabai Rawit Merah,kg,13/02/2026,39333
Jawa Tengah,Kab. Kebumen,Cabai Merah Besar,kg,13/02/2026,31667
Jawa Tengah,Kab. Kebumen,Bawang Merah,kg,13/02/2026,35000
Jawa Tengah,Kab. Kebumen,Bawang Putih Honan,kg,13/02/2026,0
Jawa Tengah,Kab. Purworejo,Beras Medium,kg,13/02/2026,12800
Jawa Tengah,Kab. Purworejo,Beras Premium,kg,13/02/2026,14500
Jawa Tengah,Kab. Purworejo,Gula Pasir Curah,kg,13/02/2026,17333
Jawa Tengah,Kab. Purworejo,Minyak Goreng Sawit Kemasan Premium,lt,13/02/2026,20333
Jawa Tengah,Kab. Purworejo,Minyak Goreng Sawit Curah,lt,13/02/2026,17400
Jawa Tengah,Kab. Purworejo,Minyakita,lt,13/02/2026,15700
Jawa Tengah,Kab. Purworejo,Daging Sapi Paha Belakang,kg,13/02/2026,135500
Jawa Tengah,Kab. Purworejo,Daging Ayam Ras,kg,13/02/2026,40000
Jawa Tengah,Kab. Purworejo,Telur Ayam Ras,kg,13/02/2026,29667
Jawa Tengah,Kab. Purworejo,Tepung Terigu,kg,13/02/2026,11333
Jawa Tengah,Kab. Purworejo,Kedelai Impor,kg,13/02/2026,10000
Jawa Tengah,Kab. Purworejo,Cabai Merah Keriting,kg,13/02/2026,38333
Jawa Tengah,Kab. Purworejo,Cabai Rawit Merah,kg,13/02/2026,78333
Jawa Tengah,Kab. Purworejo,Cabai Merah Besar,kg,13/02/2026,38667
Jawa Tengah,Kab. Purworejo,Bawang Merah,kg,13/02/2026,42000
Jawa Tengah,Kab. Purworejo,Bawang Putih Honan,kg,13/02/2026,34333
Jawa Tengah,Kab. Wonosobo,Beras Medium,kg,13/02/2026,13000
Jawa Tengah,Kab. Wonosobo,Beras Premium,kg,13/02/2026,14867
Jawa Tengah,Kab. Wonosobo,Gula Pasir Curah,kg,13/02/2026,16933
Jawa Tengah,Kab. Wonosobo,Minyak Goreng Sawit Kemasan Premium,lt,13/02/2026,21500
Jawa Tengah,Kab. Wonosobo,Minyak Goreng Sawit Curah,lt,13/02/2026,16933
Jawa Tengah,Kab. Wonosobo,Minyakita,lt,13/02/2026,15700
Jawa Tengah,Kab. Wonosobo,Daging Sapi Paha Belakang,kg,13/02/2026,135000
Jawa Tengah,Kab. Wonosobo,Daging Ayam Ras,kg,13/02/2026,38000
Jawa Tengah,Kab. Wonosobo,Telur Ayam Ras,kg,13/02/2026,29667
Jawa Tengah,Kab. Wonosobo,Tepung Terigu,kg,13/02/2026,11500
Jawa Tengah,Kab. Wonosobo,Kedelai Impor,kg,13/02/2026,9400
Jawa Tengah,Kab. Wonosobo,Cabai Merah Keriting,kg,13/02/2026,40000
Jawa Tengah,Kab. Wonosobo,Cabai Rawit Merah,kg,13/02/2026,73333
Jawa Tengah,Kab. Wonosobo,Cabai Merah Besar,kg,13/02/2026,0
Jawa Tengah,Kab. Wonosobo,Bawang Merah,kg,13/02/2026,38000
Jawa Tengah,Kab. Wonosobo,Bawang Putih Honan,kg,13/02/2026,35000
Jawa Tengah,Kab. Magelang,Beras Medium,kg,13/02/2026,13400
Jawa Tengah,Kab. Magelang,Beras Premium,kg,13/02/2026,14900
Jawa Tengah,Kab. Magelang,Gula Pasir Curah,kg,13/02/2026,17000
Jawa Tengah,Kab. Magelang,Minyak Goreng Sawit Kemasan Premium,lt,13/02/2026,20000
Jawa Tengah,Kab. Magelang,Minyak Goreng Sawit Curah,lt,13/02/2026,17800
Jawa Tengah,Kab. Magelang,Minyakita,lt,13/02/2026,15700
Jawa Tengah,Kab. Magelang,Daging Sapi Paha Belakang,kg,13/02/2026,138000
Jawa Tengah,Kab. Magelang,Daging Ayam Ras,kg,13/02/2026,37000
Jawa Tengah,Kab. Magelang,Telur Ayam Ras,kg,13/02/2026,29000
Jawa Tengah,Kab. Magelang,Tepung Terigu,kg,13/02/2026,11500
Jawa Tengah,Kab. Magelang,Kedelai Impor,kg,13/02/2026,11700
Jawa Tengah,Kab. Magelang,Cabai Merah Keriting,kg,13/02/2026,35000
Jawa Tengah,Kab. Magelang,Cabai Rawit Merah,kg,13/02/2026,75000
Jawa Tengah,Kab. Magelang,Cabai Merah Besar,kg,13/02/2026,40000
Jawa Tengah,Kab. Magelang,Bawang Merah,kg,13/02/2026,38000
Jawa Tengah,Kab. Magelang,Bawang Putih Honan,kg,13/02/2026,34000
Jawa Tengah,Kab. Boyolali,Beras Medium,kg,13/02/2026,13000
Jawa Tengah,Kab. Boyolali,Beras Premium,kg,13/02/2026,14867
Jawa Tengah,Kab. Boyolali,Gula Pasir Curah,kg,13/02/2026,16500
Jawa Tengah,Kab. Boyolali,Minyak Goreng Sawit Kemasan Premium,lt,13/02/2026,21000
Jawa Tengah,Kab. Boyolali,Minyak Goreng Sawit Curah,lt,13/02/2026,17500
Jawa Tengah,Kab. Boyolali,Minyakita,lt,13/02/2026,15700
Jawa Tengah,Kab. Boyolali,Daging Sapi Paha Belakang,kg,13/02/2026,130000
Jawa Tengah,Kab. Boyolali,Daging Ayam Ras,kg,13/02/2026,39667
Jawa Tengah,Kab. Boyolali,Telur Ayam Ras,kg,13/02/2026,29333
Jawa Tengah,Kab. Boyolali,Tepung Terigu,kg,13/02/2026,11667
Jawa Tengah,Kab. Boyolali,Kedelai Impor,kg,13/02/2026,11667
Jawa Tengah,Kab. Boyolali,Cabai Merah Keriting,kg,13/02/2026,38333
Jawa Tengah,Kab. Boyolali,Cabai Rawit Merah,kg,13/02/2026,85000
Jawa Tengah,Kab. Boyolali,Cabai Merah Besar,kg,13/02/2026,48333
Jawa Tengah,Kab. Boyolali,Bawang Merah,kg,13/02/2026,39333
Jawa Tengah,Kab. Boyolali,Bawang Putih Honan,kg,13/02/2026,33000
Jawa Tengah,Kab. Klaten,Beras Medium,kg,13/02/2026,13500
Jawa Tengah,Kab. Klaten,Beras Premium,kg,13/02/2026,14900
Jawa Tengah,Kab. Klaten,Gula Pasir Curah,kg,13/02/2026,17500
Jawa Tengah,Kab. Klaten,Minyak Goreng Sawit Kemasan Premium,lt,13/02/2026,21000
Jawa Tengah,Kab. Klaten,Minyak Goreng Sawit Curah,lt,13/02/2026,17500
Jawa Tengah,Kab. Klaten,Minyakita,lt,13/02/2026,15700
Jawa Tengah,Kab. Klaten,Daging Sapi Paha Belakang,kg,13/02/2026,126667
Jawa Tengah,Kab. Klaten,Daging Ayam Ras,kg,13/02/2026,38000
Jawa Tengah,Kab. Klaten,Telur Ayam Ras,kg,13/02/2026,27833
Jawa Tengah,Kab. Klaten,Tepung Terigu,kg,13/02/2026,11333
Jawa Tengah,Kab. Klaten,Kedelai Impor,kg,13/02/2026,10333
Jawa Tengah,Kab. Klaten,Cabai Merah Keriting,kg,13/02/2026,35000
Jawa Tengah,Kab. Klaten,Cabai Rawit Merah,kg,13/02/2026,75000
Jawa Tengah,Kab. Klaten,Cabai Merah Besar,kg,13/02/2026,50000
Jawa Tengah,Kab. Klaten,Bawang Merah,kg,13/02/2026,40000
Jawa Tengah,Kab. Klaten,Bawang Putih Honan,kg,13/02/2026,30000
Jawa Tengah,Kab. Sukoharjo,Beras Medium,kg,13/02/2026,13000
Jawa Tengah,Kab. Sukoharjo,Beras Premium,kg,13/02/2026,14500
Jawa Tengah,Kab. Sukoharjo,Gula Pasir Curah,kg,13/02/2026,17000
Jawa Tengah,Kab. Sukoharjo,Minyak Goreng Sawit Kemasan Premium,lt,13/02/2026,20667
Jawa Tengah,Kab. Sukoharjo,Minyak Goreng Sawit Curah,lt,13/02/2026,17000
Jawa Tengah,Kab. Sukoharjo,Minyakita,lt,13/02/2026,15700
Jawa Tengah,Kab. Sukoharjo,Daging Sapi Paha Belakang,kg,13/02/2026,125000
Jawa Tengah,Kab. Sukoharjo,Daging Ayam Ras,kg,13/02/2026,40333
Jawa Tengah,Kab. Sukoharjo,Telur Ayam Ras,kg,13/02/2026,29000
Jawa Tengah,Kab. Sukoharjo,Tepung Terigu,kg,13/02/2026,12000
Jawa Tengah,Kab. Sukoharjo,Kedelai Impor,kg,13/02/2026,10000
Jawa Tengah,Kab. Sukoharjo,Cabai Merah Keriting,kg,13/02/2026,38333
Jawa Tengah,Kab. Sukoharjo,Cabai Rawit Merah,kg,13/02/2026,86667
Jawa Tengah,Kab. Sukoharjo,Cabai Merah Besar,kg,13/02/2026,31667
Jawa Tengah,Kab. Sukoharjo,Bawang Merah,kg,13/02/2026,40000
Jawa Tengah,Kab. Sukoharjo,Bawang Putih Honan,kg,13/02/2026,32667
Jawa Tengah,Kab. Wonogiri,Beras Medium,kg,13/02/2026,13500
Jawa Tengah,Kab. Wonogiri,Beras Premium,kg,13/02/2026,14500
Jawa Tengah,Kab. Wonogiri,Gula Pasir Curah,kg,13/02/2026,17000
Jawa Tengah,Kab. Wonogiri,Minyak Goreng Sawit Kemasan Premium,lt,13/02/2026,21000
Jawa Tengah,Kab. Wonogiri,Minyak Goreng Sawit Curah,lt,13/02/2026,19600
Jawa Tengah,Kab. Wonogiri,Minyakita,lt,13/02/2026,15700
Jawa Tengah,Kab. Wonogiri,Daging Sapi Paha Belakang,kg,13/02/2026,130000
Jawa Tengah,Kab. Wonogiri,Daging Ayam Ras,kg,13/02/2026,40667
Jawa Tengah,Kab. Wonogiri,Telur Ayam Ras,kg,13/02/2026,29667
Jawa Tengah,Kab. Wonogiri,Tepung Terigu,kg,13/02/2026,11833
Jawa Tengah,Kab. Wonogiri,Kedelai Impor,kg,13/02/2026,11167
Jawa Tengah,Kab. Wonogiri,Cabai Merah Keriting,kg,13/02/2026,35333
Jawa Tengah,Kab. Wonogiri,Cabai Rawit Merah,kg,13/02/2026,82333
Jawa Tengah,Kab. Wonogiri,Cabai Merah Besar,kg,13/02/2026,25667
Jawa Tengah,Kab. Wonogiri,Bawang Merah,kg,13/02/2026,40000
Jawa Tengah,Kab. Wonogiri,Bawang Putih Honan,kg,13/02/2026,0
Jawa Tengah,Kab. Karanganyar,Beras Medium,kg,13/02/2026,13000
Jawa Tengah,Kab. Karanganyar,Beras Premium,kg,13/02/2026,14667
Jawa Tengah,Kab. Karanganyar,Gula Pasir Curah,kg,13/02/2026,16833
Jawa Tengah,Kab. Karanganyar,Minyak Goreng Sawit Kemasan Premium,lt,13/02/2026,20000
Jawa Tengah,Kab. Karanganyar,Minyak Goreng Sawit Curah,lt,13/02/2026,19000
Jawa Tengah,Kab. Karanganyar,Minyakita,lt,13/02/2026,15500
Jawa Tengah,Kab. Karanganyar,Daging Sapi Paha Belakang,kg,13/02/2026,125000
Jawa Tengah,Kab. Karanganyar,Daging Ayam Ras,kg,13/02/2026,40000
Jawa Tengah,Kab. Karanganyar,Telur Ayam Ras,kg,13/02/2026,26000
Jawa Tengah,Kab. Karanganyar,Tepung Terigu,kg,13/02/2026,12000
Jawa Tengah,Kab. Karanganyar,Kedelai Impor,kg,13/02/2026,9600
Jawa Tengah,Kab. Karanganyar,Cabai Merah Keriting,kg,13/02/2026,40000
Jawa Tengah,Kab. Karanganyar,Cabai Rawit Merah,kg,13/02/2026,80000
Jawa Tengah,Kab. Karanganyar,Cabai Merah Besar,kg,13/02/2026,30000
Jawa Tengah,Kab. Karanganyar,Bawang Merah,kg,13/02/2026,35000
Jawa Tengah,Kab. Karanganyar,Bawang Putih Honan,kg,13/02/2026,30000
Jawa Tengah,Kab. Sragen,Beras Medium,kg,13/02/2026,13400
Jawa Tengah,Kab. Sragen,Beras Premium,kg,13/02/2026,14400
Jawa Tengah,Kab. Sragen,Gula Pasir Curah,kg,13/02/2026,16750
Jawa Tengah,Kab. Sragen,Minyak Goreng Sawit Kemasan Premium,lt,13/02/2026,19750
Jawa Tengah,Kab. Sragen,Minyak Goreng Sawit Curah,lt,13/02/2026,18700
Jawa Tengah,Kab. Sragen,Minyakita,lt,13/02/2026,15700
Jawa Tengah,Kab. Sragen,Daging Sapi Paha Belakang,kg,13/02/2026,120000
Jawa Tengah,Kab. Sragen,Daging Ayam Ras,kg,13/02/2026,40000
Jawa Tengah,Kab. Sragen,Telur Ayam Ras,kg,13/02/2026,29833
Jawa Tengah,Kab. Sragen,Tepung Terigu,kg,13/02/2026,12000
Jawa Tengah,Kab. Sragen,Kedelai Impor,kg,13/02/2026,9600
Jawa Tengah,Kab. Sragen,Cabai Merah Keriting,kg,13/02/2026,37000
Jawa Tengah,Kab. Sragen,Cabai Rawit Merah,kg,13/02/2026,83000
Jawa Tengah,Kab. Sragen,Cabai Merah Besar,kg,13/02/2026,27000
Jawa Tengah,Kab. Sragen,Bawang Merah,kg,13/02/2026,40000
Jawa Tengah,Kab. Sragen,Bawang Putih Honan,kg,13/02/2026,31333
Jawa Tengah,Kab. Grobogan,Beras Medium,kg,13/02/2026,13000
Jawa Tengah,Kab. Grobogan,Beras Premium,kg,13/02/2026,14825
Jawa Tengah,Kab. Grobogan,Gula Pasir Curah,kg,13/02/2026,17000
Jawa Tengah,Kab. Grobogan,Minyak Goreng Sawit Kemasan Premium,lt,13/02/2026,19000
Jawa Tengah,Kab. Grobogan,Minyak Goreng Sawit Curah,lt,13/02/2026,16000
Jawa Tengah,Kab. Grobogan,Minyakita,lt,13/02/2026,15700
Jawa Tengah,Kab. Grobogan,Daging Sapi Paha Belakang,kg,13/02/2026,130000
Jawa Tengah,Kab. Grobogan,Daging Ayam Ras,kg,13/02/2026,39000
Jawa Tengah,Kab. Grobogan,Telur Ayam Ras,kg,13/02/2026,28000
Jawa Tengah,Kab. Grobogan,Tepung Terigu,kg,13/02/2026,10500
Jawa Tengah,Kab. Grobogan,Kedelai Impor,kg,13/02/2026,11000
Jawa Tengah,Kab. Grobogan,Cabai Merah Keriting,kg,13/02/2026,30000
Jawa Tengah,Kab. Grobogan,Cabai Rawit Merah,kg,13/02/2026,53500
Jawa Tengah,Kab. Grobogan,Cabai Merah Besar,kg,13/02/2026,50000
Jawa Tengah,Kab. Grobogan,Bawang Merah,kg,13/02/2026,34000
Jawa Tengah,Kab. Grobogan,Bawang Putih Honan,kg,13/02/2026,31000
Jawa Tengah,Kab. Blora,Beras Medium,kg,13/02/2026,11592
Jawa Tengah,Kab. Blora,Beras Premium,kg,13/02/2026,13525
Jawa Tengah,Kab. Blora,Gula Pasir Curah,kg,13/02/2026,16500
Jawa Tengah,Kab. Blora,Minyak Goreng Sawit Kemasan Premium,lt,13/02/2026,19300
Jawa Tengah,Kab. Blora,Minyak Goreng Sawit Curah,lt,13/02/2026,16300
Jawa Tengah,Kab. Blora,Minyakita,lt,13/02/2026,15700
Jawa Tengah,Kab. Blora,Daging Sapi Paha Belakang,kg,13/02/2026,125000
Jawa Tengah,Kab. Blora,Daging Ayam Ras,kg,13/02/2026,39000
Jawa Tengah,Kab. Blora,Telur Ayam Ras,kg,13/02/2026,28000
Jawa Tengah,Kab. Blora,Tepung Terigu,kg,13/02/2026,12300
Jawa Tengah,Kab. Blora,Kedelai Impor,kg,13/02/2026,11500
Jawa Tengah,Kab. Blora,Cabai Merah Keriting,kg,13/02/2026,29333
Jawa Tengah,Kab. Blora,Cabai Rawit Merah,kg,13/02/2026,52667
Jawa Tengah,Kab. Blora,Cabai Merah Besar,kg,13/02/2026,0
Jawa Tengah,Kab. Blora,Bawang Merah,kg,13/02/2026,33667
Jawa Tengah,Kab. Blora,Bawang Putih Honan,kg,13/02/2026,30333
Jawa Tengah,Kab. Rembang,Beras Medium,kg,13/02/2026,13333
Jawa Tengah,Kab. Rembang,Beras Premium,kg,13/02/2026,14900
Jawa Tengah,Kab. Rembang,Gula Pasir Curah,kg,13/02/2026,16333
Jawa Tengah,Kab. Rembang,Minyak Goreng Sawit Kemasan Premium,lt,13/02/2026,21000
Jawa Tengah,Kab. Rembang,Minyak Goreng Sawit Curah,lt,13/02/2026,18822
Jawa Tengah,Kab. Rembang,Minyakita,lt,13/02/2026,15633
Jawa Tengah,Kab. Rembang,Daging Sapi Paha Belakang,kg,13/02/2026,125000
Jawa Tengah,Kab. Rembang,Daging Ayam Ras,kg,13/02/2026,39667
Jawa Tengah,Kab. Rembang,Telur Ayam Ras,kg,13/02/2026,31000
Jawa Tengah,Kab. Rembang,Tepung Terigu,kg,13/02/2026,11500
Jawa Tengah,Kab. Rembang,Kedelai Impor,kg,13/02/2026,11167
Jawa Tengah,Kab. Rembang,Cabai Merah Keriting,kg,13/02/2026,35000
Jawa Tengah,Kab. Rembang,Cabai Rawit Merah,kg,13/02/2026,86000
Jawa Tengah,Kab. Rembang,Cabai Merah Besar,kg,13/02/2026,61667
Jawa Tengah,Kab. Rembang,Bawang Merah,kg,13/02/2026,40000
Jawa Tengah,Kab. Rembang,Bawang Putih Honan,kg,13/02/2026,34000
Jawa Tengah,Kab. Pati,Beras Medium,kg,13/02/2026,13500
Jawa Tengah,Kab. Pati,Beras Premium,kg,13/02/2026,14650
Jawa Tengah,Kab. Pati,Gula Pasir Curah,kg,13/02/2026,17000
Jawa Tengah,Kab. Pati,Minyak Goreng Sawit Kemasan Premium,lt,13/02/2026,20000
Jawa Tengah,Kab. Pati,Minyak Goreng Sawit Curah,lt,13/02/2026,18000
Jawa Tengah,Kab. Pati,Minyakita,lt,13/02/2026,15700
Jawa Tengah,Kab. Pati,Daging Sapi Paha Belakang,kg,13/02/2026,120000
Jawa Tengah,Kab. Pati,Daging Ayam Ras,kg,13/02/2026,40000
Jawa Tengah,Kab. Pati,Telur Ayam Ras,kg,13/02/2026,30000
Jawa Tengah,Kab. Pati,Tepung Terigu,kg,13/02/2026,12500
Jawa Tengah,Kab. Pati,Kedelai Impor,kg,13/02/2026,10500
Jawa Tengah,Kab. Pati,Cabai Merah Keriting,kg,13/02/2026,38000
Jawa Tengah,Kab. Pati,Cabai Rawit Merah,kg,13/02/2026,80000
Jawa Tengah,Kab. Pati,Cabai Merah Besar,kg,13/02/2026,50000
Jawa Tengah,Kab. Pati,Bawang Merah,kg,13/02/2026,40000
Jawa Tengah,Kab. Pati,Bawang Putih Honan,kg,13/02/2026,34000
Jawa Tengah,Kab. Kudus,Beras Medium,kg,13/02/2026,13500
Jawa Tengah,Kab. Kudus,Beras Premium,kg,13/02/2026,14900
Jawa Tengah,Kab. Kudus,Gula Pasir Curah,kg,13/02/2026,16500
Jawa Tengah,Kab. Kudus,Minyak Goreng Sawit Kemasan Premium,lt,13/02/2026,20000
Jawa Tengah,Kab. Kudus,Minyak Goreng Sawit Curah,lt,13/02/2026,17000
Jawa Tengah,Kab. Kudus,Minyakita,lt,13/02/2026,15700
Jawa Tengah,Kab. Kudus,Daging Sapi Paha Belakang,kg,13/02/2026,125000
Jawa Tengah,Kab. Kudus,Daging Ayam Ras,kg,13/02/2026,36000
Jawa Tengah,Kab. Kudus,Telur Ayam Ras,kg,13/02/2026,29000
Jawa Tengah,Kab. Kudus,Tepung Terigu,kg,13/02/2026,12000
Jawa Tengah,Kab. Kudus,Kedelai Impor,kg,13/02/2026,11500
Jawa Tengah,Kab. Kudus,Cabai Merah Keriting,kg,13/02/2026,30000
Jawa Tengah,Kab. Kudus,Cabai Rawit Merah,kg,13/02/2026,65000
Jawa Tengah,Kab. Kudus,Cabai Merah Besar,kg,13/02/2026,40000
Jawa Tengah,Kab. Kudus,Bawang Merah,kg,13/02/2026,41000
Jawa Tengah,Kab. Kudus,Bawang Putih Honan,kg,13/02/2026,0
Jawa Tengah,Kab. Jepara,Beras Medium,kg,13/02/2026,13000
Jawa Tengah,Kab. Jepara,Beras Premium,kg,13/02/2026,14900
Jawa Tengah,Kab. Jepara,Gula Pasir Curah,kg,13/02/2026,16500
Jawa Tengah,Kab. Jepara,Minyak Goreng Sawit Kemasan Premium,lt,13/02/2026,21000
Jawa Tengah,Kab. Jepara,Minyak Goreng Sawit Curah,lt,13/02/2026,17500
Jawa Tengah,Kab. Jepara,Minyakita,lt,13/02/2026,15700
Jawa Tengah,Kab. Jepara,Daging Sapi Paha Belakang,kg,13/02/2026,130000
Jawa Tengah,Kab. Jepara,Daging Ayam Ras,kg,13/02/2026,38000
Jawa Tengah,Kab. Jepara,Telur Ayam Ras,kg,13/02/2026,28000
Jawa Tengah,Kab. Jepara,Tepung Terigu,kg,13/02/2026,12000
Jawa Tengah,Kab. Jepara,Kedelai Impor,kg,13/02/2026,10500
Jawa Tengah,Kab. Jepara,Cabai Merah Keriting,kg,13/02/2026,32000
Jawa Tengah,Kab. Jepara,Cabai Rawit Merah,kg,13/02/2026,70000
Jawa Tengah,Kab. Jepara,Cabai Merah Besar,kg,13/02/2026,35000
Jawa Tengah,Kab. Jepara,Bawang Merah,kg,13/02/2026,35000
Jawa Tengah,Kab. Jepara,Bawang Putih Honan,kg,13/02/2026,32000
Jawa Tengah,Kab. Demak,Beras Medium,kg,13/02/2026,12800
Jawa Tengah,Kab. Demak,Beras Premium,kg,13/02/2026,14250
Jawa Tengah,Kab. Demak,Gula Pasir Curah,kg,13/02/2026,16500
Jawa Tengah,Kab. Demak,Minyak Goreng Sawit Kemasan Premium,lt,13/02/2026,20250
Jawa Tengah,Kab. Demak,Minyak Goreng Sawit Curah,lt,13/02/2026,16167
Jawa Tengah,Kab. Demak,Minyakita,lt,13/02/2026,15350
Jawa Tengah,Kab. Demak,Daging Sapi Paha Belakang,kg,13/02/2026,130000
Jawa Tengah,Kab. Demak,Daging Ayam Ras,kg,13/02/2026,35000
Jawa Tengah,Kab. Demak,Telur Ayam Ras,kg,13/02/2026,27500
Jawa Tengah,Kab. Demak,Tepung Terigu,kg,13/02/2026,11250
Jawa Tengah,Kab. Demak,Kedelai Impor,kg,13/02/2026,10000
Jawa Tengah,Kab. Demak,Cabai Merah Keriting,kg,13/02/2026,29333
Jawa Tengah,Kab. Demak,Cabai Rawit Merah,kg,13/02/2026,35333
Jawa Tengah,Kab. Demak,Cabai Merah Besar,kg,13/02/2026,33333
Jawa Tengah,Kab. Demak,Bawang Merah,kg,13/02/2026,33667
Jawa Tengah,Kab. Demak,Bawang Putih Honan,kg,13/02/2026,30000
Jawa Tengah,Kab. Semarang,Beras Medium,kg,13/02/2026,13583
Jawa Tengah,Kab. Semarang,Beras Premium,kg,13/02/2026,15033
Jawa Tengah,Kab. Semarang,Gula Pasir Curah,kg,13/02/2026,17250
Jawa Tengah,Kab. Semarang,Minyak Goreng Sawit Kemasan Premium,lt,13/02/2026,21167
Jawa Tengah,Kab. Semarang,Minyak Goreng Sawit Curah,lt,13/02/2026,18450
Jawa Tengah,Kab. Semarang,Minyakita,lt,13/02/2026,15517
Jawa Tengah,Kab. Semarang,Daging Sapi Paha Belakang,kg,13/02/2026,136667
Jawa Tengah,Kab. Semarang,Daging Ayam Ras,kg,13/02/2026,37833
Jawa Tengah,Kab. Semarang,Telur Ayam Ras,kg,13/02/2026,30000
Jawa Tengah,Kab. Semarang,Tepung Terigu,kg,13/02/2026,12000
Jawa Tengah,Kab. Semarang,Kedelai Impor,kg,13/02/2026,9950
Jawa Tengah,Kab. Semarang,Cabai Merah Keriting,kg,13/02/2026,42500
Jawa Tengah,Kab. Semarang,Cabai Rawit Merah,kg,13/02/2026,82500
Jawa Tengah,Kab. Semarang,Cabai Merah Besar,kg,13/02/2026,37500
Jawa Tengah,Kab. Semarang,Bawang Merah,kg,13/02/2026,42500
Jawa Tengah,Kab. Semarang,Bawang Putih Honan,kg,13/02/2026,35000
Jawa Tengah,Kab. Temanggung,Beras Medium,kg,13/02/2026,13500
Jawa Tengah,Kab. Temanggung,Beras Premium,kg,13/02/2026,14800
Jawa Tengah,Kab. Temanggung,Gula Pasir Curah,kg,13/02/2026,16750
Jawa Tengah,Kab. Temanggung,Minyak Goreng Sawit Kemasan Premium,lt,13/02/2026,19000
Jawa Tengah,Kab. Temanggung,Minyak Goreng Sawit Curah,lt,13/02/2026,19000
Jawa Tengah,Kab. Temanggung,Minyakita,lt,13/02/2026,15700
Jawa Tengah,Kab. Temanggung,Daging Sapi Paha Belakang,kg,13/02/2026,135000
Jawa Tengah,Kab. Temanggung,Daging Ayam Ras,kg,13/02/2026,38500
Jawa Tengah,Kab. Temanggung,Telur Ayam Ras,kg,13/02/2026,29000
Jawa Tengah,Kab. Temanggung,Tepung Terigu,kg,13/02/2026,11750
Jawa Tengah,Kab. Temanggung,Kedelai Impor,kg,13/02/2026,9600
Jawa Tengah,Kab. Temanggung,Cabai Merah Keriting,kg,13/02/2026,40000
Jawa Tengah,Kab. Temanggung,Cabai Rawit Merah,kg,13/02/2026,55000
Jawa Tengah,Kab. Temanggung,Cabai Merah Besar,kg,13/02/2026,47500
Jawa Tengah,Kab. Temanggung,Bawang Merah,kg,13/02/2026,38000
Jawa Tengah,Kab. Temanggung,Bawang Putih Honan,kg,13/02/2026,33500
Jawa Tengah,Kab. Kendal,Beras Medium,kg,13/02/2026,13300
Jawa Tengah,Kab. Kendal,Beras Premium,kg,13/02/2026,14900
Jawa Tengah,Kab. Kendal,Gula Pasir Curah,kg,13/02/2026,17167
Jawa Tengah,Kab. Kendal,Minyak Goreng Sawit Kemasan Premium,lt,13/02/2026,21000
Jawa Tengah,Kab. Kendal,Minyak Goreng Sawit Curah,lt,13/02/2026,17550
Jawa Tengah,Kab. Kendal,Minyakita,lt,13/02/2026,15700
Jawa Tengah,Kab. Kendal,Daging Sapi Paha Belakang,kg,13/02/2026,135000
Jawa Tengah,Kab. Kendal,Daging Ayam Ras,kg,13/02/2026,39000
Jawa Tengah,Kab. Kendal,Telur Ayam Ras,kg,13/02/2026,29500
Jawa Tengah,Kab. Kendal,Tepung Terigu,kg,13/02/2026,11500
Jawa Tengah,Kab. Kendal,Kedelai Impor,kg,13/02/2026,9700
Jawa Tengah,Kab. Kendal,Cabai Merah Keriting,kg,13/02/2026,38667
Jawa Tengah,Kab. Kendal,Cabai Rawit Merah,kg,13/02/2026,74333
Jawa Tengah,Kab. Kendal,Cabai Merah Besar,kg,13/02/2026,37000
Jawa Tengah,Kab. Kendal,Bawang Merah,kg,13/02/2026,35000
Jawa Tengah,Kab. Kendal,Bawang Putih Honan,kg,13/02/2026,32333
Jawa Tengah,Kab. Batang,Beras Medium,kg,13/02/2026,13200
Jawa Tengah,Kab. Batang,Beras Premium,kg,13/02/2026,14700
Jawa Tengah,Kab. Batang,Gula Pasir Curah,kg,13/02/2026,16500
Jawa Tengah,Kab. Batang,Minyak Goreng Sawit Kemasan Premium,lt,13/02/2026,19500
Jawa Tengah,Kab. Batang,Minyak Goreng Sawit Curah,lt,13/02/2026,17100
Jawa Tengah,Kab. Batang,Minyakita,lt,13/02/2026,15700
Jawa Tengah,Kab. Batang,Daging Sapi Paha Belakang,kg,13/02/2026,125000
Jawa Tengah,Kab. Batang,Daging Ayam Ras,kg,13/02/2026,39000
Jawa Tengah,Kab. Batang,Telur Ayam Ras,kg,13/02/2026,29000
Jawa Tengah,Kab. Batang,Tepung Terigu,kg,13/02/2026,11500
Jawa Tengah,Kab. Batang,Kedelai Impor,kg,13/02/2026,10400
Jawa Tengah,Kab. Batang,Cabai Merah Keriting,kg,13/02/2026,36000
Jawa Tengah,Kab. Batang,Cabai Rawit Merah,kg,13/02/2026,65000
Jawa Tengah,Kab. Batang,Cabai Merah Besar,kg,13/02/2026,35000
Jawa Tengah,Kab. Batang,Bawang Merah,kg,13/02/2026,36000
Jawa Tengah,Kab. Batang,Bawang Putih Honan,kg,13/02/2026,32000
Jawa Tengah,Kab. Pekalongan,Beras Medium,kg,13/02/2026,13200
Jawa Tengah,Kab. Pekalongan,Beras Premium,kg,13/02/2026,14500
Jawa Tengah,Kab. Pekalongan,Gula Pasir Curah,kg,13/02/2026,17000
Jawa Tengah,Kab. Pekalongan,Minyak Goreng Sawit Kemasan Premium,lt,13/02/2026,21000
Jawa Tengah,Kab. Pekalongan,Minyak Goreng Sawit Curah,lt,13/02/2026,17550
Jawa Tengah,Kab. Pekalongan,Minyakita,lt,13/02/2026,15700
Jawa Tengah,Kab. Pekalongan,Daging Sapi Paha Belakang,kg,13/02/2026,135000
Jawa Tengah,Kab. Pekalongan,Daging Ayam Ras,kg,13/02/2026,40000
Jawa Tengah,Kab. Pekalongan,Telur Ayam Ras,kg,13/02/2026,29000
Jawa Tengah,Kab. Pekalongan,Tepung Terigu,kg,13/02/2026,12000
Jawa Tengah,Kab. Pekalongan,Kedelai Impor,kg,13/02/2026,9800
Jawa Tengah,Kab. Pekalongan,Cabai Merah Keriting,kg,13/02/2026,40000
Jawa Tengah,Kab. Pekalongan,Cabai Rawit Merah,kg,13/02/2026,80000
Jawa Tengah,Kab. Pekalongan,Cabai Merah Besar,kg,13/02/2026,29000
Jawa Tengah,Kab. Pekalongan,Bawang Merah,kg,13/02/2026,38000
Jawa Tengah,Kab. Pekalongan,Bawang Putih Honan,kg,13/02/2026,33000
Jawa Tengah,Kab. Pemalang,Beras Medium,kg,13/02/2026,13000
Jawa Tengah,Kab. Pemalang,Beras Premium,kg,13/02/2026,14800
Jawa Tengah,Kab. Pemalang,Gula Pasir Curah,kg,13/02/2026,17167
Jawa Tengah,Kab. Pemalang,Minyak Goreng Sawit Kemasan Premium,lt,13/02/2026,21000
Jawa Tengah,Kab. Pemalang,Minyak Goreng Sawit Curah,lt,13/02/2026,17167
Jawa Tengah,Kab. Pemalang,Minyakita,lt,13/02/2026,15700
Jawa Tengah,Kab. Pemalang,Daging Sapi Paha Belakang,kg,13/02/2026,130000
Jawa Tengah,Kab. Pemalang,Daging Ayam Ras,kg,13/02/2026,40000
Jawa Tengah,Kab. Pemalang,Telur Ayam Ras,kg,13/02/2026,30000
Jawa Tengah,Kab. Pemalang,Tepung Terigu,kg,13/02/2026,12000
Jawa Tengah,Kab. Pemalang,Kedelai Impor,kg,13/02/2026,11500
Jawa Tengah,Kab. Pemalang,Cabai Merah Keriting,kg,13/02/2026,42333
Jawa Tengah,Kab. Pemalang,Cabai Rawit Merah,kg,13/02/2026,58333
Jawa Tengah,Kab. Pemalang,Cabai Merah Besar,kg,13/02/2026,30000
Jawa Tengah,Kab. Pemalang,Bawang Merah,kg,13/02/2026,39333
Jawa Tengah,Kab. Pemalang,Bawang Putih Honan,kg,13/02/2026,33333
Jawa Tengah,Kab. Tegal,Beras Medium,kg,13/02/2026,13000
Jawa Tengah,Kab. Tegal,Beras Premium,kg,13/02/2026,14000
Jawa Tengah,Kab. Tegal,Gula Pasir Curah,kg,13/02/2026,16833
Jawa Tengah,Kab. Tegal,Minyak Goreng Sawit Kemasan Premium,lt,13/02/2026,21167
Jawa Tengah,Kab. Tegal,Minyak Goreng Sawit Curah,lt,13/02/2026,17833
Jawa Tengah,Kab. Tegal,Minyakita,lt,13/02/2026,15700
Jawa Tengah,Kab. Tegal,Daging Sapi Paha Belakang,kg,13/02/2026,138333
Jawa Tengah,Kab. Tegal,Daging Ayam Ras,kg,13/02/2026,43000
Jawa Tengah,Kab. Tegal,Telur Ayam Ras,kg,13/02/2026,29667
Jawa Tengah,Kab. Tegal,Tepung Terigu,kg,13/02/2026,11167
Jawa Tengah,Kab. Tegal,Kedelai Impor,kg,13/02/2026,9933
Jawa Tengah,Kab. Tegal,Cabai Merah Keriting,kg,13/02/2026,41000
Jawa Tengah,Kab. Tegal,Cabai Rawit Merah,kg,13/02/2026,77500
Jawa Tengah,Kab. Tegal,Cabai Merah Besar,kg,13/02/2026,28000
Jawa Tengah,Kab. Tegal,Bawang Merah,kg,13/02/2026,39333
Jawa Tengah,Kab. Tegal,Bawang Putih Honan,kg,13/02/2026,30667
Jawa Tengah,Kab. Brebes,Beras Medium,kg,13/02/2026,13333
Jawa Tengah,Kab. Brebes,Beras Premium,kg,13/02/2026,14667
Jawa Tengah,Kab. Brebes,Gula Pasir Curah,kg,13/02/2026,16667
Jawa Tengah,Kab. Brebes,Minyak Goreng Sawit Kemasan Premium,lt,13/02/2026,20667
Jawa Tengah,Kab. Brebes,Minyak Goreng Sawit Curah,lt,13/02/2026,18300
Jawa Tengah,Kab. Brebes,Minyakita,lt,13/02/2026,15700
Jawa Tengah,Kab. Brebes,Daging Sapi Paha Belakang,kg,13/02/2026,138333
Jawa Tengah,Kab. Brebes,Daging Ayam Ras,kg,13/02/2026,38500
Jawa Tengah,Kab. Brebes,Telur Ayam Ras,kg,13/02/2026,30000
Jawa Tengah,Kab. Brebes,Tepung Terigu,kg,13/02/2026,11667
Jawa Tengah,Kab. Brebes,Kedelai Impor,kg,13/02/2026,0
Jawa Tengah,Kab. Brebes,Cabai Merah Keriting,kg,13/02/2026,36000
Jawa Tengah,Kab. Brebes,Cabai Rawit Merah,kg,13/02/2026,68000
Jawa Tengah,Kab. Brebes,Cabai Merah Besar,kg,13/02/2026,35000
Jawa Tengah,Kab. Brebes,Bawang Merah,kg,13/02/2026,36000
Jawa Tengah,Kab. Brebes,Bawang Putih Honan,kg,13/02/2026,35000
Jawa Tengah,Kota Magelang,Beras Medium,kg,13/02/2026,13500
Jawa Tengah,Kota Magelang,Beras Premium,kg,13/02/2026,14833
Jawa Tengah,Kota Magelang,Gula Pasir Curah,kg,13/02/2026,16833
Jawa Tengah,Kota Magelang,Minyak Goreng Sawit Kemasan Premium,lt,13/02/2026,20333
Jawa Tengah,Kota Magelang,Minyak Goreng Sawit Curah,lt,13/02/2026,16500
Jawa Tengah,Kota Magelang,Minyakita,lt,13/02/2026,15700
Jawa Tengah,Kota Magelang,Daging Sapi Paha Belakang,kg,13/02/2026,135000
Jawa Tengah,Kota Magelang,Daging Ayam Ras,kg,13/02/2026,37333
Jawa Tengah,Kota Magelang,Telur Ayam Ras,kg,13/02/2026,28333
Jawa Tengah,Kota Magelang,Tepung Terigu,kg,13/02/2026,12000
Jawa Tengah,Kota Magelang,Kedelai Impor,kg,13/02/2026,11000
Jawa Tengah,Kota Magelang,Cabai Merah Keriting,kg,13/02/2026,33333
Jawa Tengah,Kota Magelang,Cabai Rawit Merah,kg,13/02/2026,63000
Jawa Tengah,Kota Magelang,Cabai Merah Besar,kg,13/02/2026,43333
Jawa Tengah,Kota Magelang,Bawang Merah,kg,13/02/2026,39333
Jawa Tengah,Kota Magelang,Bawang Putih Honan,kg,13/02/2026,32667
Jawa Tengah,Kota Surakarta,Beras Medium,kg,13/02/2026,13500
Jawa Tengah,Kota Surakarta,Beras Premium,kg,13/02/2026,15750
Jawa Tengah,Kota Surakarta,Gula Pasir Curah,kg,13/02/2026,17000
Jawa Tengah,Kota Surakarta,Minyak Goreng Sawit Kemasan Premium,lt,13/02/2026,21000
Jawa Tengah,Kota Surakarta,Minyak Goreng Sawit Curah,lt,13/02/2026,19500
Jawa Tengah,Kota Surakarta,Minyakita,lt,13/02/2026,15700
Jawa Tengah,Kota Surakarta,Daging Sapi Paha Belakang,kg,13/02/2026,135000
Jawa Tengah,Kota Surakarta,Daging Ayam Ras,kg,13/02/2026,40000
Jawa Tengah,Kota Surakarta,Telur Ayam Ras,kg,13/02/2026,29000
Jawa Tengah,Kota Surakarta,Tepung Terigu,kg,13/02/2026,11250
Jawa Tengah,Kota Surakarta,Kedelai Impor,kg,13/02/2026,12000
Jawa Tengah,Kota Surakarta,Cabai Merah Keriting,kg,13/02/2026,33000
Jawa Tengah,Kota Surakarta,Cabai Rawit Merah,kg,13/02/2026,80000
Jawa Tengah,Kota Surakarta,Cabai Merah Besar,kg,13/02/2026,25000
Jawa Tengah,Kota Surakarta,Bawang Merah,kg,13/02/2026,37000
Jawa Tengah,Kota Surakarta,Bawang Putih Honan,kg,13/02/2026,29000
Jawa Tengah,Kota Salatiga,Beras Medium,kg,13/02/2026,13400
Jawa Tengah,Kota Salatiga,Beras Premium,kg,13/02/2026,14267
Jawa Tengah,Kota Salatiga,Gula Pasir Curah,kg,13/02/2026,17500
Jawa Tengah,Kota Salatiga,Minyak Goreng Sawit Kemasan Premium,lt,13/02/2026,22000
Jawa Tengah,Kota Salatiga,Minyak Goreng Sawit Curah,lt,13/02/2026,17100
Jawa Tengah,Kota Salatiga,Minyakita,lt,13/02/2026,15700
Jawa Tengah,Kota Salatiga,Daging Sapi Paha Belakang,kg,13/02/2026,120000
Jawa Tengah,Kota Salatiga,Daging Ayam Ras,kg,13/02/2026,40000
Jawa Tengah,Kota Salatiga,Telur Ayam Ras,kg,13/02/2026,30000
Jawa Tengah,Kota Salatiga,Tepung Terigu,kg,13/02/2026,12000
Jawa Tengah,Kota Salatiga,Kedelai Impor,kg,13/02/2026,12000
Jawa Tengah,Kota Salatiga,Cabai Merah Keriting,kg,13/02/2026,36667
Jawa Tengah,Kota Salatiga,Cabai Rawit Merah,kg,13/02/2026,78333
Jawa Tengah,Kota Salatiga,Cabai Merah Besar,kg,13/02/2026,36667
Jawa Tengah,Kota Salatiga,Bawang Merah,kg,13/02/2026,41667
Jawa Tengah,Kota Salatiga,Bawang Putih Honan,kg,13/02/2026,30667
Jawa Tengah,Kota Semarang,Beras Medium,kg,13/02/2026,13917
Jawa Tengah,Kota Semarang,Beras Premium,kg,13/02/2026,15292
Jawa Tengah,Kota Semarang,Gula Pasir Curah,kg,13/02/2026,17000
Jawa Tengah,Kota Semarang,Minyak Goreng Sawit Kemasan Premium,lt,13/02/2026,21333
Jawa Tengah,Kota Semarang,Minyak Goreng Sawit Curah,lt,13/02/2026,19917
Jawa Tengah,Kota Semarang,Minyakita,lt,13/02/2026,15700
Jawa Tengah,Kota Semarang,Daging Sapi Paha Belakang,kg,13/02/2026,130000
Jawa Tengah,Kota Semarang,Daging Ayam Ras,kg,13/02/2026,41000
Jawa Tengah,Kota Semarang,Telur Ayam Ras,kg,13/02/2026,30167
Jawa Tengah,Kota Semarang,Tepung Terigu,kg,13/02/2026,11750
Jawa Tengah,Kota Semarang,Kedelai Impor,kg,13/02/2026,0
Jawa Tengah,Kota Semarang,Cabai Merah Keriting,kg,13/02/2026,39000
Jawa Tengah,Kota Semarang,Cabai Rawit Merah,kg,13/02/2026,79000
Jawa Tengah,Kota Semarang,Cabai Merah Besar,kg,13/02/2026,35833
Jawa Tengah,Kota Semarang,Bawang Merah,kg,13/02/2026,41333
Jawa Tengah,Kota Semarang,Bawang Putih Honan,kg,13/02/2026,0
Jawa Tengah,Kota Pekalongan,Beras Medium,kg,13/02/2026,13500
Jawa Tengah,Kota Pekalongan,Beras Premium,kg,13/02/2026,14900
Jawa Tengah,Kota Pekalongan,Gula Pasir Curah,kg,13/02/2026,17000
Jawa Tengah,Kota Pekalongan,Minyak Goreng Sawit Kemasan Premium,lt,13/02/2026,21000
Jawa Tengah,Kota Pekalongan,Minyak Goreng Sawit Curah,lt,13/02/2026,18000
Jawa Tengah,Kota Pekalongan,Minyakita,lt,13/02/2026,15700
Jawa Tengah,Kota Pekalongan,Daging Sapi Paha Belakang,kg,13/02/2026,120000
Jawa Tengah,Kota Pekalongan,Daging Ayam Ras,kg,13/02/2026,40000
Jawa Tengah,Kota Pekalongan,Telur Ayam Ras,kg,13/02/2026,30000
Jawa Tengah,Kota Pekalongan,Tepung Terigu,kg,13/02/2026,11000
Jawa Tengah,Kota Pekalongan,Kedelai Impor,kg,13/02/2026,10000
Jawa Tengah,Kota Pekalongan,Cabai Merah Keriting,kg,13/02/2026,36000
Jawa Tengah,Kota Pekalongan,Cabai Rawit Merah,kg,13/02/2026,70000
Jawa Tengah,Kota Pekalongan,Cabai Merah Besar,kg,13/02/2026,29000
Jawa Tengah,Kota Pekalongan,Bawang Merah,kg,13/02/2026,40000
Jawa Tengah,Kota Pekalongan,Bawang Putih Honan,kg,13/02/2026,0
Jawa Tengah,Kota Tegal,Beras Medium,kg,13/02/2026,13250
Jawa Tengah,Kota Tegal,Beras Premium,kg,13/02/2026,14900
Jawa Tengah,Kota Tegal,Gula Pasir Curah,kg,13/02/2026,17167
Jawa Tengah,Kota Tegal,Minyak Goreng Sawit Kemasan Premium,lt,13/02/2026,21500
Jawa Tengah,Kota Tegal,Minyak Goreng Sawit Curah,lt,13/02/2026,17700
Jawa Tengah,Kota Tegal,Minyakita,lt,13/02/2026,15700
Jawa Tengah,Kota Tegal,Daging Sapi Paha Belakang,kg,13/02/2026,140000
Jawa Tengah,Kota Tegal,Daging Ayam Ras,kg,13/02/2026,42500
Jawa Tengah,Kota Tegal,Telur Ayam Ras,kg,13/02/2026,30500
Jawa Tengah,Kota Tegal,Tepung Terigu,kg,13/02/2026,11833
Jawa Tengah,Kota Tegal,Kedelai Impor,kg,13/02/2026,10500
Jawa Tengah,Kota Tegal,Cabai Merah Keriting,kg,13/02/2026,43333
Jawa Tengah,Kota Tegal,Cabai Rawit Merah,kg,13/02/2026,86667
Jawa Tengah,Kota Tegal,Cabai Merah Besar,kg,13/02/2026,33333
Jawa Tengah,Kota Tegal,Bawang Merah,kg,13/02/2026,40000
Jawa Tengah,Kota Tegal,Bawang Putih Honan,kg,13/02/2026,34667
Jawa Tengah,Kab. Cilacap,Beras Medium,kg,14/02/2026,0
Jawa Tengah,Kab. Cilacap,Beras Premium,kg,14/02/2026,0
Jawa Tengah,Kab. Cilacap,Gula Pasir Curah,kg,14/02/2026,0
Jawa Tengah,Kab. Cilacap,Minyak Goreng Sawit Kemasan Premium,lt,14/02/2026,0
Jawa Tengah,Kab. Cilacap,Minyak Goreng Sawit Curah,lt,14/02/2026,0
Jawa Tengah,Kab. Cilacap,Minyakita,lt,14/02/2026,0
Jawa Tengah,Kab. Cilacap,Daging Sapi Paha Belakang,kg,14/02/2026,0
Jawa Tengah,Kab. Cilacap,Daging Ayam Ras,kg,14/02/2026,0
Jawa Tengah,Kab. Cilacap,Telur Ayam Ras,kg,14/02/2026,0
Jawa Tengah,Kab. Cilacap,Tepung Terigu,kg,14/02/2026,0
Jawa Tengah,Kab. Cilacap,Kedelai Impor,kg,14/02/2026,0
Jawa Tengah,Kab. Cilacap,Cabai Merah Keriting,kg,14/02/2026,0
Jawa Tengah,Kab. Cilacap,Cabai Rawit Merah,kg,14/02/2026,0
Jawa Tengah,Kab. Cilacap,Cabai Merah Besar,kg,14/02/2026,0
Jawa Tengah,Kab. Cilacap,Bawang Merah,kg,14/02/2026,0
Jawa Tengah,Kab. Cilacap,Bawang Putih Honan,kg,14/02/2026,0
Jawa Tengah,Kab. Banyumas,Beras Medium,kg,14/02/2026,0
Jawa Tengah,Kab. Banyumas,Beras Premium,kg,14/02/2026,0
Jawa Tengah,Kab. Banyumas,Gula Pasir Curah,kg,14/02/2026,0
Jawa Tengah,Kab. Banyumas,Minyak Goreng Sawit Kemasan Premium,lt,14/02/2026,0
Jawa Tengah,Kab. Banyumas,Minyak Goreng Sawit Curah,lt,14/02/2026,0
Jawa Tengah,Kab. Banyumas,Minyakita,lt,14/02/2026,0
Jawa Tengah,Kab. Banyumas,Daging Sapi Paha Belakang,kg,14/02/2026,0
Jawa Tengah,Kab. Banyumas,Daging Ayam Ras,kg,14/02/2026,0
Jawa Tengah,Kab. Banyumas,Telur Ayam Ras,kg,14/02/2026,0
Jawa Tengah,Kab. Banyumas,Tepung Terigu,kg,14/02/2026,0
Jawa Tengah,Kab. Banyumas,Kedelai Impor,kg,14/02/2026,0
Jawa Tengah,Kab. Banyumas,Cabai Merah Keriting,kg,14/02/2026,0
Jawa Tengah,Kab. Banyumas,Cabai Rawit Merah,kg,14/02/2026,0
Jawa Tengah,Kab. Banyumas,Cabai Merah Besar,kg,14/02/2026,0
Jawa Tengah,Kab. Banyumas,Bawang Merah,kg,14/02/2026,0
Jawa Tengah,Kab. Banyumas,Bawang Putih Honan,kg,14/02/2026,0
Jawa Tengah,Kab. Purbalingga,Beras Medium,kg,14/02/2026,0
Jawa Tengah,Kab. Purbalingga,Beras Premium,kg,14/02/2026,0
Jawa Tengah,Kab. Purbalingga,Gula Pasir Curah,kg,14/02/2026,0
Jawa Tengah,Kab. Purbalingga,Minyak Goreng Sawit Kemasan Premium,lt,14/02/2026,0
Jawa Tengah,Kab. Purbalingga,Minyak Goreng Sawit Curah,lt,14/02/2026,0
Jawa Tengah,Kab. Purbalingga,Minyakita,lt,14/02/2026,0
Jawa Tengah,Kab. Purbalingga,Daging Sapi Paha Belakang,kg,14/02/2026,0
Jawa Tengah,Kab. Purbalingga,Daging Ayam Ras,kg,14/02/2026,0
Jawa Tengah,Kab. Purbalingga,Telur Ayam Ras,kg,14/02/2026,0
Jawa Tengah,Kab. Purbalingga,Tepung Terigu,kg,14/02/2026,0
Jawa Tengah,Kab. Purbalingga,Kedelai Impor,kg,14/02/2026,0
Jawa Tengah,Kab. Purbalingga,Cabai Merah Keriting,kg,14/02/2026,0
Jawa Tengah,Kab. Purbalingga,Cabai Rawit Merah,kg,14/02/2026,0
Jawa Tengah,Kab. Purbalingga,Cabai Merah Besar,kg,14/02/2026,0
Jawa Tengah,Kab. Purbalingga,Bawang Merah,kg,14/02/2026,0
Jawa Tengah,Kab. Purbalingga,Bawang Putih Honan,kg,14/02/2026,0
Jawa Tengah,Kab. Banjarnegara,Beras Medium,kg,14/02/2026,0
Jawa Tengah,Kab. Banjarnegara,Beras Premium,kg,14/02/2026,0
Jawa Tengah,Kab. Banjarnegara,Gula Pasir Curah,kg,14/02/2026,0
Jawa Tengah,Kab. Banjarnegara,Minyak Goreng Sawit Kemasan Premium,lt,14/02/2026,0
Jawa Tengah,Kab. Banjarnegara,Minyak Goreng Sawit Curah,lt,14/02/2026,0
Jawa Tengah,Kab. Banjarnegara,Minyakita,lt,14/02/2026,0
Jawa Tengah,Kab. Banjarnegara,Daging Sapi Paha Belakang,kg,14/02/2026,0
Jawa Tengah,Kab. Banjarnegara,Daging Ayam Ras,kg,14/02/2026,0
Jawa Tengah,Kab. Banjarnegara,Telur Ayam Ras,kg,14/02/2026,0
Jawa Tengah,Kab. Banjarnegara,Tepung Terigu,kg,14/02/2026,0
Jawa Tengah,Kab. Banjarnegara,Kedelai Impor,kg,14/02/2026,0
Jawa Tengah,Kab. Banjarnegara,Cabai Merah Keriting,kg,14/02/2026,0
Jawa Tengah,Kab. Banjarnegara,Cabai Rawit Merah,kg,14/02/2026,0
Jawa Tengah,Kab. Banjarnegara,Cabai Merah Besar,kg,14/02/2026,0
Jawa Tengah,Kab. Banjarnegara,Bawang Merah,kg,14/02/2026,0
Jawa Tengah,Kab. Banjarnegara,Bawang Putih Honan,kg,14/02/2026,0
Jawa Tengah,Kab. Kebumen,Beras Medium,kg,14/02/2026,0
Jawa Tengah,Kab. Kebumen,Beras Premium,kg,14/02/2026,0
Jawa Tengah,Kab. Kebumen,Gula Pasir Curah,kg,14/02/2026,0
Jawa Tengah,Kab. Kebumen,Minyak Goreng Sawit Kemasan Premium,lt,14/02/2026,0
Jawa Tengah,Kab. Kebumen,Minyak Goreng Sawit Curah,lt,14/02/2026,0
Jawa Tengah,Kab. Kebumen,Minyakita,lt,14/02/2026,0
Jawa Tengah,Kab. Kebumen,Daging Sapi Paha Belakang,kg,14/02/2026,0
Jawa Tengah,Kab. Kebumen,Daging Ayam Ras,kg,14/02/2026,0
Jawa Tengah,Kab. Kebumen,Telur Ayam Ras,kg,14/02/2026,0
Jawa Tengah,Kab. Kebumen,Tepung Terigu,kg,14/02/2026,0
Jawa Tengah,Kab. Kebumen,Kedelai Impor,kg,14/02/2026,0
Jawa Tengah,Kab. Kebumen,Cabai Merah Keriting,kg,14/02/2026,0
Jawa Tengah,Kab. Kebumen,Cabai Rawit Merah,kg,14/02/2026,0
Jawa Tengah,Kab. Kebumen,Cabai Merah Besar,kg,14/02/2026,0
Jawa Tengah,Kab. Kebumen,Bawang Merah,kg,14/02/2026,0
Jawa Tengah,Kab. Kebumen,Bawang Putih Honan,kg,14/02/2026,0
Jawa Tengah,Kab. Purworejo,Beras Medium,kg,14/02/2026,0
Jawa Tengah,Kab. Purworejo,Beras Premium,kg,14/02/2026,0
Jawa Tengah,Kab. Purworejo,Gula Pasir Curah,kg,14/02/2026,0
Jawa Tengah,Kab. Purworejo,Minyak Goreng Sawit Kemasan Premium,lt,14/02/2026,0
Jawa Tengah,Kab. Purworejo,Minyak Goreng Sawit Curah,lt,14/02/2026,0
Jawa Tengah,Kab. Purworejo,Minyakita,lt,14/02/2026,0
Jawa Tengah,Kab. Purworejo,Daging Sapi Paha Belakang,kg,14/02/2026,0
Jawa Tengah,Kab. Purworejo,Daging Ayam Ras,kg,14/02/2026,0
Jawa Tengah,Kab. Purworejo,Telur Ayam Ras,kg,14/02/2026,0
Jawa Tengah,Kab. Purworejo,Tepung Terigu,kg,14/02/2026,0
Jawa Tengah,Kab. Purworejo,Kedelai Impor,kg,14/02/2026,0
Jawa Tengah,Kab. Purworejo,Cabai Merah Keriting,kg,14/02/2026,0
Jawa Tengah,Kab. Purworejo,Cabai Rawit Merah,kg,14/02/2026,0
Jawa Tengah,Kab. Purworejo,Cabai Merah Besar,kg,14/02/2026,0
Jawa Tengah,Kab. Purworejo,Bawang Merah,kg,14/02/2026,0
Jawa Tengah,Kab. Purworejo,Bawang Putih Honan,kg,14/02/2026,0
Jawa Tengah,Kab. Wonosobo,Beras Medium,kg,14/02/2026,0
Jawa Tengah,Kab. Wonosobo,Beras Premium,kg,14/02/2026,0
Jawa Tengah,Kab. Wonosobo,Gula Pasir Curah,kg,14/02/2026,0
Jawa Tengah,Kab. Wonosobo,Minyak Goreng Sawit Kemasan Premium,lt,14/02/2026,0
Jawa Tengah,Kab. Wonosobo,Minyak Goreng Sawit Curah,lt,14/02/2026,0
Jawa Tengah,Kab. Wonosobo,Minyakita,lt,14/02/2026,0
Jawa Tengah,Kab. Wonosobo,Daging Sapi Paha Belakang,kg,14/02/2026,0
Jawa Tengah,Kab. Wonosobo,Daging Ayam Ras,kg,14/02/2026,0
Jawa Tengah,Kab. Wonosobo,Telur Ayam Ras,kg,14/02/2026,0
Jawa Tengah,Kab. Wonosobo,Tepung Terigu,kg,14/02/2026,0
Jawa Tengah,Kab. Wonosobo,Kedelai Impor,kg,14/02/2026,0
Jawa Tengah,Kab. Wonosobo,Cabai Merah Keriting,kg,14/02/2026,0
Jawa Tengah,Kab. Wonosobo,Cabai Rawit Merah,kg,14/02/2026,0
Jawa Tengah,Kab. Wonosobo,Cabai Merah Besar,kg,14/02/2026,0
Jawa Tengah,Kab. Wonosobo,Bawang Merah,kg,14/02/2026,0
Jawa Tengah,Kab. Wonosobo,Bawang Putih Honan,kg,14/02/2026,0
Jawa Tengah,Kab. Magelang,Beras Medium,kg,14/02/2026,0
Jawa Tengah,Kab. Magelang,Beras Premium,kg,14/02/2026,0
Jawa Tengah,Kab. Magelang,Gula Pasir Curah,kg,14/02/2026,0
Jawa Tengah,Kab. Magelang,Minyak Goreng Sawit Kemasan Premium,lt,14/02/2026,0
Jawa Tengah,Kab. Magelang,Minyak Goreng Sawit Curah,lt,14/02/2026,0
Jawa Tengah,Kab. Magelang,Minyakita,lt,14/02/2026,0
Jawa Tengah,Kab. Magelang,Daging Sapi Paha Belakang,kg,14/02/2026,0
Jawa Tengah,Kab. Magelang,Daging Ayam Ras,kg,14/02/2026,0
Jawa Tengah,Kab. Magelang,Telur Ayam Ras,kg,14/02/2026,0
Jawa Tengah,Kab. Magelang,Tepung Terigu,kg,14/02/2026,0
Jawa Tengah,Kab. Magelang,Kedelai Impor,kg,14/02/2026,0
Jawa Tengah,Kab. Magelang,Cabai Merah Keriting,kg,14/02/2026,0
Jawa Tengah,Kab. Magelang,Cabai Rawit Merah,kg,14/02/2026,0
Jawa Tengah,Kab. Magelang,Cabai Merah Besar,kg,14/02/2026,0
Jawa Tengah,Kab. Magelang,Bawang Merah,kg,14/02/2026,0
Jawa Tengah,Kab. Magelang,Bawang Putih Honan,kg,14/02/2026,0
Jawa Tengah,Kab. Boyolali,Beras Medium,kg,14/02/2026,0
Jawa Tengah,Kab. Boyolali,Beras Premium,kg,14/02/2026,0
Jawa Tengah,Kab. Boyolali,Gula Pasir Curah,kg,14/02/2026,0
Jawa Tengah,Kab. Boyolali,Minyak Goreng Sawit Kemasan Premium,lt,14/02/2026,0
Jawa Tengah,Kab. Boyolali,Minyak Goreng Sawit Curah,lt,14/02/2026,0
Jawa Tengah,Kab. Boyolali,Minyakita,lt,14/02/2026,0
Jawa Tengah,Kab. Boyolali,Daging Sapi Paha Belakang,kg,14/02/2026,0
Jawa Tengah,Kab. Boyolali,Daging Ayam Ras,kg,14/02/2026,0
Jawa Tengah,Kab. Boyolali,Telur Ayam Ras,kg,14/02/2026,0
Jawa Tengah,Kab. Boyolali,Tepung Terigu,kg,14/02/2026,0
Jawa Tengah,Kab. Boyolali,Kedelai Impor,kg,14/02/2026,0
Jawa Tengah,Kab. Boyolali,Cabai Merah Keriting,kg,14/02/2026,0
Jawa Tengah,Kab. Boyolali,Cabai Rawit Merah,kg,14/02/2026,0
Jawa Tengah,Kab. Boyolali,Cabai Merah Besar,kg,14/02/2026,0
Jawa Tengah,Kab. Boyolali,Bawang Merah,kg,14/02/2026,0
Jawa Tengah,Kab. Boyolali,Bawang Putih Honan,kg,14/02/2026,0
Jawa Tengah,Kab. Klaten,Beras Medium,kg,14/02/2026,0
Jawa Tengah,Kab. Klaten,Beras Premium,kg,14/02/2026,0
Jawa Tengah,Kab. Klaten,Gula Pasir Curah,kg,14/02/2026,0
Jawa Tengah,Kab. Klaten,Minyak Goreng Sawit Kemasan Premium,lt,14/02/2026,0
Jawa Tengah,Kab. Klaten,Minyak Goreng Sawit Curah,lt,14/02/2026,0
Jawa Tengah,Kab. Klaten,Minyakita,lt,14/02/2026,0
Jawa Tengah,Kab. Klaten,Daging Sapi Paha Belakang,kg,14/02/2026,0
Jawa Tengah,Kab. Klaten,Daging Ayam Ras,kg,14/02/2026,0
Jawa Tengah,Kab. Klaten,Telur Ayam Ras,kg,14/02/2026,0
Jawa Tengah,Kab. Klaten,Tepung Terigu,kg,14/02/2026,0
Jawa Tengah,Kab. Klaten,Kedelai Impor,kg,14/02/2026,0
Jawa Tengah,Kab. Klaten,Cabai Merah Keriting,kg,14/02/2026,0
Jawa Tengah,Kab. Klaten,Cabai Rawit Merah,kg,14/02/2026,0
Jawa Tengah,Kab. Klaten,Cabai Merah Besar,kg,14/02/2026,0
Jawa Tengah,Kab. Klaten,Bawang Merah,kg,14/02/2026,0
Jawa Tengah,Kab. Klaten,Bawang Putih Honan,kg,14/02/2026,0
Jawa Tengah,Kab. Sukoharjo,Beras Medium,kg,14/02/2026,0
Jawa Tengah,Kab. Sukoharjo,Beras Premium,kg,14/02/2026,0
Jawa Tengah,Kab. Sukoharjo,Gula Pasir Curah,kg,14/02/2026,0
Jawa Tengah,Kab. Sukoharjo,Minyak Goreng Sawit Kemasan Premium,lt,14/02/2026,0
Jawa Tengah,Kab. Sukoharjo,Minyak Goreng Sawit Curah,lt,14/02/2026,0
Jawa Tengah,Kab. Sukoharjo,Minyakita,lt,14/02/2026,0
Jawa Tengah,Kab. Sukoharjo,Daging Sapi Paha Belakang,kg,14/02/2026,0
Jawa Tengah,Kab. Sukoharjo,Daging Ayam Ras,kg,14/02/2026,0
Jawa Tengah,Kab. Sukoharjo,Telur Ayam Ras,kg,14/02/2026,0
Jawa Tengah,Kab. Sukoharjo,Tepung Terigu,kg,14/02/2026,0
Jawa Tengah,Kab. Sukoharjo,Kedelai Impor,kg,14/02/2026,0
Jawa Tengah,Kab. Sukoharjo,Cabai Merah Keriting,kg,14/02/2026,0
Jawa Tengah,Kab. Sukoharjo,Cabai Rawit Merah,kg,14/02/2026,0
Jawa Tengah,Kab. Sukoharjo,Cabai Merah Besar,kg,14/02/2026,0
Jawa Tengah,Kab. Sukoharjo,Bawang Merah,kg,14/02/2026,0
Jawa Tengah,Kab. Sukoharjo,Bawang Putih Honan,kg,14/02/2026,0
Jawa Tengah,Kab. Wonogiri,Beras Medium,kg,14/02/2026,0
Jawa Tengah,Kab. Wonogiri,Beras Premium,kg,14/02/2026,0
Jawa Tengah,Kab. Wonogiri,Gula Pasir Curah,kg,14/02/2026,0
Jawa Tengah,Kab. Wonogiri,Minyak Goreng Sawit Kemasan Premium,lt,14/02/2026,0
Jawa Tengah,Kab. Wonogiri,Minyak Goreng Sawit Curah,lt,14/02/2026,0
Jawa Tengah,Kab. Wonogiri,Minyakita,lt,14/02/2026,0
Jawa Tengah,Kab. Wonogiri,Daging Sapi Paha Belakang,kg,14/02/2026,0
Jawa Tengah,Kab. Wonogiri,Daging Ayam Ras,kg,14/02/2026,0
Jawa Tengah,Kab. Wonogiri,Telur Ayam Ras,kg,14/02/2026,0
Jawa Tengah,Kab. Wonogiri,Tepung Terigu,kg,14/02/2026,0
Jawa Tengah,Kab. Wonogiri,Kedelai Impor,kg,14/02/2026,0
Jawa Tengah,Kab. Wonogiri,Cabai Merah Keriting,kg,14/02/2026,0
Jawa Tengah,Kab. Wonogiri,Cabai Rawit Merah,kg,14/02/2026,0
Jawa Tengah,Kab. Wonogiri,Cabai Merah Besar,kg,14/02/2026,0
Jawa Tengah,Kab. Wonogiri,Bawang Merah,kg,14/02/2026,0
Jawa Tengah,Kab. Wonogiri,Bawang Putih Honan,kg,14/02/2026,0
Jawa Tengah,Kab. Karanganyar,Beras Medium,kg,14/02/2026,0
Jawa Tengah,Kab. Karanganyar,Beras Premium,kg,14/02/2026,0
Jawa Tengah,Kab. Karanganyar,Gula Pasir Curah,kg,14/02/2026,0
Jawa Tengah,Kab. Karanganyar,Minyak Goreng Sawit Kemasan Premium,lt,14/02/2026,0
Jawa Tengah,Kab. Karanganyar,Minyak Goreng Sawit Curah,lt,14/02/2026,0
Jawa Tengah,Kab. Karanganyar,Minyakita,lt,14/02/2026,0
Jawa Tengah,Kab. Karanganyar,Daging Sapi Paha Belakang,kg,14/02/2026,0
Jawa Tengah,Kab. Karanganyar,Daging Ayam Ras,kg,14/02/2026,0
Jawa Tengah,Kab. Karanganyar,Telur Ayam Ras,kg,14/02/2026,0
Jawa Tengah,Kab. Karanganyar,Tepung Terigu,kg,14/02/2026,0
Jawa Tengah,Kab. Karanganyar,Kedelai Impor,kg,14/02/2026,0
Jawa Tengah,Kab. Karanganyar,Cabai Merah Keriting,kg,14/02/2026,0
Jawa Tengah,Kab. Karanganyar,Cabai Rawit Merah,kg,14/02/2026,0
Jawa Tengah,Kab. Karanganyar,Cabai Merah Besar,kg,14/02/2026,0
Jawa Tengah,Kab. Karanganyar,Bawang Merah,kg,14/02/2026,0
Jawa Tengah,Kab. Karanganyar,Bawang Putih Honan,kg,14/02/2026,0
Jawa Tengah,Kab. Sragen,Beras Medium,kg,14/02/2026,0
Jawa Tengah,Kab. Sragen,Beras Premium,kg,14/02/2026,0
Jawa Tengah,Kab. Sragen,Gula Pasir Curah,kg,14/02/2026,0
Jawa Tengah,Kab. Sragen,Minyak Goreng Sawit Kemasan Premium,lt,14/02/2026,0
Jawa Tengah,Kab. Sragen,Minyak Goreng Sawit Curah,lt,14/02/2026,0
Jawa Tengah,Kab. Sragen,Minyakita,lt,14/02/2026,0
Jawa Tengah,Kab. Sragen,Daging Sapi Paha Belakang,kg,14/02/2026,0
Jawa Tengah,Kab. Sragen,Daging Ayam Ras,kg,14/02/2026,0
Jawa Tengah,Kab. Sragen,Telur Ayam Ras,kg,14/02/2026,0
Jawa Tengah,Kab. Sragen,Tepung Terigu,kg,14/02/2026,0
Jawa Tengah,Kab. Sragen,Kedelai Impor,kg,14/02/2026,0
Jawa Tengah,Kab. Sragen,Cabai Merah Keriting,kg,14/02/2026,0
Jawa Tengah,Kab. Sragen,Cabai Rawit Merah,kg,14/02/2026,0
Jawa Tengah,Kab. Sragen,Cabai Merah Besar,kg,14/02/2026,0
Jawa Tengah,Kab. Sragen,Bawang Merah,kg,14/02/2026,0
Jawa Tengah,Kab. Sragen,Bawang Putih Honan,kg,14/02/2026,0
Jawa Tengah,Kab. Grobogan,Beras Medium,kg,14/02/2026,0
Jawa Tengah,Kab. Grobogan,Beras Premium,kg,14/02/2026,0
Jawa Tengah,Kab. Grobogan,Gula Pasir Curah,kg,14/02/2026,0
Jawa Tengah,Kab. Grobogan,Minyak Goreng Sawit Kemasan Premium,lt,14/02/2026,0
Jawa Tengah,Kab. Grobogan,Minyak Goreng Sawit Curah,lt,14/02/2026,0
Jawa Tengah,Kab. Grobogan,Minyakita,lt,14/02/2026,0
Jawa Tengah,Kab. Grobogan,Daging Sapi Paha Belakang,kg,14/02/2026,0
Jawa Tengah,Kab. Grobogan,Daging Ayam Ras,kg,14/02/2026,0
Jawa Tengah,Kab. Grobogan,Telur Ayam Ras,kg,14/02/2026,0
Jawa Tengah,Kab. Grobogan,Tepung Terigu,kg,14/02/2026,0
Jawa Tengah,Kab. Grobogan,Kedelai Impor,kg,14/02/2026,0
Jawa Tengah,Kab. Grobogan,Cabai Merah Keriting,kg,14/02/2026,0
Jawa Tengah,Kab. Grobogan,Cabai Rawit Merah,kg,14/02/2026,0
Jawa Tengah,Kab. Grobogan,Cabai Merah Besar,kg,14/02/2026,0
Jawa Tengah,Kab. Grobogan,Bawang Merah,kg,14/02/2026,0
Jawa Tengah,Kab. Grobogan,Bawang Putih Honan,kg,14/02/2026,0
Jawa Tengah,Kab. Blora,Beras Medium,kg,14/02/2026,0
Jawa Tengah,Kab. Blora,Beras Premium,kg,14/02/2026,0
Jawa Tengah,Kab. Blora,Gula Pasir Curah,kg,14/02/2026,0
Jawa Tengah,Kab. Blora,Minyak Goreng Sawit Kemasan Premium,lt,14/02/2026,0
Jawa Tengah,Kab. Blora,Minyak Goreng Sawit Curah,lt,14/02/2026,0
Jawa Tengah,Kab. Blora,Minyakita,lt,14/02/2026,0
Jawa Tengah,Kab. Blora,Daging Sapi Paha Belakang,kg,14/02/2026,0
Jawa Tengah,Kab. Blora,Daging Ayam Ras,kg,14/02/2026,0
Jawa Tengah,Kab. Blora,Telur Ayam Ras,kg,14/02/2026,0
Jawa Tengah,Kab. Blora,Tepung Terigu,kg,14/02/2026,0
Jawa Tengah,Kab. Blora,Kedelai Impor,kg,14/02/2026,0
Jawa Tengah,Kab. Blora,Cabai Merah Keriting,kg,14/02/2026,0
Jawa Tengah,Kab. Blora,Cabai Rawit Merah,kg,14/02/2026,0
Jawa Tengah,Kab. Blora,Cabai Merah Besar,kg,14/02/2026,0
Jawa Tengah,Kab. Blora,Bawang Merah,kg,14/02/2026,0
Jawa Tengah,Kab. Blora,Bawang Putih Honan,kg,14/02/2026,0
Jawa Tengah,Kab. Rembang,Beras Medium,kg,14/02/2026,0
Jawa Tengah,Kab. Rembang,Beras Premium,kg,14/02/2026,0
Jawa Tengah,Kab. Rembang,Gula Pasir Curah,kg,14/02/2026,0
Jawa Tengah,Kab. Rembang,Minyak Goreng Sawit Kemasan Premium,lt,14/02/2026,0
Jawa Tengah,Kab. Rembang,Minyak Goreng Sawit Curah,lt,14/02/2026,0
Jawa Tengah,Kab. Rembang,Minyakita,lt,14/02/2026,0
Jawa Tengah,Kab. Rembang,Daging Sapi Paha Belakang,kg,14/02/2026,0
Jawa Tengah,Kab. Rembang,Daging Ayam Ras,kg,14/02/2026,0
Jawa Tengah,Kab. Rembang,Telur Ayam Ras,kg,14/02/2026,0
Jawa Tengah,Kab. Rembang,Tepung Terigu,kg,14/02/2026,0
Jawa Tengah,Kab. Rembang,Kedelai Impor,kg,14/02/2026,0
Jawa Tengah,Kab. Rembang,Cabai Merah Keriting,kg,14/02/2026,0
Jawa Tengah,Kab. Rembang,Cabai Rawit Merah,kg,14/02/2026,0
Jawa Tengah,Kab. Rembang,Cabai Merah Besar,kg,14/02/2026,0
Jawa Tengah,Kab. Rembang,Bawang Merah,kg,14/02/2026,0
Jawa Tengah,Kab. Rembang,Bawang Putih Honan,kg,14/02/2026,0
Jawa Tengah,Kab. Pati,Beras Medium,kg,14/02/2026,0
Jawa Tengah,Kab. Pati,Beras Premium,kg,14/02/2026,0
Jawa Tengah,Kab. Pati,Gula Pasir Curah,kg,14/02/2026,0
Jawa Tengah,Kab. Pati,Minyak Goreng Sawit Kemasan Premium,lt,14/02/2026,0
Jawa Tengah,Kab. Pati,Minyak Goreng Sawit Curah,lt,14/02/2026,0
Jawa Tengah,Kab. Pati,Minyakita,lt,14/02/2026,0
Jawa Tengah,Kab. Pati,Daging Sapi Paha Belakang,kg,14/02/2026,0
Jawa Tengah,Kab. Pati,Daging Ayam Ras,kg,14/02/2026,0
Jawa Tengah,Kab. Pati,Telur Ayam Ras,kg,14/02/2026,0
Jawa Tengah,Kab. Pati,Tepung Terigu,kg,14/02/2026,0
Jawa Tengah,Kab. Pati,Kedelai Impor,kg,14/02/2026,0
Jawa Tengah,Kab. Pati,Cabai Merah Keriting,kg,14/02/2026,0
Jawa Tengah,Kab. Pati,Cabai Rawit Merah,kg,14/02/2026,0
Jawa Tengah,Kab. Pati,Cabai Merah Besar,kg,14/02/2026,0
Jawa Tengah,Kab. Pati,Bawang Merah,kg,14/02/2026,0
Jawa Tengah,Kab. Pati,Bawang Putih Honan,kg,14/02/2026,0
Jawa Tengah,Kab. Kudus,Beras Medium,kg,14/02/2026,0
Jawa Tengah,Kab. Kudus,Beras Premium,kg,14/02/2026,0
Jawa Tengah,Kab. Kudus,Gula Pasir Curah,kg,14/02/2026,0
Jawa Tengah,Kab. Kudus,Minyak Goreng Sawit Kemasan Premium,lt,14/02/2026,0
Jawa Tengah,Kab. Kudus,Minyak Goreng Sawit Curah,lt,14/02/2026,0
Jawa Tengah,Kab. Kudus,Minyakita,lt,14/02/2026,0
Jawa Tengah,Kab. Kudus,Daging Sapi Paha Belakang,kg,14/02/2026,0
Jawa Tengah,Kab. Kudus,Daging Ayam Ras,kg,14/02/2026,0
Jawa Tengah,Kab. Kudus,Telur Ayam Ras,kg,14/02/2026,0
Jawa Tengah,Kab. Kudus,Tepung Terigu,kg,14/02/2026,0
Jawa Tengah,Kab. Kudus,Kedelai Impor,kg,14/02/2026,0
Jawa Tengah,Kab. Kudus,Cabai Merah Keriting,kg,14/02/2026,0
Jawa Tengah,Kab. Kudus,Cabai Rawit Merah,kg,14/02/2026,0
Jawa Tengah,Kab. Kudus,Cabai Merah Besar,kg,14/02/2026,0
Jawa Tengah,Kab. Kudus,Bawang Merah,kg,14/02/2026,0
Jawa Tengah,Kab. Kudus,Bawang Putih Honan,kg,14/02/2026,0
Jawa Tengah,Kab. Jepara,Beras Medium,kg,14/02/2026,0
Jawa Tengah,Kab. Jepara,Beras Premium,kg,14/02/2026,0
Jawa Tengah,Kab. Jepara,Gula Pasir Curah,kg,14/02/2026,0
Jawa Tengah,Kab. Jepara,Minyak Goreng Sawit Kemasan Premium,lt,14/02/2026,0
Jawa Tengah,Kab. Jepara,Minyak Goreng Sawit Curah,lt,14/02/2026,0
Jawa Tengah,Kab. Jepara,Minyakita,lt,14/02/2026,0
Jawa Tengah,Kab. Jepara,Daging Sapi Paha Belakang,kg,14/02/2026,0
Jawa Tengah,Kab. Jepara,Daging Ayam Ras,kg,14/02/2026,0
Jawa Tengah,Kab. Jepara,Telur Ayam Ras,kg,14/02/2026,0
Jawa Tengah,Kab. Jepara,Tepung Terigu,kg,14/02/2026,0
Jawa Tengah,Kab. Jepara,Kedelai Impor,kg,14/02/2026,0
Jawa Tengah,Kab. Jepara,Cabai Merah Keriting,kg,14/02/2026,0
Jawa Tengah,Kab. Jepara,Cabai Rawit Merah,kg,14/02/2026,0
Jawa Tengah,Kab. Jepara,Cabai Merah Besar,kg,14/02/2026,0
Jawa Tengah,Kab. Jepara,Bawang Merah,kg,14/02/2026,0
Jawa Tengah,Kab. Jepara,Bawang Putih Honan,kg,14/02/2026,0
Jawa Tengah,Kab. Demak,Beras Medium,kg,14/02/2026,0
Jawa Tengah,Kab. Demak,Beras Premium,kg,14/02/2026,0
Jawa Tengah,Kab. Demak,Gula Pasir Curah,kg,14/02/2026,0
Jawa Tengah,Kab. Demak,Minyak Goreng Sawit Kemasan Premium,lt,14/02/2026,0
Jawa Tengah,Kab. Demak,Minyak Goreng Sawit Curah,lt,14/02/2026,0
Jawa Tengah,Kab. Demak,Minyakita,lt,14/02/2026,0
Jawa Tengah,Kab. Demak,Daging Sapi Paha Belakang,kg,14/02/2026,0
Jawa Tengah,Kab. Demak,Daging Ayam Ras,kg,14/02/2026,0
Jawa Tengah,Kab. Demak,Telur Ayam Ras,kg,14/02/2026,0
Jawa Tengah,Kab. Demak,Tepung Terigu,kg,14/02/2026,0
Jawa Tengah,Kab. Demak,Kedelai Impor,kg,14/02/2026,0
Jawa Tengah,Kab. Demak,Cabai Merah Keriting,kg,14/02/2026,0
Jawa Tengah,Kab. Demak,Cabai Rawit Merah,kg,14/02/2026,0
Jawa Tengah,Kab. Demak,Cabai Merah Besar,kg,14/02/2026,0
Jawa Tengah,Kab. Demak,Bawang Merah,kg,14/02/2026,0
Jawa Tengah,Kab. Demak,Bawang Putih Honan,kg,14/02/2026,0
Jawa Tengah,Kab. Semarang,Beras Medium,kg,14/02/2026,0
Jawa Tengah,Kab. Semarang,Beras Premium,kg,14/02/2026,0
Jawa Tengah,Kab. Semarang,Gula Pasir Curah,kg,14/02/2026,0
Jawa Tengah,Kab. Semarang,Minyak Goreng Sawit Kemasan Premium,lt,14/02/2026,0
Jawa Tengah,Kab. Semarang,Minyak Goreng Sawit Curah,lt,14/02/2026,0
Jawa Tengah,Kab. Semarang,Minyakita,lt,14/02/2026,0
Jawa Tengah,Kab. Semarang,Daging Sapi Paha Belakang,kg,14/02/2026,0
Jawa Tengah,Kab. Semarang,Daging Ayam Ras,kg,14/02/2026,0
Jawa Tengah,Kab. Semarang,Telur Ayam Ras,kg,14/02/2026,0
Jawa Tengah,Kab. Semarang,Tepung Terigu,kg,14/02/2026,0
Jawa Tengah,Kab. Semarang,Kedelai Impor,kg,14/02/2026,0
Jawa Tengah,Kab. Semarang,Cabai Merah Keriting,kg,14/02/2026,0
Jawa Tengah,Kab. Semarang,Cabai Rawit Merah,kg,14/02/2026,0
Jawa Tengah,Kab. Semarang,Cabai Merah Besar,kg,14/02/2026,0
Jawa Tengah,Kab. Semarang,Bawang Merah,kg,14/02/2026,0
Jawa Tengah,Kab. Semarang,Bawang Putih Honan,kg,14/02/2026,0
Jawa Tengah,Kab. Temanggung,Beras Medium,kg,14/02/2026,0
Jawa Tengah,Kab. Temanggung,Beras Premium,kg,14/02/2026,0
Jawa Tengah,Kab. Temanggung,Gula Pasir Curah,kg,14/02/2026,0
Jawa Tengah,Kab. Temanggung,Minyak Goreng Sawit Kemasan Premium,lt,14/02/2026,0
Jawa Tengah,Kab. Temanggung,Minyak Goreng Sawit Curah,lt,14/02/2026,0
Jawa Tengah,Kab. Temanggung,Minyakita,lt,14/02/2026,0
Jawa Tengah,Kab. Temanggung,Daging Sapi Paha Belakang,kg,14/02/2026,0
Jawa Tengah,Kab. Temanggung,Daging Ayam Ras,kg,14/02/2026,0
Jawa Tengah,Kab. Temanggung,Telur Ayam Ras,kg,14/02/2026,0
Jawa Tengah,Kab. Temanggung,Tepung Terigu,kg,14/02/2026,0
Jawa Tengah,Kab. Temanggung,Kedelai Impor,kg,14/02/2026,0
Jawa Tengah,Kab. Temanggung,Cabai Merah Keriting,kg,14/02/2026,0
Jawa Tengah,Kab. Temanggung,Cabai Rawit Merah,kg,14/02/2026,0
Jawa Tengah,Kab. Temanggung,Cabai Merah Besar,kg,14/02/2026,0
Jawa Tengah,Kab. Temanggung,Bawang Merah,kg,14/02/2026,0
Jawa Tengah,Kab. Temanggung,Bawang Putih Honan,kg,14/02/2026,0
Jawa Tengah,Kab. Kendal,Beras Medium,kg,14/02/2026,0
Jawa Tengah,Kab. Kendal,Beras Premium,kg,14/02/2026,0
Jawa Tengah,Kab. Kendal,Gula Pasir Curah,kg,14/02/2026,0
Jawa Tengah,Kab. Kendal,Minyak Goreng Sawit Kemasan Premium,lt,14/02/2026,0
Jawa Tengah,Kab. Kendal,Minyak Goreng Sawit Curah,lt,14/02/2026,0
Jawa Tengah,Kab. Kendal,Minyakita,lt,14/02/2026,0
Jawa Tengah,Kab. Kendal,Daging Sapi Paha Belakang,kg,14/02/2026,0
Jawa Tengah,Kab. Kendal,Daging Ayam Ras,kg,14/02/2026,0
Jawa Tengah,Kab. Kendal,Telur Ayam Ras,kg,14/02/2026,0
Jawa Tengah,Kab. Kendal,Tepung Terigu,kg,14/02/2026,0
Jawa Tengah,Kab. Kendal,Kedelai Impor,kg,14/02/2026,0
Jawa Tengah,Kab. Kendal,Cabai Merah Keriting,kg,14/02/2026,0
Jawa Tengah,Kab. Kendal,Cabai Rawit Merah,kg,14/02/2026,0
Jawa Tengah,Kab. Kendal,Cabai Merah Besar,kg,14/02/2026,0
Jawa Tengah,Kab. Kendal,Bawang Merah,kg,14/02/2026,0
Jawa Tengah,Kab. Kendal,Bawang Putih Honan,kg,14/02/2026,0
Jawa Tengah,Kab. Batang,Beras Medium,kg,14/02/2026,0
Jawa Tengah,Kab. Batang,Beras Premium,kg,14/02/2026,0
Jawa Tengah,Kab. Batang,Gula Pasir Curah,kg,14/02/2026,0
Jawa Tengah,Kab. Batang,Minyak Goreng Sawit Kemasan Premium,lt,14/02/2026,0
Jawa Tengah,Kab. Batang,Minyak Goreng Sawit Curah,lt,14/02/2026,0
Jawa Tengah,Kab. Batang,Minyakita,lt,14/02/2026,0
Jawa Tengah,Kab. Batang,Daging Sapi Paha Belakang,kg,14/02/2026,0
Jawa Tengah,Kab. Batang,Daging Ayam Ras,kg,14/02/2026,0
Jawa Tengah,Kab. Batang,Telur Ayam Ras,kg,14/02/2026,0
Jawa Tengah,Kab. Batang,Tepung Terigu,kg,14/02/2026,0
Jawa Tengah,Kab. Batang,Kedelai Impor,kg,14/02/2026,0
Jawa Tengah,Kab. Batang,Cabai Merah Keriting,kg,14/02/2026,0
Jawa Tengah,Kab. Batang,Cabai Rawit Merah,kg,14/02/2026,0
Jawa Tengah,Kab. Batang,Cabai Merah Besar,kg,14/02/2026,0
Jawa Tengah,Kab. Batang,Bawang Merah,kg,14/02/2026,0
Jawa Tengah,Kab. Batang,Bawang Putih Honan,kg,14/02/2026,0
Jawa Tengah,Kab. Pekalongan,Beras Medium,kg,14/02/2026,0
Jawa Tengah,Kab. Pekalongan,Beras Premium,kg,14/02/2026,0
Jawa Tengah,Kab. Pekalongan,Gula Pasir Curah,kg,14/02/2026,0
Jawa Tengah,Kab. Pekalongan,Minyak Goreng Sawit Kemasan Premium,lt,14/02/2026,0
Jawa Tengah,Kab. Pekalongan,Minyak Goreng Sawit Curah,lt,14/02/2026,0
Jawa Tengah,Kab. Pekalongan,Minyakita,lt,14/02/2026,0
Jawa Tengah,Kab. Pekalongan,Daging Sapi Paha Belakang,kg,14/02/2026,0
Jawa Tengah,Kab. Pekalongan,Daging Ayam Ras,kg,14/02/2026,0
Jawa Tengah,Kab. Pekalongan,Telur Ayam Ras,kg,14/02/2026,0
Jawa Tengah,Kab. Pekalongan,Tepung Terigu,kg,14/02/2026,0
Jawa Tengah,Kab. Pekalongan,Kedelai Impor,kg,14/02/2026,0
Jawa Tengah,Kab. Pekalongan,Cabai Merah Keriting,kg,14/02/2026,0
Jawa Tengah,Kab. Pekalongan,Cabai Rawit Merah,kg,14/02/2026,0
Jawa Tengah,Kab. Pekalongan,Cabai Merah Besar,kg,14/02/2026,0
Jawa Tengah,Kab. Pekalongan,Bawang Merah,kg,14/02/2026,0
Jawa Tengah,Kab. Pekalongan,Bawang Putih Honan,kg,14/02/2026,0
Jawa Tengah,Kab. Pemalang,Beras Medium,kg,14/02/2026,0
Jawa Tengah,Kab. Pemalang,Beras Premium,kg,14/02/2026,0
Jawa Tengah,Kab. Pemalang,Gula Pasir Curah,kg,14/02/2026,0
Jawa Tengah,Kab. Pemalang,Minyak Goreng Sawit Kemasan Premium,lt,14/02/2026,0
Jawa Tengah,Kab. Pemalang,Minyak Goreng Sawit Curah,lt,14/02/2026,0
Jawa Tengah,Kab. Pemalang,Minyakita,lt,14/02/2026,0
Jawa Tengah,Kab. Pemalang,Daging Sapi Paha Belakang,kg,14/02/2026,0
Jawa Tengah,Kab. Pemalang,Daging Ayam Ras,kg,14/02/2026,0
Jawa Tengah,Kab. Pemalang,Telur Ayam Ras,kg,14/02/2026,0
Jawa Tengah,Kab. Pemalang,Tepung Terigu,kg,14/02/2026,0
Jawa Tengah,Kab. Pemalang,Kedelai Impor,kg,14/02/2026,0
Jawa Tengah,Kab. Pemalang,Cabai Merah Keriting,kg,14/02/2026,0
Jawa Tengah,Kab. Pemalang,Cabai Rawit Merah,kg,14/02/2026,0
Jawa Tengah,Kab. Pemalang,Cabai Merah Besar,kg,14/02/2026,0
Jawa Tengah,Kab. Pemalang,Bawang Merah,kg,14/02/2026,0
Jawa Tengah,Kab. Pemalang,Bawang Putih Honan,kg,14/02/2026,0
Jawa Tengah,Kab. Tegal,Beras Medium,kg,14/02/2026,0
Jawa Tengah,Kab. Tegal,Beras Premium,kg,14/02/2026,0
Jawa Tengah,Kab. Tegal,Gula Pasir Curah,kg,14/02/2026,0
Jawa Tengah,Kab. Tegal,Minyak Goreng Sawit Kemasan Premium,lt,14/02/2026,0
Jawa Tengah,Kab. Tegal,Minyak Goreng Sawit Curah,lt,14/02/2026,0
Jawa Tengah,Kab. Tegal,Minyakita,lt,14/02/2026,0
Jawa Tengah,Kab. Tegal,Daging Sapi Paha Belakang,kg,14/02/2026,0
Jawa Tengah,Kab. Tegal,Daging Ayam Ras,kg,14/02/2026,0
Jawa Tengah,Kab. Tegal,Telur Ayam Ras,kg,14/02/2026,0
Jawa Tengah,Kab. Tegal,Tepung Terigu,kg,14/02/2026,0
Jawa Tengah,Kab. Tegal,Kedelai Impor,kg,14/02/2026,0
Jawa Tengah,Kab. Tegal,Cabai Merah Keriting,kg,14/02/2026,0
Jawa Tengah,Kab. Tegal,Cabai Rawit Merah,kg,14/02/2026,0
Jawa Tengah,Kab. Tegal,Cabai Merah Besar,kg,14/02/2026,0
Jawa Tengah,Kab. Tegal,Bawang Merah,kg,14/02/2026,0
Jawa Tengah,Kab. Tegal,Bawang Putih Honan,kg,14/02/2026,0
Jawa Tengah,Kab. Brebes,Beras Medium,kg,14/02/2026,0
Jawa Tengah,Kab. Brebes,Beras Premium,kg,14/02/2026,0
Jawa Tengah,Kab. Brebes,Gula Pasir Curah,kg,14/02/2026,0
Jawa Tengah,Kab. Brebes,Minyak Goreng Sawit Kemasan Premium,lt,14/02/2026,0
Jawa Tengah,Kab. Brebes,Minyak Goreng Sawit Curah,lt,14/02/2026,0
Jawa Tengah,Kab. Brebes,Minyakita,lt,14/02/2026,0
Jawa Tengah,Kab. Brebes,Daging Sapi Paha Belakang,kg,14/02/2026,0
Jawa Tengah,Kab. Brebes,Daging Ayam Ras,kg,14/02/2026,0
Jawa Tengah,Kab. Brebes,Telur Ayam Ras,kg,14/02/2026,0
Jawa Tengah,Kab. Brebes,Tepung Terigu,kg,14/02/2026,0
Jawa Tengah,Kab. Brebes,Kedelai Impor,kg,14/02/2026,0
Jawa Tengah,Kab. Brebes,Cabai Merah Keriting,kg,14/02/2026,0
Jawa Tengah,Kab. Brebes,Cabai Rawit Merah,kg,14/02/2026,0
Jawa Tengah,Kab. Brebes,Cabai Merah Besar,kg,14/02/2026,0
Jawa Tengah,Kab. Brebes,Bawang Merah,kg,14/02/2026,0
Jawa Tengah,Kab. Brebes,Bawang Putih Honan,kg,14/02/2026,0
Jawa Tengah,Kota Magelang,Beras Medium,kg,14/02/2026,0
Jawa Tengah,Kota Magelang,Beras Premium,kg,14/02/2026,0
Jawa Tengah,Kota Magelang,Gula Pasir Curah,kg,14/02/2026,0
Jawa Tengah,Kota Magelang,Minyak Goreng Sawit Kemasan Premium,lt,14/02/2026,0
Jawa Tengah,Kota Magelang,Minyak Goreng Sawit Curah,lt,14/02/2026,0
Jawa Tengah,Kota Magelang,Minyakita,lt,14/02/2026,0
Jawa Tengah,Kota Magelang,Daging Sapi Paha Belakang,kg,14/02/2026,0
Jawa Tengah,Kota Magelang,Daging Ayam Ras,kg,14/02/2026,0
Jawa Tengah,Kota Magelang,Telur Ayam Ras,kg,14/02/2026,0
Jawa Tengah,Kota Magelang,Tepung Terigu,kg,14/02/2026,0
Jawa Tengah,Kota Magelang,Kedelai Impor,kg,14/02/2026,0
Jawa Tengah,Kota Magelang,Cabai Merah Keriting,kg,14/02/2026,0
Jawa Tengah,Kota Magelang,Cabai Rawit Merah,kg,14/02/2026,0
Jawa Tengah,Kota Magelang,Cabai Merah Besar,kg,14/02/2026,0
Jawa Tengah,Kota Magelang,Bawang Merah,kg,14/02/2026,0
Jawa Tengah,Kota Magelang,Bawang Putih Honan,kg,14/02/2026,0
Jawa Tengah,Kota Surakarta,Beras Medium,kg,14/02/2026,0
Jawa Tengah,Kota Surakarta,Beras Premium,kg,14/02/2026,0
Jawa Tengah,Kota Surakarta,Gula Pasir Curah,kg,14/02/2026,0
Jawa Tengah,Kota Surakarta,Minyak Goreng Sawit Kemasan Premium,lt,14/02/2026,0
Jawa Tengah,Kota Surakarta,Minyak Goreng Sawit Curah,lt,14/02/2026,0
Jawa Tengah,Kota Surakarta,Minyakita,lt,14/02/2026,0
Jawa Tengah,Kota Surakarta,Daging Sapi Paha Belakang,kg,14/02/2026,0
Jawa Tengah,Kota Surakarta,Daging Ayam Ras,kg,14/02/2026,0
Jawa Tengah,Kota Surakarta,Telur Ayam Ras,kg,14/02/2026,0
Jawa Tengah,Kota Surakarta,Tepung Terigu,kg,14/02/2026,0
Jawa Tengah,Kota Surakarta,Kedelai Impor,kg,14/02/2026,0
Jawa Tengah,Kota Surakarta,Cabai Merah Keriting,kg,14/02/2026,0
Jawa Tengah,Kota Surakarta,Cabai Rawit Merah,kg,14/02/2026,0
Jawa Tengah,Kota Surakarta,Cabai Merah Besar,kg,14/02/2026,0
Jawa Tengah,Kota Surakarta,Bawang Merah,kg,14/02/2026,0
Jawa Tengah,Kota Surakarta,Bawang Putih Honan,kg,14/02/2026,0
Jawa Tengah,Kota Salatiga,Beras Medium,kg,14/02/2026,0
Jawa Tengah,Kota Salatiga,Beras Premium,kg,14/02/2026,0
Jawa Tengah,Kota Salatiga,Gula Pasir Curah,kg,14/02/2026,0
Jawa Tengah,Kota Salatiga,Minyak Goreng Sawit Kemasan Premium,lt,14/02/2026,0
Jawa Tengah,Kota Salatiga,Minyak Goreng Sawit Curah,lt,14/02/2026,0
Jawa Tengah,Kota Salatiga,Minyakita,lt,14/02/2026,0
Jawa Tengah,Kota Salatiga,Daging Sapi Paha Belakang,kg,14/02/2026,0
Jawa Tengah,Kota Salatiga,Daging Ayam Ras,kg,14/02/2026,0
Jawa Tengah,Kota Salatiga,Telur Ayam Ras,kg,14/02/2026,0
Jawa Tengah,Kota Salatiga,Tepung Terigu,kg,14/02/2026,0
Jawa Tengah,Kota Salatiga,Kedelai Impor,kg,14/02/2026,0
Jawa Tengah,Kota Salatiga,Cabai Merah Keriting,kg,14/02/2026,0
Jawa Tengah,Kota Salatiga,Cabai Rawit Merah,kg,14/02/2026,0
Jawa Tengah,Kota Salatiga,Cabai Merah Besar,kg,14/02/2026,0
Jawa Tengah,Kota Salatiga,Bawang Merah,kg,14/02/2026,0
Jawa Tengah,Kota Salatiga,Bawang Putih Honan,kg,14/02/2026,0
Jawa Tengah,Kota Semarang,Beras Medium,kg,14/02/2026,0
Jawa Tengah,Kota Semarang,Beras Premium,kg,14/02/2026,0
Jawa Tengah,Kota Semarang,Gula Pasir Curah,kg,14/02/2026,0
Jawa Tengah,Kota Semarang,Minyak Goreng Sawit Kemasan Premium,lt,14/02/2026,0
Jawa Tengah,Kota Semarang,Minyak Goreng Sawit Curah,lt,14/02/2026,0
Jawa Tengah,Kota Semarang,Minyakita,lt,14/02/2026,0
Jawa Tengah,Kota Semarang,Daging Sapi Paha Belakang,kg,14/02/2026,0
Jawa Tengah,Kota Semarang,Daging Ayam Ras,kg,14/02/2026,0
Jawa Tengah,Kota Semarang,Telur Ayam Ras,kg,14/02/2026,0
Jawa Tengah,Kota Semarang,Tepung Terigu,kg,14/02/2026,0
Jawa Tengah,Kota Semarang,Kedelai Impor,kg,14/02/2026,0
Jawa Tengah,Kota Semarang,Cabai Merah Keriting,kg,14/02/2026,0
Jawa Tengah,Kota Semarang,Cabai Rawit Merah,kg,14/02/2026,0
Jawa Tengah,Kota Semarang,Cabai Merah Besar,kg,14/02/2026,0
Jawa Tengah,Kota Semarang,Bawang Merah,kg,14/02/2026,0
Jawa Tengah,Kota Semarang,Bawang Putih Honan,kg,14/02/2026,0
Jawa Tengah,Kota Pekalongan,Beras Medium,kg,14/02/2026,0
Jawa Tengah,Kota Pekalongan,Beras Premium,kg,14/02/2026,0
Jawa Tengah,Kota Pekalongan,Gula Pasir Curah,kg,14/02/2026,0
Jawa Tengah,Kota Pekalongan,Minyak Goreng Sawit Kemasan Premium,lt,14/02/2026,0
Jawa Tengah,Kota Pekalongan,Minyak Goreng Sawit Curah,lt,14/02/2026,0
Jawa Tengah,Kota Pekalongan,Minyakita,lt,14/02/2026,0
Jawa Tengah,Kota Pekalongan,Daging Sapi Paha Belakang,kg,14/02/2026,0
Jawa Tengah,Kota Pekalongan,Daging Ayam Ras,kg,14/02/2026,0
Jawa Tengah,Kota Pekalongan,Telur Ayam Ras,kg,14/02/2026,0
Jawa Tengah,Kota Pekalongan,Tepung Terigu,kg,14/02/2026,0
Jawa Tengah,Kota Pekalongan,Kedelai Impor,kg,14/02/2026,0
Jawa Tengah,Kota Pekalongan,Cabai Merah Keriting,kg,14/02/2026,0
Jawa Tengah,Kota Pekalongan,Cabai Rawit Merah,kg,14/02/2026,0
Jawa Tengah,Kota Pekalongan,Cabai Merah Besar,kg,14/02/2026,0
Jawa Tengah,Kota Pekalongan,Bawang Merah,kg,14/02/2026,0
Jawa Tengah,Kota Pekalongan,Bawang Putih Honan,kg,14/02/2026,0
Jawa Tengah,Kota Tegal,Beras Medium,kg,14/02/2026,0
Jawa Tengah,Kota Tegal,Beras Premium,kg,14/02/2026,0
Jawa Tengah,Kota Tegal,Gula Pasir Curah,kg,14/02/2026,0
Jawa Tengah,Kota Tegal,Minyak Goreng Sawit Kemasan Premium,lt,14/02/2026,0
Jawa Tengah,Kota Tegal,Minyak Goreng Sawit Curah,lt,14/02/2026,0
Jawa Tengah,Kota Tegal,Minyakita,lt,14/02/2026,0
Jawa Tengah,Kota Tegal,Daging Sapi Paha Belakang,kg,14/02/2026,0
Jawa Tengah,Kota Tegal,Daging Ayam Ras,kg,14/02/2026,0
Jawa Tengah,Kota Tegal,Telur Ayam Ras,kg,14/02/2026,0
Jawa Tengah,Kota Tegal,Tepung Terigu,kg,14/02/2026,0
Jawa Tengah,Kota Tegal,Kedelai Impor,kg,14/02/2026,0
Jawa Tengah,Kota Tegal,Cabai Merah Keriting,kg,14/02/2026,0
Jawa Tengah,Kota Tegal,Cabai Rawit Merah,kg,14/02/2026,0
Jawa Tengah,Kota Tegal,Cabai Merah Besar,kg,14/02/2026,0
Jawa Tengah,Kota Tegal,Bawang Merah,kg,14/02/2026,0
Jawa Tengah,Kota Tegal,Bawang Putih Honan,kg,14/02/2026,0
Jawa Tengah,Kab. Cilacap,Beras Medium,kg,15/02/2026,0
Jawa Tengah,Kab. Cilacap,Beras Premium,kg,15/02/2026,0
Jawa Tengah,Kab. Cilacap,Gula Pasir Curah,kg,15/02/2026,0
Jawa Tengah,Kab. Cilacap,Minyak Goreng Sawit Kemasan Premium,lt,15/02/2026,0
Jawa Tengah,Kab. Cilacap,Minyak Goreng Sawit Curah,lt,15/02/2026,0
Jawa Tengah,Kab. Cilacap,Minyakita,lt,15/02/2026,0
Jawa Tengah,Kab. Cilacap,Daging Sapi Paha Belakang,kg,15/02/2026,0
Jawa Tengah,Kab. Cilacap,Daging Ayam Ras,kg,15/02/2026,0
Jawa Tengah,Kab. Cilacap,Telur Ayam Ras,kg,15/02/2026,0
Jawa Tengah,Kab. Cilacap,Tepung Terigu,kg,15/02/2026,0
Jawa Tengah,Kab. Cilacap,Kedelai Impor,kg,15/02/2026,0
Jawa Tengah,Kab. Cilacap,Cabai Merah Keriting,kg,15/02/2026,0
Jawa Tengah,Kab. Cilacap,Cabai Rawit Merah,kg,15/02/2026,0
Jawa Tengah,Kab. Cilacap,Cabai Merah Besar,kg,15/02/2026,0
Jawa Tengah,Kab. Cilacap,Bawang Merah,kg,15/02/2026,0
Jawa Tengah,Kab. Cilacap,Bawang Putih Honan,kg,15/02/2026,0
Jawa Tengah,Kab. Banyumas,Beras Medium,kg,15/02/2026,0
Jawa Tengah,Kab. Banyumas,Beras Premium,kg,15/02/2026,0
Jawa Tengah,Kab. Banyumas,Gula Pasir Curah,kg,15/02/2026,0
Jawa Tengah,Kab. Banyumas,Minyak Goreng Sawit Kemasan Premium,lt,15/02/2026,0
Jawa Tengah,Kab. Banyumas,Minyak Goreng Sawit Curah,lt,15/02/2026,0
Jawa Tengah,Kab. Banyumas,Minyakita,lt,15/02/2026,0
Jawa Tengah,Kab. Banyumas,Daging Sapi Paha Belakang,kg,15/02/2026,0
Jawa Tengah,Kab. Banyumas,Daging Ayam Ras,kg,15/02/2026,0
Jawa Tengah,Kab. Banyumas,Telur Ayam Ras,kg,15/02/2026,0
Jawa Tengah,Kab. Banyumas,Tepung Terigu,kg,15/02/2026,0
Jawa Tengah,Kab. Banyumas,Kedelai Impor,kg,15/02/2026,0
Jawa Tengah,Kab. Banyumas,Cabai Merah Keriting,kg,15/02/2026,0
Jawa Tengah,Kab. Banyumas,Cabai Rawit Merah,kg,15/02/2026,0
Jawa Tengah,Kab. Banyumas,Cabai Merah Besar,kg,15/02/2026,0
Jawa Tengah,Kab. Banyumas,Bawang Merah,kg,15/02/2026,0
Jawa Tengah,Kab. Banyumas,Bawang Putih Honan,kg,15/02/2026,0
Jawa Tengah,Kab. Purbalingga,Beras Medium,kg,15/02/2026,0
Jawa Tengah,Kab. Purbalingga,Beras Premium,kg,15/02/2026,0
Jawa Tengah,Kab. Purbalingga,Gula Pasir Curah,kg,15/02/2026,0
Jawa Tengah,Kab. Purbalingga,Minyak Goreng Sawit Kemasan Premium,lt,15/02/2026,0
Jawa Tengah,Kab. Purbalingga,Minyak Goreng Sawit Curah,lt,15/02/2026,0
Jawa Tengah,Kab. Purbalingga,Minyakita,lt,15/02/2026,0
Jawa Tengah,Kab. Purbalingga,Daging Sapi Paha Belakang,kg,15/02/2026,0
Jawa Tengah,Kab. Purbalingga,Daging Ayam Ras,kg,15/02/2026,0
Jawa Tengah,Kab. Purbalingga,Telur Ayam Ras,kg,15/02/2026,0
Jawa Tengah,Kab. Purbalingga,Tepung Terigu,kg,15/02/2026,0
Jawa Tengah,Kab. Purbalingga,Kedelai Impor,kg,15/02/2026,0
Jawa Tengah,Kab. Purbalingga,Cabai Merah Keriting,kg,15/02/2026,0
Jawa Tengah,Kab. Purbalingga,Cabai Rawit Merah,kg,15/02/2026,0
Jawa Tengah,Kab. Purbalingga,Cabai Merah Besar,kg,15/02/2026,0
Jawa Tengah,Kab. Purbalingga,Bawang Merah,kg,15/02/2026,0
Jawa Tengah,Kab. Purbalingga,Bawang Putih Honan,kg,15/02/2026,0
Jawa Tengah,Kab. Banjarnegara,Beras Medium,kg,15/02/2026,0
Jawa Tengah,Kab. Banjarnegara,Beras Premium,kg,15/02/2026,0
Jawa Tengah,Kab. Banjarnegara,Gula Pasir Curah,kg,15/02/2026,0
Jawa Tengah,Kab. Banjarnegara,Minyak Goreng Sawit Kemasan Premium,lt,15/02/2026,0
Jawa Tengah,Kab. Banjarnegara,Minyak Goreng Sawit Curah,lt,15/02/2026,0
Jawa Tengah,Kab. Banjarnegara,Minyakita,lt,15/02/2026,0
Jawa Tengah,Kab. Banjarnegara,Daging Sapi Paha Belakang,kg,15/02/2026,0
Jawa Tengah,Kab. Banjarnegara,Daging Ayam Ras,kg,15/02/2026,0
Jawa Tengah,Kab. Banjarnegara,Telur Ayam Ras,kg,15/02/2026,0
Jawa Tengah,Kab. Banjarnegara,Tepung Terigu,kg,15/02/2026,0
Jawa Tengah,Kab. Banjarnegara,Kedelai Impor,kg,15/02/2026,0
Jawa Tengah,Kab. Banjarnegara,Cabai Merah Keriting,kg,15/02/2026,0
Jawa Tengah,Kab. Banjarnegara,Cabai Rawit Merah,kg,15/02/2026,0
Jawa Tengah,Kab. Banjarnegara,Cabai Merah Besar,kg,15/02/2026,0
Jawa Tengah,Kab. Banjarnegara,Bawang Merah,kg,15/02/2026,0
Jawa Tengah,Kab. Banjarnegara,Bawang Putih Honan,kg,15/02/2026,0
Jawa Tengah,Kab. Kebumen,Beras Medium,kg,15/02/2026,0
Jawa Tengah,Kab. Kebumen,Beras Premium,kg,15/02/2026,0
Jawa Tengah,Kab. Kebumen,Gula Pasir Curah,kg,15/02/2026,0
Jawa Tengah,Kab. Kebumen,Minyak Goreng Sawit Kemasan Premium,lt,15/02/2026,0
Jawa Tengah,Kab. Kebumen,Minyak Goreng Sawit Curah,lt,15/02/2026,0
Jawa Tengah,Kab. Kebumen,Minyakita,lt,15/02/2026,0
Jawa Tengah,Kab. Kebumen,Daging Sapi Paha Belakang,kg,15/02/2026,0
Jawa Tengah,Kab. Kebumen,Daging Ayam Ras,kg,15/02/2026,0
Jawa Tengah,Kab. Kebumen,Telur Ayam Ras,kg,15/02/2026,0
Jawa Tengah,Kab. Kebumen,Tepung Terigu,kg,15/02/2026,0
Jawa Tengah,Kab. Kebumen,Kedelai Impor,kg,15/02/2026,0
Jawa Tengah,Kab. Kebumen,Cabai Merah Keriting,kg,15/02/2026,0
Jawa Tengah,Kab. Kebumen,Cabai Rawit Merah,kg,15/02/2026,0
Jawa Tengah,Kab. Kebumen,Cabai Merah Besar,kg,15/02/2026,0
Jawa Tengah,Kab. Kebumen,Bawang Merah,kg,15/02/2026,0
Jawa Tengah,Kab. Kebumen,Bawang Putih Honan,kg,15/02/2026,0
Jawa Tengah,Kab. Purworejo,Beras Medium,kg,15/02/2026,0
Jawa Tengah,Kab. Purworejo,Beras Premium,kg,15/02/2026,0
Jawa Tengah,Kab. Purworejo,Gula Pasir Curah,kg,15/02/2026,0
Jawa Tengah,Kab. Purworejo,Minyak Goreng Sawit Kemasan Premium,lt,15/02/2026,0
Jawa Tengah,Kab. Purworejo,Minyak Goreng Sawit Curah,lt,15/02/2026,0
Jawa Tengah,Kab. Purworejo,Minyakita,lt,15/02/2026,0
Jawa Tengah,Kab. Purworejo,Daging Sapi Paha Belakang,kg,15/02/2026,0
Jawa Tengah,Kab. Purworejo,Daging Ayam Ras,kg,15/02/2026,0
Jawa Tengah,Kab. Purworejo,Telur Ayam Ras,kg,15/02/2026,0
Jawa Tengah,Kab. Purworejo,Tepung Terigu,kg,15/02/2026,0
Jawa Tengah,Kab. Purworejo,Kedelai Impor,kg,15/02/2026,0
Jawa Tengah,Kab. Purworejo,Cabai Merah Keriting,kg,15/02/2026,0
Jawa Tengah,Kab. Purworejo,Cabai Rawit Merah,kg,15/02/2026,0
Jawa Tengah,Kab. Purworejo,Cabai Merah Besar,kg,15/02/2026,0
Jawa Tengah,Kab. Purworejo,Bawang Merah,kg,15/02/2026,0
Jawa Tengah,Kab. Purworejo,Bawang Putih Honan,kg,15/02/2026,0
Jawa Tengah,Kab. Wonosobo,Beras Medium,kg,15/02/2026,0
Jawa Tengah,Kab. Wonosobo,Beras Premium,kg,15/02/2026,0
Jawa Tengah,Kab. Wonosobo,Gula Pasir Curah,kg,15/02/2026,0
Jawa Tengah,Kab. Wonosobo,Minyak Goreng Sawit Kemasan Premium,lt,15/02/2026,0
Jawa Tengah,Kab. Wonosobo,Minyak Goreng Sawit Curah,lt,15/02/2026,0
Jawa Tengah,Kab. Wonosobo,Minyakita,lt,15/02/2026,0
Jawa Tengah,Kab. Wonosobo,Daging Sapi Paha Belakang,kg,15/02/2026,0
Jawa Tengah,Kab. Wonosobo,Daging Ayam Ras,kg,15/02/2026,0
Jawa Tengah,Kab. Wonosobo,Telur Ayam Ras,kg,15/02/2026,0
Jawa Tengah,Kab. Wonosobo,Tepung Terigu,kg,15/02/2026,0
Jawa Tengah,Kab. Wonosobo,Kedelai Impor,kg,15/02/2026,0
Jawa Tengah,Kab. Wonosobo,Cabai Merah Keriting,kg,15/02/2026,0
Jawa Tengah,Kab. Wonosobo,Cabai Rawit Merah,kg,15/02/2026,0
Jawa Tengah,Kab. Wonosobo,Cabai Merah Besar,kg,15/02/2026,0
Jawa Tengah,Kab. Wonosobo,Bawang Merah,kg,15/02/2026,0
Jawa Tengah,Kab. Wonosobo,Bawang Putih Honan,kg,15/02/2026,0
Jawa Tengah,Kab. Magelang,Beras Medium,kg,15/02/2026,0
Jawa Tengah,Kab. Magelang,Beras Premium,kg,15/02/2026,0
Jawa Tengah,Kab. Magelang,Gula Pasir Curah,kg,15/02/2026,0
Jawa Tengah,Kab. Magelang,Minyak Goreng Sawit Kemasan Premium,lt,15/02/2026,0
Jawa Tengah,Kab. Magelang,Minyak Goreng Sawit Curah,lt,15/02/2026,0
Jawa Tengah,Kab. Magelang,Minyakita,lt,15/02/2026,0
Jawa Tengah,Kab. Magelang,Daging Sapi Paha Belakang,kg,15/02/2026,0
Jawa Tengah,Kab. Magelang,Daging Ayam Ras,kg,15/02/2026,0
Jawa Tengah,Kab. Magelang,Telur Ayam Ras,kg,15/02/2026,0
Jawa Tengah,Kab. Magelang,Tepung Terigu,kg,15/02/2026,0
Jawa Tengah,Kab. Magelang,Kedelai Impor,kg,15/02/2026,0
Jawa Tengah,Kab. Magelang,Cabai Merah Keriting,kg,15/02/2026,0
Jawa Tengah,Kab. Magelang,Cabai Rawit Merah,kg,15/02/2026,0
Jawa Tengah,Kab. Magelang,Cabai Merah Besar,kg,15/02/2026,0
Jawa Tengah,Kab. Magelang,Bawang Merah,kg,15/02/2026,0
Jawa Tengah,Kab. Magelang,Bawang Putih Honan,kg,15/02/2026,0
Jawa Tengah,Kab. Boyolali,Beras Medium,kg,15/02/2026,0
Jawa Tengah,Kab. Boyolali,Beras Premium,kg,15/02/2026,0
Jawa Tengah,Kab. Boyolali,Gula Pasir Curah,kg,15/02/2026,0
Jawa Tengah,Kab. Boyolali,Minyak Goreng Sawit Kemasan Premium,lt,15/02/2026,0
Jawa Tengah,Kab. Boyolali,Minyak Goreng Sawit Curah,lt,15/02/2026,0
Jawa Tengah,Kab. Boyolali,Minyakita,lt,15/02/2026,0
Jawa Tengah,Kab. Boyolali,Daging Sapi Paha Belakang,kg,15/02/2026,0
Jawa Tengah,Kab. Boyolali,Daging Ayam Ras,kg,15/02/2026,0
Jawa Tengah,Kab. Boyolali,Telur Ayam Ras,kg,15/02/2026,0
Jawa Tengah,Kab. Boyolali,Tepung Terigu,kg,15/02/2026,0
Jawa Tengah,Kab. Boyolali,Kedelai Impor,kg,15/02/2026,0
Jawa Tengah,Kab. Boyolali,Cabai Merah Keriting,kg,15/02/2026,0
Jawa Tengah,Kab. Boyolali,Cabai Rawit Merah,kg,15/02/2026,0
Jawa Tengah,Kab. Boyolali,Cabai Merah Besar,kg,15/02/2026,0
Jawa Tengah,Kab. Boyolali,Bawang Merah,kg,15/02/2026,0
Jawa Tengah,Kab. Boyolali,Bawang Putih Honan,kg,15/02/2026,0
Jawa Tengah,Kab. Klaten,Beras Medium,kg,15/02/2026,0
Jawa Tengah,Kab. Klaten,Beras Premium,kg,15/02/2026,0
Jawa Tengah,Kab. Klaten,Gula Pasir Curah,kg,15/02/2026,0
Jawa Tengah,Kab. Klaten,Minyak Goreng Sawit Kemasan Premium,lt,15/02/2026,0
Jawa Tengah,Kab. Klaten,Minyak Goreng Sawit Curah,lt,15/02/2026,0
Jawa Tengah,Kab. Klaten,Minyakita,lt,15/02/2026,0
Jawa Tengah,Kab. Klaten,Daging Sapi Paha Belakang,kg,15/02/2026,0
Jawa Tengah,Kab. Klaten,Daging Ayam Ras,kg,15/02/2026,0
Jawa Tengah,Kab. Klaten,Telur Ayam Ras,kg,15/02/2026,0
Jawa Tengah,Kab. Klaten,Tepung Terigu,kg,15/02/2026,0
Jawa Tengah,Kab. Klaten,Kedelai Impor,kg,15/02/2026,0
Jawa Tengah,Kab. Klaten,Cabai Merah Keriting,kg,15/02/2026,0
Jawa Tengah,Kab. Klaten,Cabai Rawit Merah,kg,15/02/2026,0
Jawa Tengah,Kab. Klaten,Cabai Merah Besar,kg,15/02/2026,0
Jawa Tengah,Kab. Klaten,Bawang Merah,kg,15/02/2026,0
Jawa Tengah,Kab. Klaten,Bawang Putih Honan,kg,15/02/2026,0
Jawa Tengah,Kab. Sukoharjo,Beras Medium,kg,15/02/2026,0
Jawa Tengah,Kab. Sukoharjo,Beras Premium,kg,15/02/2026,0
Jawa Tengah,Kab. Sukoharjo,Gula Pasir Curah,kg,15/02/2026,0
Jawa Tengah,Kab. Sukoharjo,Minyak Goreng Sawit Kemasan Premium,lt,15/02/2026,0
Jawa Tengah,Kab. Sukoharjo,Minyak Goreng Sawit Curah,lt,15/02/2026,0
Jawa Tengah,Kab. Sukoharjo,Minyakita,lt,15/02/2026,0
Jawa Tengah,Kab. Sukoharjo,Daging Sapi Paha Belakang,kg,15/02/2026,0
Jawa Tengah,Kab. Sukoharjo,Daging Ayam Ras,kg,15/02/2026,0
Jawa Tengah,Kab. Sukoharjo,Telur Ayam Ras,kg,15/02/2026,0
Jawa Tengah,Kab. Sukoharjo,Tepung Terigu,kg,15/02/2026,0
Jawa Tengah,Kab. Sukoharjo,Kedelai Impor,kg,15/02/2026,0
Jawa Tengah,Kab. Sukoharjo,Cabai Merah Keriting,kg,15/02/2026,0
Jawa Tengah,Kab. Sukoharjo,Cabai Rawit Merah,kg,15/02/2026,0
Jawa Tengah,Kab. Sukoharjo,Cabai Merah Besar,kg,15/02/2026,0
Jawa Tengah,Kab. Sukoharjo,Bawang Merah,kg,15/02/2026,0
Jawa Tengah,Kab. Sukoharjo,Bawang Putih Honan,kg,15/02/2026,0
Jawa Tengah,Kab. Wonogiri,Beras Medium,kg,15/02/2026,0
Jawa Tengah,Kab. Wonogiri,Beras Premium,kg,15/02/2026,0
Jawa Tengah,Kab. Wonogiri,Gula Pasir Curah,kg,15/02/2026,0
Jawa Tengah,Kab. Wonogiri,Minyak Goreng Sawit Kemasan Premium,lt,15/02/2026,0
Jawa Tengah,Kab. Wonogiri,Minyak Goreng Sawit Curah,lt,15/02/2026,0
Jawa Tengah,Kab. Wonogiri,Minyakita,lt,15/02/2026,0
Jawa Tengah,Kab. Wonogiri,Daging Sapi Paha Belakang,kg,15/02/2026,0
Jawa Tengah,Kab. Wonogiri,Daging Ayam Ras,kg,15/02/2026,0
Jawa Tengah,Kab. Wonogiri,Telur Ayam Ras,kg,15/02/2026,0
Jawa Tengah,Kab. Wonogiri,Tepung Terigu,kg,15/02/2026,0
Jawa Tengah,Kab. Wonogiri,Kedelai Impor,kg,15/02/2026,0
Jawa Tengah,Kab. Wonogiri,Cabai Merah Keriting,kg,15/02/2026,0
Jawa Tengah,Kab. Wonogiri,Cabai Rawit Merah,kg,15/02/2026,0
Jawa Tengah,Kab. Wonogiri,Cabai Merah Besar,kg,15/02/2026,0
Jawa Tengah,Kab. Wonogiri,Bawang Merah,kg,15/02/2026,0
Jawa Tengah,Kab. Wonogiri,Bawang Putih Honan,kg,15/02/2026,0
Jawa Tengah,Kab. Karanganyar,Beras Medium,kg,15/02/2026,0
Jawa Tengah,Kab. Karanganyar,Beras Premium,kg,15/02/2026,0
Jawa Tengah,Kab. Karanganyar,Gula Pasir Curah,kg,15/02/2026,0
Jawa Tengah,Kab. Karanganyar,Minyak Goreng Sawit Kemasan Premium,lt,15/02/2026,0
Jawa Tengah,Kab. Karanganyar,Minyak Goreng Sawit Curah,lt,15/02/2026,0
Jawa Tengah,Kab. Karanganyar,Minyakita,lt,15/02/2026,0
Jawa Tengah,Kab. Karanganyar,Daging Sapi Paha Belakang,kg,15/02/2026,0
Jawa Tengah,Kab. Karanganyar,Daging Ayam Ras,kg,15/02/2026,0
Jawa Tengah,Kab. Karanganyar,Telur Ayam Ras,kg,15/02/2026,0
Jawa Tengah,Kab. Karanganyar,Tepung Terigu,kg,15/02/2026,0
Jawa Tengah,Kab. Karanganyar,Kedelai Impor,kg,15/02/2026,0
Jawa Tengah,Kab. Karanganyar,Cabai Merah Keriting,kg,15/02/2026,0
Jawa Tengah,Kab. Karanganyar,Cabai Rawit Merah,kg,15/02/2026,0
Jawa Tengah,Kab. Karanganyar,Cabai Merah Besar,kg,15/02/2026,0
Jawa Tengah,Kab. Karanganyar,Bawang Merah,kg,15/02/2026,0
Jawa Tengah,Kab. Karanganyar,Bawang Putih Honan,kg,15/02/2026,0
Jawa Tengah,Kab. Sragen,Beras Medium,kg,15/02/2026,0
Jawa Tengah,Kab. Sragen,Beras Premium,kg,15/02/2026,0
Jawa Tengah,Kab. Sragen,Gula Pasir Curah,kg,15/02/2026,0
Jawa Tengah,Kab. Sragen,Minyak Goreng Sawit Kemasan Premium,lt,15/02/2026,0
Jawa Tengah,Kab. Sragen,Minyak Goreng Sawit Curah,lt,15/02/2026,0
Jawa Tengah,Kab. Sragen,Minyakita,lt,15/02/2026,0
Jawa Tengah,Kab. Sragen,Daging Sapi Paha Belakang,kg,15/02/2026,0
Jawa Tengah,Kab. Sragen,Daging Ayam Ras,kg,15/02/2026,0
Jawa Tengah,Kab. Sragen,Telur Ayam Ras,kg,15/02/2026,0
Jawa Tengah,Kab. Sragen,Tepung Terigu,kg,15/02/2026,0
Jawa Tengah,Kab. Sragen,Kedelai Impor,kg,15/02/2026,0
Jawa Tengah,Kab. Sragen,Cabai Merah Keriting,kg,15/02/2026,0
Jawa Tengah,Kab. Sragen,Cabai Rawit Merah,kg,15/02/2026,0
Jawa Tengah,Kab. Sragen,Cabai Merah Besar,kg,15/02/2026,0
Jawa Tengah,Kab. Sragen,Bawang Merah,kg,15/02/2026,0
Jawa Tengah,Kab. Sragen,Bawang Putih Honan,kg,15/02/2026,0
Jawa Tengah,Kab. Grobogan,Beras Medium,kg,15/02/2026,0
Jawa Tengah,Kab. Grobogan,Beras Premium,kg,15/02/2026,0
Jawa Tengah,Kab. Grobogan,Gula Pasir Curah,kg,15/02/2026,0
Jawa Tengah,Kab. Grobogan,Minyak Goreng Sawit Kemasan Premium,lt,15/02/2026,0
Jawa Tengah,Kab. Grobogan,Minyak Goreng Sawit Curah,lt,15/02/2026,0
Jawa Tengah,Kab. Grobogan,Minyakita,lt,15/02/2026,0
Jawa Tengah,Kab. Grobogan,Daging Sapi Paha Belakang,kg,15/02/2026,0
Jawa Tengah,Kab. Grobogan,Daging Ayam Ras,kg,15/02/2026,0
Jawa Tengah,Kab. Grobogan,Telur Ayam Ras,kg,15/02/2026,0
Jawa Tengah,Kab. Grobogan,Tepung Terigu,kg,15/02/2026,0
Jawa Tengah,Kab. Grobogan,Kedelai Impor,kg,15/02/2026,0
Jawa Tengah,Kab. Grobogan,Cabai Merah Keriting,kg,15/02/2026,0
Jawa Tengah,Kab. Grobogan,Cabai Rawit Merah,kg,15/02/2026,0
Jawa Tengah,Kab. Grobogan,Cabai Merah Besar,kg,15/02/2026,0
Jawa Tengah,Kab. Grobogan,Bawang Merah,kg,15/02/2026,0
Jawa Tengah,Kab. Grobogan,Bawang Putih Honan,kg,15/02/2026,0
Jawa Tengah,Kab. Blora,Beras Medium,kg,15/02/2026,0
Jawa Tengah,Kab. Blora,Beras Premium,kg,15/02/2026,0
Jawa Tengah,Kab. Blora,Gula Pasir Curah,kg,15/02/2026,0
Jawa Tengah,Kab. Blora,Minyak Goreng Sawit Kemasan Premium,lt,15/02/2026,0
Jawa Tengah,Kab. Blora,Minyak Goreng Sawit Curah,lt,15/02/2026,0
Jawa Tengah,Kab. Blora,Minyakita,lt,15/02/2026,0
Jawa Tengah,Kab. Blora,Daging Sapi Paha Belakang,kg,15/02/2026,0
Jawa Tengah,Kab. Blora,Daging Ayam Ras,kg,15/02/2026,0
Jawa Tengah,Kab. Blora,Telur Ayam Ras,kg,15/02/2026,0
Jawa Tengah,Kab. Blora,Tepung Terigu,kg,15/02/2026,0
Jawa Tengah,Kab. Blora,Kedelai Impor,kg,15/02/2026,0
Jawa Tengah,Kab. Blora,Cabai Merah Keriting,kg,15/02/2026,0
Jawa Tengah,Kab. Blora,Cabai Rawit Merah,kg,15/02/2026,0
Jawa Tengah,Kab. Blora,Cabai Merah Besar,kg,15/02/2026,0
Jawa Tengah,Kab. Blora,Bawang Merah,kg,15/02/2026,0
Jawa Tengah,Kab. Blora,Bawang Putih Honan,kg,15/02/2026,0
Jawa Tengah,Kab. Rembang,Beras Medium,kg,15/02/2026,0
Jawa Tengah,Kab. Rembang,Beras Premium,kg,15/02/2026,0
Jawa Tengah,Kab. Rembang,Gula Pasir Curah,kg,15/02/2026,0
Jawa Tengah,Kab. Rembang,Minyak Goreng Sawit Kemasan Premium,lt,15/02/2026,0
Jawa Tengah,Kab. Rembang,Minyak Goreng Sawit Curah,lt,15/02/2026,0
Jawa Tengah,Kab. Rembang,Minyakita,lt,15/02/2026,0
Jawa Tengah,Kab. Rembang,Daging Sapi Paha Belakang,kg,15/02/2026,0
Jawa Tengah,Kab. Rembang,Daging Ayam Ras,kg,15/02/2026,0
Jawa Tengah,Kab. Rembang,Telur Ayam Ras,kg,15/02/2026,0
Jawa Tengah,Kab. Rembang,Tepung Terigu,kg,15/02/2026,0
Jawa Tengah,Kab. Rembang,Kedelai Impor,kg,15/02/2026,0
Jawa Tengah,Kab. Rembang,Cabai Merah Keriting,kg,15/02/2026,0
Jawa Tengah,Kab. Rembang,Cabai Rawit Merah,kg,15/02/2026,0
Jawa Tengah,Kab. Rembang,Cabai Merah Besar,kg,15/02/2026,0
Jawa Tengah,Kab. Rembang,Bawang Merah,kg,15/02/2026,0
Jawa Tengah,Kab. Rembang,Bawang Putih Honan,kg,15/02/2026,0
Jawa Tengah,Kab. Pati,Beras Medium,kg,15/02/2026,0
Jawa Tengah,Kab. Pati,Beras Premium,kg,15/02/2026,0
Jawa Tengah,Kab. Pati,Gula Pasir Curah,kg,15/02/2026,0
Jawa Tengah,Kab. Pati,Minyak Goreng Sawit Kemasan Premium,lt,15/02/2026,0
Jawa Tengah,Kab. Pati,Minyak Goreng Sawit Curah,lt,15/02/2026,0
Jawa Tengah,Kab. Pati,Minyakita,lt,15/02/2026,0
Jawa Tengah,Kab. Pati,Daging Sapi Paha Belakang,kg,15/02/2026,0
Jawa Tengah,Kab. Pati,Daging Ayam Ras,kg,15/02/2026,0
Jawa Tengah,Kab. Pati,Telur Ayam Ras,kg,15/02/2026,0
Jawa Tengah,Kab. Pati,Tepung Terigu,kg,15/02/2026,0
Jawa Tengah,Kab. Pati,Kedelai Impor,kg,15/02/2026,0
Jawa Tengah,Kab. Pati,Cabai Merah Keriting,kg,15/02/2026,0
Jawa Tengah,Kab. Pati,Cabai Rawit Merah,kg,15/02/2026,0
Jawa Tengah,Kab. Pati,Cabai Merah Besar,kg,15/02/2026,0
Jawa Tengah,Kab. Pati,Bawang Merah,kg,15/02/2026,0
Jawa Tengah,Kab. Pati,Bawang Putih Honan,kg,15/02/2026,0
Jawa Tengah,Kab. Kudus,Beras Medium,kg,15/02/2026,0
Jawa Tengah,Kab. Kudus,Beras Premium,kg,15/02/2026,0
Jawa Tengah,Kab. Kudus,Gula Pasir Curah,kg,15/02/2026,0
Jawa Tengah,Kab. Kudus,Minyak Goreng Sawit Kemasan Premium,lt,15/02/2026,0
Jawa Tengah,Kab. Kudus,Minyak Goreng Sawit Curah,lt,15/02/2026,0
Jawa Tengah,Kab. Kudus,Minyakita,lt,15/02/2026,0
Jawa Tengah,Kab. Kudus,Daging Sapi Paha Belakang,kg,15/02/2026,0
Jawa Tengah,Kab. Kudus,Daging Ayam Ras,kg,15/02/2026,0
Jawa Tengah,Kab. Kudus,Telur Ayam Ras,kg,15/02/2026,0
Jawa Tengah,Kab. Kudus,Tepung Terigu,kg,15/02/2026,0
Jawa Tengah,Kab. Kudus,Kedelai Impor,kg,15/02/2026,0
Jawa Tengah,Kab. Kudus,Cabai Merah Keriting,kg,15/02/2026,0
Jawa Tengah,Kab. Kudus,Cabai Rawit Merah,kg,15/02/2026,0
Jawa Tengah,Kab. Kudus,Cabai Merah Besar,kg,15/02/2026,0
Jawa Tengah,Kab. Kudus,Bawang Merah,kg,15/02/2026,0
Jawa Tengah,Kab. Kudus,Bawang Putih Honan,kg,15/02/2026,0
Jawa Tengah,Kab. Jepara,Beras Medium,kg,15/02/2026,0
Jawa Tengah,Kab. Jepara,Beras Premium,kg,15/02/2026,0
Jawa Tengah,Kab. Jepara,Gula Pasir Curah,kg,15/02/2026,0
Jawa Tengah,Kab. Jepara,Minyak Goreng Sawit Kemasan Premium,lt,15/02/2026,0
Jawa Tengah,Kab. Jepara,Minyak Goreng Sawit Curah,lt,15/02/2026,0
Jawa Tengah,Kab. Jepara,Minyakita,lt,15/02/2026,0
Jawa Tengah,Kab. Jepara,Daging Sapi Paha Belakang,kg,15/02/2026,0
Jawa Tengah,Kab. Jepara,Daging Ayam Ras,kg,15/02/2026,0
Jawa Tengah,Kab. Jepara,Telur Ayam Ras,kg,15/02/2026,0
Jawa Tengah,Kab. Jepara,Tepung Terigu,kg,15/02/2026,0
Jawa Tengah,Kab. Jepara,Kedelai Impor,kg,15/02/2026,0
Jawa Tengah,Kab. Jepara,Cabai Merah Keriting,kg,15/02/2026,0
Jawa Tengah,Kab. Jepara,Cabai Rawit Merah,kg,15/02/2026,0
Jawa Tengah,Kab. Jepara,Cabai Merah Besar,kg,15/02/2026,0
Jawa Tengah,Kab. Jepara,Bawang Merah,kg,15/02/2026,0
Jawa Tengah,Kab. Jepara,Bawang Putih Honan,kg,15/02/2026,0
Jawa Tengah,Kab. Demak,Beras Medium,kg,15/02/2026,0
Jawa Tengah,Kab. Demak,Beras Premium,kg,15/02/2026,0
Jawa Tengah,Kab. Demak,Gula Pasir Curah,kg,15/02/2026,0
Jawa Tengah,Kab. Demak,Minyak Goreng Sawit Kemasan Premium,lt,15/02/2026,0
Jawa Tengah,Kab. Demak,Minyak Goreng Sawit Curah,lt,15/02/2026,0
Jawa Tengah,Kab. Demak,Minyakita,lt,15/02/2026,0
Jawa Tengah,Kab. Demak,Daging Sapi Paha Belakang,kg,15/02/2026,0
Jawa Tengah,Kab. Demak,Daging Ayam Ras,kg,15/02/2026,0
Jawa Tengah,Kab. Demak,Telur Ayam Ras,kg,15/02/2026,0
Jawa Tengah,Kab. Demak,Tepung Terigu,kg,15/02/2026,0
Jawa Tengah,Kab. Demak,Kedelai Impor,kg,15/02/2026,0
Jawa Tengah,Kab. Demak,Cabai Merah Keriting,kg,15/02/2026,0
Jawa Tengah,Kab. Demak,Cabai Rawit Merah,kg,15/02/2026,0
Jawa Tengah,Kab. Demak,Cabai Merah Besar,kg,15/02/2026,0
Jawa Tengah,Kab. Demak,Bawang Merah,kg,15/02/2026,0
Jawa Tengah,Kab. Demak,Bawang Putih Honan,kg,15/02/2026,0
Jawa Tengah,Kab. Semarang,Beras Medium,kg,15/02/2026,0
Jawa Tengah,Kab. Semarang,Beras Premium,kg,15/02/2026,0
Jawa Tengah,Kab. Semarang,Gula Pasir Curah,kg,15/02/2026,0
Jawa Tengah,Kab. Semarang,Minyak Goreng Sawit Kemasan Premium,lt,15/02/2026,0
Jawa Tengah,Kab. Semarang,Minyak Goreng Sawit Curah,lt,15/02/2026,0
Jawa Tengah,Kab. Semarang,Minyakita,lt,15/02/2026,0
Jawa Tengah,Kab. Semarang,Daging Sapi Paha Belakang,kg,15/02/2026,0
Jawa Tengah,Kab. Semarang,Daging Ayam Ras,kg,15/02/2026,0
Jawa Tengah,Kab. Semarang,Telur Ayam Ras,kg,15/02/2026,0
Jawa Tengah,Kab. Semarang,Tepung Terigu,kg,15/02/2026,0
Jawa Tengah,Kab. Semarang,Kedelai Impor,kg,15/02/2026,0
Jawa Tengah,Kab. Semarang,Cabai Merah Keriting,kg,15/02/2026,0
Jawa Tengah,Kab. Semarang,Cabai Rawit Merah,kg,15/02/2026,0
Jawa Tengah,Kab. Semarang,Cabai Merah Besar,kg,15/02/2026,0
Jawa Tengah,Kab. Semarang,Bawang Merah,kg,15/02/2026,0
Jawa Tengah,Kab. Semarang,Bawang Putih Honan,kg,15/02/2026,0
Jawa Tengah,Kab. Temanggung,Beras Medium,kg,15/02/2026,0
Jawa Tengah,Kab. Temanggung,Beras Premium,kg,15/02/2026,0
Jawa Tengah,Kab. Temanggung,Gula Pasir Curah,kg,15/02/2026,0
Jawa Tengah,Kab. Temanggung,Minyak Goreng Sawit Kemasan Premium,lt,15/02/2026,0
Jawa Tengah,Kab. Temanggung,Minyak Goreng Sawit Curah,lt,15/02/2026,0
Jawa Tengah,Kab. Temanggung,Minyakita,lt,15/02/2026,0
Jawa Tengah,Kab. Temanggung,Daging Sapi Paha Belakang,kg,15/02/2026,0
Jawa Tengah,Kab. Temanggung,Daging Ayam Ras,kg,15/02/2026,0
Jawa Tengah,Kab. Temanggung,Telur Ayam Ras,kg,15/02/2026,0
Jawa Tengah,Kab. Temanggung,Tepung Terigu,kg,15/02/2026,0
Jawa Tengah,Kab. Temanggung,Kedelai Impor,kg,15/02/2026,0
Jawa Tengah,Kab. Temanggung,Cabai Merah Keriting,kg,15/02/2026,0
Jawa Tengah,Kab. Temanggung,Cabai Rawit Merah,kg,15/02/2026,0
Jawa Tengah,Kab. Temanggung,Cabai Merah Besar,kg,15/02/2026,0
Jawa Tengah,Kab. Temanggung,Bawang Merah,kg,15/02/2026,0
Jawa Tengah,Kab. Temanggung,Bawang Putih Honan,kg,15/02/2026,0
Jawa Tengah,Kab. Kendal,Beras Medium,kg,15/02/2026,0
Jawa Tengah,Kab. Kendal,Beras Premium,kg,15/02/2026,0
Jawa Tengah,Kab. Kendal,Gula Pasir Curah,kg,15/02/2026,0
Jawa Tengah,Kab. Kendal,Minyak Goreng Sawit Kemasan Premium,lt,15/02/2026,0
Jawa Tengah,Kab. Kendal,Minyak Goreng Sawit Curah,lt,15/02/2026,0
Jawa Tengah,Kab. Kendal,Minyakita,lt,15/02/2026,0
Jawa Tengah,Kab. Kendal,Daging Sapi Paha Belakang,kg,15/02/2026,0
Jawa Tengah,Kab. Kendal,Daging Ayam Ras,kg,15/02/2026,0
Jawa Tengah,Kab. Kendal,Telur Ayam Ras,kg,15/02/2026,0
Jawa Tengah,Kab. Kendal,Tepung Terigu,kg,15/02/2026,0
Jawa Tengah,Kab. Kendal,Kedelai Impor,kg,15/02/2026,0
Jawa Tengah,Kab. Kendal,Cabai Merah Keriting,kg,15/02/2026,0
Jawa Tengah,Kab. Kendal,Cabai Rawit Merah,kg,15/02/2026,0
Jawa Tengah,Kab. Kendal,Cabai Merah Besar,kg,15/02/2026,0
Jawa Tengah,Kab. Kendal,Bawang Merah,kg,15/02/2026,0
Jawa Tengah,Kab. Kendal,Bawang Putih Honan,kg,15/02/2026,0
Jawa Tengah,Kab. Batang,Beras Medium,kg,15/02/2026,0
Jawa Tengah,Kab. Batang,Beras Premium,kg,15/02/2026,0
Jawa Tengah,Kab. Batang,Gula Pasir Curah,kg,15/02/2026,0
Jawa Tengah,Kab. Batang,Minyak Goreng Sawit Kemasan Premium,lt,15/02/2026,0
Jawa Tengah,Kab. Batang,Minyak Goreng Sawit Curah,lt,15/02/2026,0
Jawa Tengah,Kab. Batang,Minyakita,lt,15/02/2026,0
Jawa Tengah,Kab. Batang,Daging Sapi Paha Belakang,kg,15/02/2026,0
Jawa Tengah,Kab. Batang,Daging Ayam Ras,kg,15/02/2026,0
Jawa Tengah,Kab. Batang,Telur Ayam Ras,kg,15/02/2026,0
Jawa Tengah,Kab. Batang,Tepung Terigu,kg,15/02/2026,0
Jawa Tengah,Kab. Batang,Kedelai Impor,kg,15/02/2026,0
Jawa Tengah,Kab. Batang,Cabai Merah Keriting,kg,15/02/2026,0
Jawa Tengah,Kab. Batang,Cabai Rawit Merah,kg,15/02/2026,0
Jawa Tengah,Kab. Batang,Cabai Merah Besar,kg,15/02/2026,0
Jawa Tengah,Kab. Batang,Bawang Merah,kg,15/02/2026,0
Jawa Tengah,Kab. Batang,Bawang Putih Honan,kg,15/02/2026,0
Jawa Tengah,Kab. Pekalongan,Beras Medium,kg,15/02/2026,0
Jawa Tengah,Kab. Pekalongan,Beras Premium,kg,15/02/2026,0
Jawa Tengah,Kab. Pekalongan,Gula Pasir Curah,kg,15/02/2026,0
Jawa Tengah,Kab. Pekalongan,Minyak Goreng Sawit Kemasan Premium,lt,15/02/2026,0
Jawa Tengah,Kab. Pekalongan,Minyak Goreng Sawit Curah,lt,15/02/2026,0
Jawa Tengah,Kab. Pekalongan,Minyakita,lt,15/02/2026,0
Jawa Tengah,Kab. Pekalongan,Daging Sapi Paha Belakang,kg,15/02/2026,0
Jawa Tengah,Kab. Pekalongan,Daging Ayam Ras,kg,15/02/2026,0
Jawa Tengah,Kab. Pekalongan,Telur Ayam Ras,kg,15/02/2026,0
Jawa Tengah,Kab. Pekalongan,Tepung Terigu,kg,15/02/2026,0
Jawa Tengah,Kab. Pekalongan,Kedelai Impor,kg,15/02/2026,0
Jawa Tengah,Kab. Pekalongan,Cabai Merah Keriting,kg,15/02/2026,0
Jawa Tengah,Kab. Pekalongan,Cabai Rawit Merah,kg,15/02/2026,0
Jawa Tengah,Kab. Pekalongan,Cabai Merah Besar,kg,15/02/2026,0
Jawa Tengah,Kab. Pekalongan,Bawang Merah,kg,15/02/2026,0
Jawa Tengah,Kab. Pekalongan,Bawang Putih Honan,kg,15/02/2026,0
Jawa Tengah,Kab. Pemalang,Beras Medium,kg,15/02/2026,0
Jawa Tengah,Kab. Pemalang,Beras Premium,kg,15/02/2026,0
Jawa Tengah,Kab. Pemalang,Gula Pasir Curah,kg,15/02/2026,0
Jawa Tengah,Kab. Pemalang,Minyak Goreng Sawit Kemasan Premium,lt,15/02/2026,0
Jawa Tengah,Kab. Pemalang,Minyak Goreng Sawit Curah,lt,15/02/2026,0
Jawa Tengah,Kab. Pemalang,Minyakita,lt,15/02/2026,0
Jawa Tengah,Kab. Pemalang,Daging Sapi Paha Belakang,kg,15/02/2026,0
Jawa Tengah,Kab. Pemalang,Daging Ayam Ras,kg,15/02/2026,0
Jawa Tengah,Kab. Pemalang,Telur Ayam Ras,kg,15/02/2026,0
Jawa Tengah,Kab. Pemalang,Tepung Terigu,kg,15/02/2026,0
Jawa Tengah,Kab. Pemalang,Kedelai Impor,kg,15/02/2026,0
Jawa Tengah,Kab. Pemalang,Cabai Merah Keriting,kg,15/02/2026,0
Jawa Tengah,Kab. Pemalang,Cabai Rawit Merah,kg,15/02/2026,0
Jawa Tengah,Kab. Pemalang,Cabai Merah Besar,kg,15/02/2026,0
Jawa Tengah,Kab. Pemalang,Bawang Merah,kg,15/02/2026,0
Jawa Tengah,Kab. Pemalang,Bawang Putih Honan,kg,15/02/2026,0
Jawa Tengah,Kab. Tegal,Beras Medium,kg,15/02/2026,0
Jawa Tengah,Kab. Tegal,Beras Premium,kg,15/02/2026,0
Jawa Tengah,Kab. Tegal,Gula Pasir Curah,kg,15/02/2026,0
Jawa Tengah,Kab. Tegal,Minyak Goreng Sawit Kemasan Premium,lt,15/02/2026,0
Jawa Tengah,Kab. Tegal,Minyak Goreng Sawit Curah,lt,15/02/2026,0
Jawa Tengah,Kab. Tegal,Minyakita,lt,15/02/2026,0
Jawa Tengah,Kab. Tegal,Daging Sapi Paha Belakang,kg,15/02/2026,0
Jawa Tengah,Kab. Tegal,Daging Ayam Ras,kg,15/02/2026,0
Jawa Tengah,Kab. Tegal,Telur Ayam Ras,kg,15/02/2026,0
Jawa Tengah,Kab. Tegal,Tepung Terigu,kg,15/02/2026,0
Jawa Tengah,Kab. Tegal,Kedelai Impor,kg,15/02/2026,0
Jawa Tengah,Kab. Tegal,Cabai Merah Keriting,kg,15/02/2026,0
Jawa Tengah,Kab. Tegal,Cabai Rawit Merah,kg,15/02/2026,0
Jawa Tengah,Kab. Tegal,Cabai Merah Besar,kg,15/02/2026,0
Jawa Tengah,Kab. Tegal,Bawang Merah,kg,15/02/2026,0
Jawa Tengah,Kab. Tegal,Bawang Putih Honan,kg,15/02/2026,0
Jawa Tengah,Kab. Brebes,Beras Medium,kg,15/02/2026,0
Jawa Tengah,Kab. Brebes,Beras Premium,kg,15/02/2026,0
Jawa Tengah,Kab. Brebes,Gula Pasir Curah,kg,15/02/2026,0
Jawa Tengah,Kab. Brebes,Minyak Goreng Sawit Kemasan Premium,lt,15/02/2026,0
Jawa Tengah,Kab. Brebes,Minyak Goreng Sawit Curah,lt,15/02/2026,0
Jawa Tengah,Kab. Brebes,Minyakita,lt,15/02/2026,0
Jawa Tengah,Kab. Brebes,Daging Sapi Paha Belakang,kg,15/02/2026,0
Jawa Tengah,Kab. Brebes,Daging Ayam Ras,kg,15/02/2026,0
Jawa Tengah,Kab. Brebes,Telur Ayam Ras,kg,15/02/2026,0
Jawa Tengah,Kab. Brebes,Tepung Terigu,kg,15/02/2026,0
Jawa Tengah,Kab. Brebes,Kedelai Impor,kg,15/02/2026,0
Jawa Tengah,Kab. Brebes,Cabai Merah Keriting,kg,15/02/2026,0
Jawa Tengah,Kab. Brebes,Cabai Rawit Merah,kg,15/02/2026,0
Jawa Tengah,Kab. Brebes,Cabai Merah Besar,kg,15/02/2026,0
Jawa Tengah,Kab. Brebes,Bawang Merah,kg,15/02/2026,0
Jawa Tengah,Kab. Brebes,Bawang Putih Honan,kg,15/02/2026,0
Jawa Tengah,Kota Magelang,Beras Medium,kg,15/02/2026,0
Jawa Tengah,Kota Magelang,Beras Premium,kg,15/02/2026,0
Jawa Tengah,Kota Magelang,Gula Pasir Curah,kg,15/02/2026,0
Jawa Tengah,Kota Magelang,Minyak Goreng Sawit Kemasan Premium,lt,15/02/2026,0
Jawa Tengah,Kota Magelang,Minyak Goreng Sawit Curah,lt,15/02/2026,0
Jawa Tengah,Kota Magelang,Minyakita,lt,15/02/2026,0
Jawa Tengah,Kota Magelang,Daging Sapi Paha Belakang,kg,15/02/2026,0
Jawa Tengah,Kota Magelang,Daging Ayam Ras,kg,15/02/2026,0
Jawa Tengah,Kota Magelang,Telur Ayam Ras,kg,15/02/2026,0
Jawa Tengah,Kota Magelang,Tepung Terigu,kg,15/02/2026,0
Jawa Tengah,Kota Magelang,Kedelai Impor,kg,15/02/2026,0
Jawa Tengah,Kota Magelang,Cabai Merah Keriting,kg,15/02/2026,0
Jawa Tengah,Kota Magelang,Cabai Rawit Merah,kg,15/02/2026,0
Jawa Tengah,Kota Magelang,Cabai Merah Besar,kg,15/02/2026,0
Jawa Tengah,Kota Magelang,Bawang Merah,kg,15/02/2026,0
Jawa Tengah,Kota Magelang,Bawang Putih Honan,kg,15/02/2026,0
Jawa Tengah,Kota Surakarta,Beras Medium,kg,15/02/2026,0
Jawa Tengah,Kota Surakarta,Beras Premium,kg,15/02/2026,0
Jawa Tengah,Kota Surakarta,Gula Pasir Curah,kg,15/02/2026,0
Jawa Tengah,Kota Surakarta,Minyak Goreng Sawit Kemasan Premium,lt,15/02/2026,0
Jawa Tengah,Kota Surakarta,Minyak Goreng Sawit Curah,lt,15/02/2026,0
Jawa Tengah,Kota Surakarta,Minyakita,lt,15/02/2026,0
Jawa Tengah,Kota Surakarta,Daging Sapi Paha Belakang,kg,15/02/2026,0
Jawa Tengah,Kota Surakarta,Daging Ayam Ras,kg,15/02/2026,0
Jawa Tengah,Kota Surakarta,Telur Ayam Ras,kg,15/02/2026,0
Jawa Tengah,Kota Surakarta,Tepung Terigu,kg,15/02/2026,0
Jawa Tengah,Kota Surakarta,Kedelai Impor,kg,15/02/2026,0
Jawa Tengah,Kota Surakarta,Cabai Merah Keriting,kg,15/02/2026,0
Jawa Tengah,Kota Surakarta,Cabai Rawit Merah,kg,15/02/2026,0
Jawa Tengah,Kota Surakarta,Cabai Merah Besar,kg,15/02/2026,0
Jawa Tengah,Kota Surakarta,Bawang Merah,kg,15/02/2026,0
Jawa Tengah,Kota Surakarta,Bawang Putih Honan,kg,15/02/2026,0
Jawa Tengah,Kota Salatiga,Beras Medium,kg,15/02/2026,0
Jawa Tengah,Kota Salatiga,Beras Premium,kg,15/02/2026,0
Jawa Tengah,Kota Salatiga,Gula Pasir Curah,kg,15/02/2026,0
Jawa Tengah,Kota Salatiga,Minyak Goreng Sawit Kemasan Premium,lt,15/02/2026,0
Jawa Tengah,Kota Salatiga,Minyak Goreng Sawit Curah,lt,15/02/2026,0
Jawa Tengah,Kota Salatiga,Minyakita,lt,15/02/2026,0
Jawa Tengah,Kota Salatiga,Daging Sapi Paha Belakang,kg,15/02/2026,0
Jawa Tengah,Kota Salatiga,Daging Ayam Ras,kg,15/02/2026,0
Jawa Tengah,Kota Salatiga,Telur Ayam Ras,kg,15/02/2026,0
Jawa Tengah,Kota Salatiga,Tepung Terigu,kg,15/02/2026,0
Jawa Tengah,Kota Salatiga,Kedelai Impor,kg,15/02/2026,0
Jawa Tengah,Kota Salatiga,Cabai Merah Keriting,kg,15/02/2026,0
Jawa Tengah,Kota Salatiga,Cabai Rawit Merah,kg,15/02/2026,0
Jawa Tengah,Kota Salatiga,Cabai Merah Besar,kg,15/02/2026,0
Jawa Tengah,Kota Salatiga,Bawang Merah,kg,15/02/2026,0
Jawa Tengah,Kota Salatiga,Bawang Putih Honan,kg,15/02/2026,0
Jawa Tengah,Kota Semarang,Beras Medium,kg,15/02/2026,0
Jawa Tengah,Kota Semarang,Beras Premium,kg,15/02/2026,0
Jawa Tengah,Kota Semarang,Gula Pasir Curah,kg,15/02/2026,0
Jawa Tengah,Kota Semarang,Minyak Goreng Sawit Kemasan Premium,lt,15/02/2026,0
Jawa Tengah,Kota Semarang,Minyak Goreng Sawit Curah,lt,15/02/2026,0
Jawa Tengah,Kota Semarang,Minyakita,lt,15/02/2026,0
Jawa Tengah,Kota Semarang,Daging Sapi Paha Belakang,kg,15/02/2026,0
Jawa Tengah,Kota Semarang,Daging Ayam Ras,kg,15/02/2026,0
Jawa Tengah,Kota Semarang,Telur Ayam Ras,kg,15/02/2026,0
Jawa Tengah,Kota Semarang,Tepung Terigu,kg,15/02/2026,0
Jawa Tengah,Kota Semarang,Kedelai Impor,kg,15/02/2026,0
Jawa Tengah,Kota Semarang,Cabai Merah Keriting,kg,15/02/2026,0
Jawa Tengah,Kota Semarang,Cabai Rawit Merah,kg,15/02/2026,0
Jawa Tengah,Kota Semarang,Cabai Merah Besar,kg,15/02/2026,0
Jawa Tengah,Kota Semarang,Bawang Merah,kg,15/02/2026,0
Jawa Tengah,Kota Semarang,Bawang Putih Honan,kg,15/02/2026,0
Jawa Tengah,Kota Pekalongan,Beras Medium,kg,15/02/2026,0
Jawa Tengah,Kota Pekalongan,Beras Premium,kg,15/02/2026,0
Jawa Tengah,Kota Pekalongan,Gula Pasir Curah,kg,15/02/2026,0
Jawa Tengah,Kota Pekalongan,Minyak Goreng Sawit Kemasan Premium,lt,15/02/2026,0
Jawa Tengah,Kota Pekalongan,Minyak Goreng Sawit Curah,lt,15/02/2026,0
Jawa Tengah,Kota Pekalongan,Minyakita,lt,15/02/2026,0
Jawa Tengah,Kota Pekalongan,Daging Sapi Paha Belakang,kg,15/02/2026,0
Jawa Tengah,Kota Pekalongan,Daging Ayam Ras,kg,15/02/2026,0
Jawa Tengah,Kota Pekalongan,Telur Ayam Ras,kg,15/02/2026,0
Jawa Tengah,Kota Pekalongan,Tepung Terigu,kg,15/02/2026,0
Jawa Tengah,Kota Pekalongan,Kedelai Impor,kg,15/02/2026,0
Jawa Tengah,Kota Pekalongan,Cabai Merah Keriting,kg,15/02/2026,0
Jawa Tengah,Kota Pekalongan,Cabai Rawit Merah,kg,15/02/2026,0
Jawa Tengah,Kota Pekalongan,Cabai Merah Besar,kg,15/02/2026,0
Jawa Tengah,Kota Pekalongan,Bawang Merah,kg,15/02/2026,0
Jawa Tengah,Kota Pekalongan,Bawang Putih Honan,kg,15/02/2026,0
Jawa Tengah,Kota Tegal,Beras Medium,kg,15/02/2026,0
Jawa Tengah,Kota Tegal,Beras Premium,kg,15/02/2026,0
Jawa Tengah,Kota Tegal,Gula Pasir Curah,kg,15/02/2026,0
Jawa Tengah,Kota Tegal,Minyak Goreng Sawit Kemasan Premium,lt,15/02/2026,0
Jawa Tengah,Kota Tegal,Minyak Goreng Sawit Curah,lt,15/02/2026,0
Jawa Tengah,Kota Tegal,Minyakita,lt,15/02/2026,0
Jawa Tengah,Kota Tegal,Daging Sapi Paha Belakang,kg,15/02/2026,0
Jawa Tengah,Kota Tegal,Daging Ayam Ras,kg,15/02/2026,0
Jawa Tengah,Kota Tegal,Telur Ayam Ras,kg,15/02/2026,0
Jawa Tengah,Kota Tegal,Tepung Terigu,kg,15/02/2026,0
Jawa Tengah,Kota Tegal,Kedelai Impor,kg,15/02/2026,0
Jawa Tengah,Kota Tegal,Cabai Merah Keriting,kg,15/02/2026,0
Jawa Tengah,Kota Tegal,Cabai Rawit Merah,kg,15/02/2026,0
Jawa Tengah,Kota Tegal,Cabai Merah Besar,kg,15/02/2026,0
Jawa Tengah,Kota Tegal,Bawang Merah,kg,15/02/2026,0
Jawa Tengah,Kota Tegal,Bawang Putih Honan,kg,15/02/2026,0
Jawa Tengah,Kab. Cilacap,Beras Medium,kg,16/02/2026,0
Jawa Tengah,Kab. Cilacap,Beras Premium,kg,16/02/2026,0
Jawa Tengah,Kab. Cilacap,Gula Pasir Curah,kg,16/02/2026,0
Jawa Tengah,Kab. Cilacap,Minyak Goreng Sawit Kemasan Premium,lt,16/02/2026,0
Jawa Tengah,Kab. Cilacap,Minyak Goreng Sawit Curah,lt,16/02/2026,0
Jawa Tengah,Kab. Cilacap,Minyakita,lt,16/02/2026,0
Jawa Tengah,Kab. Cilacap,Daging Sapi Paha Belakang,kg,16/02/2026,0
Jawa Tengah,Kab. Cilacap,Daging Ayam Ras,kg,16/02/2026,0
Jawa Tengah,Kab. Cilacap,Telur Ayam Ras,kg,16/02/2026,0
Jawa Tengah,Kab. Cilacap,Tepung Terigu,kg,16/02/2026,0
Jawa Tengah,Kab. Cilacap,Kedelai Impor,kg,16/02/2026,0
Jawa Tengah,Kab. Cilacap,Cabai Merah Keriting,kg,16/02/2026,0
Jawa Tengah,Kab. Cilacap,Cabai Rawit Merah,kg,16/02/2026,0
Jawa Tengah,Kab. Cilacap,Cabai Merah Besar,kg,16/02/2026,0
Jawa Tengah,Kab. Cilacap,Bawang Merah,kg,16/02/2026,0
Jawa Tengah,Kab. Cilacap,Bawang Putih Honan,kg,16/02/2026,0
Jawa Tengah,Kab. Banyumas,Beras Medium,kg,16/02/2026,0
Jawa Tengah,Kab. Banyumas,Beras Premium,kg,16/02/2026,0
Jawa Tengah,Kab. Banyumas,Gula Pasir Curah,kg,16/02/2026,0
Jawa Tengah,Kab. Banyumas,Minyak Goreng Sawit Kemasan Premium,lt,16/02/2026,0
Jawa Tengah,Kab. Banyumas,Minyak Goreng Sawit Curah,lt,16/02/2026,0
Jawa Tengah,Kab. Banyumas,Minyakita,lt,16/02/2026,0
Jawa Tengah,Kab. Banyumas,Daging Sapi Paha Belakang,kg,16/02/2026,0
Jawa Tengah,Kab. Banyumas,Daging Ayam Ras,kg,16/02/2026,0
Jawa Tengah,Kab. Banyumas,Telur Ayam Ras,kg,16/02/2026,0
Jawa Tengah,Kab. Banyumas,Tepung Terigu,kg,16/02/2026,0
Jawa Tengah,Kab. Banyumas,Kedelai Impor,kg,16/02/2026,0
Jawa Tengah,Kab. Banyumas,Cabai Merah Keriting,kg,16/02/2026,0
Jawa Tengah,Kab. Banyumas,Cabai Rawit Merah,kg,16/02/2026,0
Jawa Tengah,Kab. Banyumas,Cabai Merah Besar,kg,16/02/2026,0
Jawa Tengah,Kab. Banyumas,Bawang Merah,kg,16/02/2026,0
Jawa Tengah,Kab. Banyumas,Bawang Putih Honan,kg,16/02/2026,0
Jawa Tengah,Kab. Purbalingga,Beras Medium,kg,16/02/2026,0
Jawa Tengah,Kab. Purbalingga,Beras Premium,kg,16/02/2026,0
Jawa Tengah,Kab. Purbalingga,Gula Pasir Curah,kg,16/02/2026,0
Jawa Tengah,Kab. Purbalingga,Minyak Goreng Sawit Kemasan Premium,lt,16/02/2026,0
Jawa Tengah,Kab. Purbalingga,Minyak Goreng Sawit Curah,lt,16/02/2026,0
Jawa Tengah,Kab. Purbalingga,Minyakita,lt,16/02/2026,0
Jawa Tengah,Kab. Purbalingga,Daging Sapi Paha Belakang,kg,16/02/2026,0
Jawa Tengah,Kab. Purbalingga,Daging Ayam Ras,kg,16/02/2026,0
Jawa Tengah,Kab. Purbalingga,Telur Ayam Ras,kg,16/02/2026,0
Jawa Tengah,Kab. Purbalingga,Tepung Terigu,kg,16/02/2026,0
Jawa Tengah,Kab. Purbalingga,Kedelai Impor,kg,16/02/2026,0
Jawa Tengah,Kab. Purbalingga,Cabai Merah Keriting,kg,16/02/2026,0
Jawa Tengah,Kab. Purbalingga,Cabai Rawit Merah,kg,16/02/2026,0
Jawa Tengah,Kab. Purbalingga,Cabai Merah Besar,kg,16/02/2026,0
Jawa Tengah,Kab. Purbalingga,Bawang Merah,kg,16/02/2026,0
Jawa Tengah,Kab. Purbalingga,Bawang Putih Honan,kg,16/02/2026,0
Jawa Tengah,Kab. Banjarnegara,Beras Medium,kg,16/02/2026,0
Jawa Tengah,Kab. Banjarnegara,Beras Premium,kg,16/02/2026,0
Jawa Tengah,Kab. Banjarnegara,Gula Pasir Curah,kg,16/02/2026,0
Jawa Tengah,Kab. Banjarnegara,Minyak Goreng Sawit Kemasan Premium,lt,16/02/2026,0
Jawa Tengah,Kab. Banjarnegara,Minyak Goreng Sawit Curah,lt,16/02/2026,0
Jawa Tengah,Kab. Banjarnegara,Minyakita,lt,16/02/2026,0
Jawa Tengah,Kab. Banjarnegara,Daging Sapi Paha Belakang,kg,16/02/2026,0
Jawa Tengah,Kab. Banjarnegara,Daging Ayam Ras,kg,16/02/2026,0
Jawa Tengah,Kab. Banjarnegara,Telur Ayam Ras,kg,16/02/2026,0
Jawa Tengah,Kab. Banjarnegara,Tepung Terigu,kg,16/02/2026,0
Jawa Tengah,Kab. Banjarnegara,Kedelai Impor,kg,16/02/2026,0
Jawa Tengah,Kab. Banjarnegara,Cabai Merah Keriting,kg,16/02/2026,0
Jawa Tengah,Kab. Banjarnegara,Cabai Rawit Merah,kg,16/02/2026,0
Jawa Tengah,Kab. Banjarnegara,Cabai Merah Besar,kg,16/02/2026,0
Jawa Tengah,Kab. Banjarnegara,Bawang Merah,kg,16/02/2026,0
Jawa Tengah,Kab. Banjarnegara,Bawang Putih Honan,kg,16/02/2026,0
Jawa Tengah,Kab. Kebumen,Beras Medium,kg,16/02/2026,0
Jawa Tengah,Kab. Kebumen,Beras Premium,kg,16/02/2026,0
Jawa Tengah,Kab. Kebumen,Gula Pasir Curah,kg,16/02/2026,0
Jawa Tengah,Kab. Kebumen,Minyak Goreng Sawit Kemasan Premium,lt,16/02/2026,0
Jawa Tengah,Kab. Kebumen,Minyak Goreng Sawit Curah,lt,16/02/2026,0
Jawa Tengah,Kab. Kebumen,Minyakita,lt,16/02/2026,0
Jawa Tengah,Kab. Kebumen,Daging Sapi Paha Belakang,kg,16/02/2026,0
Jawa Tengah,Kab. Kebumen,Daging Ayam Ras,kg,16/02/2026,0
Jawa Tengah,Kab. Kebumen,Telur Ayam Ras,kg,16/02/2026,0
Jawa Tengah,Kab. Kebumen,Tepung Terigu,kg,16/02/2026,0
Jawa Tengah,Kab. Kebumen,Kedelai Impor,kg,16/02/2026,0
Jawa Tengah,Kab. Kebumen,Cabai Merah Keriting,kg,16/02/2026,0
Jawa Tengah,Kab. Kebumen,Cabai Rawit Merah,kg,16/02/2026,0
Jawa Tengah,Kab. Kebumen,Cabai Merah Besar,kg,16/02/2026,0
Jawa Tengah,Kab. Kebumen,Bawang Merah,kg,16/02/2026,0
Jawa Tengah,Kab. Kebumen,Bawang Putih Honan,kg,16/02/2026,0
Jawa Tengah,Kab. Purworejo,Beras Medium,kg,16/02/2026,0
Jawa Tengah,Kab. Purworejo,Beras Premium,kg,16/02/2026,0
Jawa Tengah,Kab. Purworejo,Gula Pasir Curah,kg,16/02/2026,0
Jawa Tengah,Kab. Purworejo,Minyak Goreng Sawit Kemasan Premium,lt,16/02/2026,0
Jawa Tengah,Kab. Purworejo,Minyak Goreng Sawit Curah,lt,16/02/2026,0
Jawa Tengah,Kab. Purworejo,Minyakita,lt,16/02/2026,0
Jawa Tengah,Kab. Purworejo,Daging Sapi Paha Belakang,kg,16/02/2026,0
Jawa Tengah,Kab. Purworejo,Daging Ayam Ras,kg,16/02/2026,0
Jawa Tengah,Kab. Purworejo,Telur Ayam Ras,kg,16/02/2026,0
Jawa Tengah,Kab. Purworejo,Tepung Terigu,kg,16/02/2026,0
Jawa Tengah,Kab. Purworejo,Kedelai Impor,kg,16/02/2026,0
Jawa Tengah,Kab. Purworejo,Cabai Merah Keriting,kg,16/02/2026,0
Jawa Tengah,Kab. Purworejo,Cabai Rawit Merah,kg,16/02/2026,0
Jawa Tengah,Kab. Purworejo,Cabai Merah Besar,kg,16/02/2026,0
Jawa Tengah,Kab. Purworejo,Bawang Merah,kg,16/02/2026,0
Jawa Tengah,Kab. Purworejo,Bawang Putih Honan,kg,16/02/2026,0
Jawa Tengah,Kab. Wonosobo,Beras Medium,kg,16/02/2026,0
Jawa Tengah,Kab. Wonosobo,Beras Premium,kg,16/02/2026,0
Jawa Tengah,Kab. Wonosobo,Gula Pasir Curah,kg,16/02/2026,0
Jawa Tengah,Kab. Wonosobo,Minyak Goreng Sawit Kemasan Premium,lt,16/02/2026,0
Jawa Tengah,Kab. Wonosobo,Minyak Goreng Sawit Curah,lt,16/02/2026,0
Jawa Tengah,Kab. Wonosobo,Minyakita,lt,16/02/2026,0
Jawa Tengah,Kab. Wonosobo,Daging Sapi Paha Belakang,kg,16/02/2026,0
Jawa Tengah,Kab. Wonosobo,Daging Ayam Ras,kg,16/02/2026,0
Jawa Tengah,Kab. Wonosobo,Telur Ayam Ras,kg,16/02/2026,0
Jawa Tengah,Kab. Wonosobo,Tepung Terigu,kg,16/02/2026,0
Jawa Tengah,Kab. Wonosobo,Kedelai Impor,kg,16/02/2026,0
Jawa Tengah,Kab. Wonosobo,Cabai Merah Keriting,kg,16/02/2026,0
Jawa Tengah,Kab. Wonosobo,Cabai Rawit Merah,kg,16/02/2026,0
Jawa Tengah,Kab. Wonosobo,Cabai Merah Besar,kg,16/02/2026,0
Jawa Tengah,Kab. Wonosobo,Bawang Merah,kg,16/02/2026,0
Jawa Tengah,Kab. Wonosobo,Bawang Putih Honan,kg,16/02/2026,0
Jawa Tengah,Kab. Magelang,Beras Medium,kg,16/02/2026,0
Jawa Tengah,Kab. Magelang,Beras Premium,kg,16/02/2026,0
Jawa Tengah,Kab. Magelang,Gula Pasir Curah,kg,16/02/2026,0
Jawa Tengah,Kab. Magelang,Minyak Goreng Sawit Kemasan Premium,lt,16/02/2026,0
Jawa Tengah,Kab. Magelang,Minyak Goreng Sawit Curah,lt,16/02/2026,0
Jawa Tengah,Kab. Magelang,Minyakita,lt,16/02/2026,0
Jawa Tengah,Kab. Magelang,Daging Sapi Paha Belakang,kg,16/02/2026,0
Jawa Tengah,Kab. Magelang,Daging Ayam Ras,kg,16/02/2026,0
Jawa Tengah,Kab. Magelang,Telur Ayam Ras,kg,16/02/2026,0
Jawa Tengah,Kab. Magelang,Tepung Terigu,kg,16/02/2026,0
Jawa Tengah,Kab. Magelang,Kedelai Impor,kg,16/02/2026,0
Jawa Tengah,Kab. Magelang,Cabai Merah Keriting,kg,16/02/2026,0
Jawa Tengah,Kab. Magelang,Cabai Rawit Merah,kg,16/02/2026,0
Jawa Tengah,Kab. Magelang,Cabai Merah Besar,kg,16/02/2026,0
Jawa Tengah,Kab. Magelang,Bawang Merah,kg,16/02/2026,0
Jawa Tengah,Kab. Magelang,Bawang Putih Honan,kg,16/02/2026,0
Jawa Tengah,Kab. Boyolali,Beras Medium,kg,16/02/2026,0
Jawa Tengah,Kab. Boyolali,Beras Premium,kg,16/02/2026,0
Jawa Tengah,Kab. Boyolali,Gula Pasir Curah,kg,16/02/2026,0
Jawa Tengah,Kab. Boyolali,Minyak Goreng Sawit Kemasan Premium,lt,16/02/2026,0
Jawa Tengah,Kab. Boyolali,Minyak Goreng Sawit Curah,lt,16/02/2026,0
Jawa Tengah,Kab. Boyolali,Minyakita,lt,16/02/2026,0
Jawa Tengah,Kab. Boyolali,Daging Sapi Paha Belakang,kg,16/02/2026,0
Jawa Tengah,Kab. Boyolali,Daging Ayam Ras,kg,16/02/2026,0
Jawa Tengah,Kab. Boyolali,Telur Ayam Ras,kg,16/02/2026,0
Jawa Tengah,Kab. Boyolali,Tepung Terigu,kg,16/02/2026,0
Jawa Tengah,Kab. Boyolali,Kedelai Impor,kg,16/02/2026,0
Jawa Tengah,Kab. Boyolali,Cabai Merah Keriting,kg,16/02/2026,0
Jawa Tengah,Kab. Boyolali,Cabai Rawit Merah,kg,16/02/2026,0
Jawa Tengah,Kab. Boyolali,Cabai Merah Besar,kg,16/02/2026,0
Jawa Tengah,Kab. Boyolali,Bawang Merah,kg,16/02/2026,0
Jawa Tengah,Kab. Boyolali,Bawang Putih Honan,kg,16/02/2026,0
Jawa Tengah,Kab. Klaten,Beras Medium,kg,16/02/2026,0
Jawa Tengah,Kab. Klaten,Beras Premium,kg,16/02/2026,0
Jawa Tengah,Kab. Klaten,Gula Pasir Curah,kg,16/02/2026,0
Jawa Tengah,Kab. Klaten,Minyak Goreng Sawit Kemasan Premium,lt,16/02/2026,0
Jawa Tengah,Kab. Klaten,Minyak Goreng Sawit Curah,lt,16/02/2026,0
Jawa Tengah,Kab. Klaten,Minyakita,lt,16/02/2026,0
Jawa Tengah,Kab. Klaten,Daging Sapi Paha Belakang,kg,16/02/2026,0
Jawa Tengah,Kab. Klaten,Daging Ayam Ras,kg,16/02/2026,0
Jawa Tengah,Kab. Klaten,Telur Ayam Ras,kg,16/02/2026,0
Jawa Tengah,Kab. Klaten,Tepung Terigu,kg,16/02/2026,0
Jawa Tengah,Kab. Klaten,Kedelai Impor,kg,16/02/2026,0
Jawa Tengah,Kab. Klaten,Cabai Merah Keriting,kg,16/02/2026,0
Jawa Tengah,Kab. Klaten,Cabai Rawit Merah,kg,16/02/2026,0
Jawa Tengah,Kab. Klaten,Cabai Merah Besar,kg,16/02/2026,0
Jawa Tengah,Kab. Klaten,Bawang Merah,kg,16/02/2026,0
Jawa Tengah,Kab. Klaten,Bawang Putih Honan,kg,16/02/2026,0
Jawa Tengah,Kab. Sukoharjo,Beras Medium,kg,16/02/2026,0
Jawa Tengah,Kab. Sukoharjo,Beras Premium,kg,16/02/2026,0
Jawa Tengah,Kab. Sukoharjo,Gula Pasir Curah,kg,16/02/2026,0
Jawa Tengah,Kab. Sukoharjo,Minyak Goreng Sawit Kemasan Premium,lt,16/02/2026,0
Jawa Tengah,Kab. Sukoharjo,Minyak Goreng Sawit Curah,lt,16/02/2026,0
Jawa Tengah,Kab. Sukoharjo,Minyakita,lt,16/02/2026,0
Jawa Tengah,Kab. Sukoharjo,Daging Sapi Paha Belakang,kg,16/02/2026,0
Jawa Tengah,Kab. Sukoharjo,Daging Ayam Ras,kg,16/02/2026,0
Jawa Tengah,Kab. Sukoharjo,Telur Ayam Ras,kg,16/02/2026,0
Jawa Tengah,Kab. Sukoharjo,Tepung Terigu,kg,16/02/2026,0
Jawa Tengah,Kab. Sukoharjo,Kedelai Impor,kg,16/02/2026,0
Jawa Tengah,Kab. Sukoharjo,Cabai Merah Keriting,kg,16/02/2026,0
Jawa Tengah,Kab. Sukoharjo,Cabai Rawit Merah,kg,16/02/2026,0
Jawa Tengah,Kab. Sukoharjo,Cabai Merah Besar,kg,16/02/2026,0
Jawa Tengah,Kab. Sukoharjo,Bawang Merah,kg,16/02/2026,0
Jawa Tengah,Kab. Sukoharjo,Bawang Putih Honan,kg,16/02/2026,0
Jawa Tengah,Kab. Wonogiri,Beras Medium,kg,16/02/2026,0
Jawa Tengah,Kab. Wonogiri,Beras Premium,kg,16/02/2026,0
Jawa Tengah,Kab. Wonogiri,Gula Pasir Curah,kg,16/02/2026,0
Jawa Tengah,Kab. Wonogiri,Minyak Goreng Sawit Kemasan Premium,lt,16/02/2026,0
Jawa Tengah,Kab. Wonogiri,Minyak Goreng Sawit Curah,lt,16/02/2026,0
Jawa Tengah,Kab. Wonogiri,Minyakita,lt,16/02/2026,0
Jawa Tengah,Kab. Wonogiri,Daging Sapi Paha Belakang,kg,16/02/2026,0
Jawa Tengah,Kab. Wonogiri,Daging Ayam Ras,kg,16/02/2026,0
Jawa Tengah,Kab. Wonogiri,Telur Ayam Ras,kg,16/02/2026,0
Jawa Tengah,Kab. Wonogiri,Tepung Terigu,kg,16/02/2026,0
Jawa Tengah,Kab. Wonogiri,Kedelai Impor,kg,16/02/2026,0
Jawa Tengah,Kab. Wonogiri,Cabai Merah Keriting,kg,16/02/2026,0
Jawa Tengah,Kab. Wonogiri,Cabai Rawit Merah,kg,16/02/2026,0
Jawa Tengah,Kab. Wonogiri,Cabai Merah Besar,kg,16/02/2026,0
Jawa Tengah,Kab. Wonogiri,Bawang Merah,kg,16/02/2026,0
Jawa Tengah,Kab. Wonogiri,Bawang Putih Honan,kg,16/02/2026,0
Jawa Tengah,Kab. Karanganyar,Beras Medium,kg,16/02/2026,0
Jawa Tengah,Kab. Karanganyar,Beras Premium,kg,16/02/2026,0
Jawa Tengah,Kab. Karanganyar,Gula Pasir Curah,kg,16/02/2026,0
Jawa Tengah,Kab. Karanganyar,Minyak Goreng Sawit Kemasan Premium,lt,16/02/2026,0
Jawa Tengah,Kab. Karanganyar,Minyak Goreng Sawit Curah,lt,16/02/2026,0
Jawa Tengah,Kab. Karanganyar,Minyakita,lt,16/02/2026,0
Jawa Tengah,Kab. Karanganyar,Daging Sapi Paha Belakang,kg,16/02/2026,0
Jawa Tengah,Kab. Karanganyar,Daging Ayam Ras,kg,16/02/2026,0
Jawa Tengah,Kab. Karanganyar,Telur Ayam Ras,kg,16/02/2026,0
Jawa Tengah,Kab. Karanganyar,Tepung Terigu,kg,16/02/2026,0
Jawa Tengah,Kab. Karanganyar,Kedelai Impor,kg,16/02/2026,0
Jawa Tengah,Kab. Karanganyar,Cabai Merah Keriting,kg,16/02/2026,0
Jawa Tengah,Kab. Karanganyar,Cabai Rawit Merah,kg,16/02/2026,0
Jawa Tengah,Kab. Karanganyar,Cabai Merah Besar,kg,16/02/2026,0
Jawa Tengah,Kab. Karanganyar,Bawang Merah,kg,16/02/2026,0
Jawa Tengah,Kab. Karanganyar,Bawang Putih Honan,kg,16/02/2026,0
Jawa Tengah,Kab. Sragen,Beras Medium,kg,16/02/2026,0
Jawa Tengah,Kab. Sragen,Beras Premium,kg,16/02/2026,0
Jawa Tengah,Kab. Sragen,Gula Pasir Curah,kg,16/02/2026,0
Jawa Tengah,Kab. Sragen,Minyak Goreng Sawit Kemasan Premium,lt,16/02/2026,0
Jawa Tengah,Kab. Sragen,Minyak Goreng Sawit Curah,lt,16/02/2026,0
Jawa Tengah,Kab. Sragen,Minyakita,lt,16/02/2026,0
Jawa Tengah,Kab. Sragen,Daging Sapi Paha Belakang,kg,16/02/2026,0
Jawa Tengah,Kab. Sragen,Daging Ayam Ras,kg,16/02/2026,0
Jawa Tengah,Kab. Sragen,Telur Ayam Ras,kg,16/02/2026,0
Jawa Tengah,Kab. Sragen,Tepung Terigu,kg,16/02/2026,0
Jawa Tengah,Kab. Sragen,Kedelai Impor,kg,16/02/2026,0
Jawa Tengah,Kab. Sragen,Cabai Merah Keriting,kg,16/02/2026,0
Jawa Tengah,Kab. Sragen,Cabai Rawit Merah,kg,16/02/2026,0
Jawa Tengah,Kab. Sragen,Cabai Merah Besar,kg,16/02/2026,0
Jawa Tengah,Kab. Sragen,Bawang Merah,kg,16/02/2026,0
Jawa Tengah,Kab. Sragen,Bawang Putih Honan,kg,16/02/2026,0
Jawa Tengah,Kab. Grobogan,Beras Medium,kg,16/02/2026,0
Jawa Tengah,Kab. Grobogan,Beras Premium,kg,16/02/2026,0
Jawa Tengah,Kab. Grobogan,Gula Pasir Curah,kg,16/02/2026,0
Jawa Tengah,Kab. Grobogan,Minyak Goreng Sawit Kemasan Premium,lt,16/02/2026,0
Jawa Tengah,Kab. Grobogan,Minyak Goreng Sawit Curah,lt,16/02/2026,0
Jawa Tengah,Kab. Grobogan,Minyakita,lt,16/02/2026,0
Jawa Tengah,Kab. Grobogan,Daging Sapi Paha Belakang,kg,16/02/2026,0
Jawa Tengah,Kab. Grobogan,Daging Ayam Ras,kg,16/02/2026,0
Jawa Tengah,Kab. Grobogan,Telur Ayam Ras,kg,16/02/2026,0
Jawa Tengah,Kab. Grobogan,Tepung Terigu,kg,16/02/2026,0
Jawa Tengah,Kab. Grobogan,Kedelai Impor,kg,16/02/2026,0
Jawa Tengah,Kab. Grobogan,Cabai Merah Keriting,kg,16/02/2026,0
Jawa Tengah,Kab. Grobogan,Cabai Rawit Merah,kg,16/02/2026,0
Jawa Tengah,Kab. Grobogan,Cabai Merah Besar,kg,16/02/2026,0
Jawa Tengah,Kab. Grobogan,Bawang Merah,kg,16/02/2026,0
Jawa Tengah,Kab. Grobogan,Bawang Putih Honan,kg,16/02/2026,0
Jawa Tengah,Kab. Blora,Beras Medium,kg,16/02/2026,0
Jawa Tengah,Kab. Blora,Beras Premium,kg,16/02/2026,0
Jawa Tengah,Kab. Blora,Gula Pasir Curah,kg,16/02/2026,0
Jawa Tengah,Kab. Blora,Minyak Goreng Sawit Kemasan Premium,lt,16/02/2026,0
Jawa Tengah,Kab. Blora,Minyak Goreng Sawit Curah,lt,16/02/2026,0
Jawa Tengah,Kab. Blora,Minyakita,lt,16/02/2026,0
Jawa Tengah,Kab. Blora,Daging Sapi Paha Belakang,kg,16/02/2026,0
Jawa Tengah,Kab. Blora,Daging Ayam Ras,kg,16/02/2026,0
Jawa Tengah,Kab. Blora,Telur Ayam Ras,kg,16/02/2026,0
Jawa Tengah,Kab. Blora,Tepung Terigu,kg,16/02/2026,0
Jawa Tengah,Kab. Blora,Kedelai Impor,kg,16/02/2026,0
Jawa Tengah,Kab. Blora,Cabai Merah Keriting,kg,16/02/2026,0
Jawa Tengah,Kab. Blora,Cabai Rawit Merah,kg,16/02/2026,0
Jawa Tengah,Kab. Blora,Cabai Merah Besar,kg,16/02/2026,0
Jawa Tengah,Kab. Blora,Bawang Merah,kg,16/02/2026,0
Jawa Tengah,Kab. Blora,Bawang Putih Honan,kg,16/02/2026,0
Jawa Tengah,Kab. Rembang,Beras Medium,kg,16/02/2026,0
Jawa Tengah,Kab. Rembang,Beras Premium,kg,16/02/2026,0
Jawa Tengah,Kab. Rembang,Gula Pasir Curah,kg,16/02/2026,0
Jawa Tengah,Kab. Rembang,Minyak Goreng Sawit Kemasan Premium,lt,16/02/2026,0
Jawa Tengah,Kab. Rembang,Minyak Goreng Sawit Curah,lt,16/02/2026,0
Jawa Tengah,Kab. Rembang,Minyakita,lt,16/02/2026,0
Jawa Tengah,Kab. Rembang,Daging Sapi Paha Belakang,kg,16/02/2026,0
Jawa Tengah,Kab. Rembang,Daging Ayam Ras,kg,16/02/2026,0
Jawa Tengah,Kab. Rembang,Telur Ayam Ras,kg,16/02/2026,0
Jawa Tengah,Kab. Rembang,Tepung Terigu,kg,16/02/2026,0
Jawa Tengah,Kab. Rembang,Kedelai Impor,kg,16/02/2026,0
Jawa Tengah,Kab. Rembang,Cabai Merah Keriting,kg,16/02/2026,0
Jawa Tengah,Kab. Rembang,Cabai Rawit Merah,kg,16/02/2026,0
Jawa Tengah,Kab. Rembang,Cabai Merah Besar,kg,16/02/2026,0
Jawa Tengah,Kab. Rembang,Bawang Merah,kg,16/02/2026,0
Jawa Tengah,Kab. Rembang,Bawang Putih Honan,kg,16/02/2026,0
Jawa Tengah,Kab. Pati,Beras Medium,kg,16/02/2026,0
Jawa Tengah,Kab. Pati,Beras Premium,kg,16/02/2026,0
Jawa Tengah,Kab. Pati,Gula Pasir Curah,kg,16/02/2026,0
Jawa Tengah,Kab. Pati,Minyak Goreng Sawit Kemasan Premium,lt,16/02/2026,0
Jawa Tengah,Kab. Pati,Minyak Goreng Sawit Curah,lt,16/02/2026,0
Jawa Tengah,Kab. Pati,Minyakita,lt,16/02/2026,0
Jawa Tengah,Kab. Pati,Daging Sapi Paha Belakang,kg,16/02/2026,0
Jawa Tengah,Kab. Pati,Daging Ayam Ras,kg,16/02/2026,0
Jawa Tengah,Kab. Pati,Telur Ayam Ras,kg,16/02/2026,0
Jawa Tengah,Kab. Pati,Tepung Terigu,kg,16/02/2026,0
Jawa Tengah,Kab. Pati,Kedelai Impor,kg,16/02/2026,0
Jawa Tengah,Kab. Pati,Cabai Merah Keriting,kg,16/02/2026,0
Jawa Tengah,Kab. Pati,Cabai Rawit Merah,kg,16/02/2026,0
Jawa Tengah,Kab. Pati,Cabai Merah Besar,kg,16/02/2026,0
Jawa Tengah,Kab. Pati,Bawang Merah,kg,16/02/2026,0
Jawa Tengah,Kab. Pati,Bawang Putih Honan,kg,16/02/2026,0
Jawa Tengah,Kab. Kudus,Beras Medium,kg,16/02/2026,0
Jawa Tengah,Kab. Kudus,Beras Premium,kg,16/02/2026,0
Jawa Tengah,Kab. Kudus,Gula Pasir Curah,kg,16/02/2026,0
Jawa Tengah,Kab. Kudus,Minyak Goreng Sawit Kemasan Premium,lt,16/02/2026,0
Jawa Tengah,Kab. Kudus,Minyak Goreng Sawit Curah,lt,16/02/2026,0
Jawa Tengah,Kab. Kudus,Minyakita,lt,16/02/2026,0
Jawa Tengah,Kab. Kudus,Daging Sapi Paha Belakang,kg,16/02/2026,0
Jawa Tengah,Kab. Kudus,Daging Ayam Ras,kg,16/02/2026,0
Jawa Tengah,Kab. Kudus,Telur Ayam Ras,kg,16/02/2026,0
Jawa Tengah,Kab. Kudus,Tepung Terigu,kg,16/02/2026,0
Jawa Tengah,Kab. Kudus,Kedelai Impor,kg,16/02/2026,0
Jawa Tengah,Kab. Kudus,Cabai Merah Keriting,kg,16/02/2026,0
Jawa Tengah,Kab. Kudus,Cabai Rawit Merah,kg,16/02/2026,0
Jawa Tengah,Kab. Kudus,Cabai Merah Besar,kg,16/02/2026,0
Jawa Tengah,Kab. Kudus,Bawang Merah,kg,16/02/2026,0
Jawa Tengah,Kab. Kudus,Bawang Putih Honan,kg,16/02/2026,0
Jawa Tengah,Kab. Jepara,Beras Medium,kg,16/02/2026,0
Jawa Tengah,Kab. Jepara,Beras Premium,kg,16/02/2026,0
Jawa Tengah,Kab. Jepara,Gula Pasir Curah,kg,16/02/2026,0
Jawa Tengah,Kab. Jepara,Minyak Goreng Sawit Kemasan Premium,lt,16/02/2026,0
Jawa Tengah,Kab. Jepara,Minyak Goreng Sawit Curah,lt,16/02/2026,0
Jawa Tengah,Kab. Jepara,Minyakita,lt,16/02/2026,0
Jawa Tengah,Kab. Jepara,Daging Sapi Paha Belakang,kg,16/02/2026,0
Jawa Tengah,Kab. Jepara,Daging Ayam Ras,kg,16/02/2026,0
Jawa Tengah,Kab. Jepara,Telur Ayam Ras,kg,16/02/2026,0
Jawa Tengah,Kab. Jepara,Tepung Terigu,kg,16/02/2026,0
Jawa Tengah,Kab. Jepara,Kedelai Impor,kg,16/02/2026,0
Jawa Tengah,Kab. Jepara,Cabai Merah Keriting,kg,16/02/2026,0
Jawa Tengah,Kab. Jepara,Cabai Rawit Merah,kg,16/02/2026,0
Jawa Tengah,Kab. Jepara,Cabai Merah Besar,kg,16/02/2026,0
Jawa Tengah,Kab. Jepara,Bawang Merah,kg,16/02/2026,0
Jawa Tengah,Kab. Jepara,Bawang Putih Honan,kg,16/02/2026,0
Jawa Tengah,Kab. Demak,Beras Medium,kg,16/02/2026,0
Jawa Tengah,Kab. Demak,Beras Premium,kg,16/02/2026,0
Jawa Tengah,Kab. Demak,Gula Pasir Curah,kg,16/02/2026,0
Jawa Tengah,Kab. Demak,Minyak Goreng Sawit Kemasan Premium,lt,16/02/2026,0
Jawa Tengah,Kab. Demak,Minyak Goreng Sawit Curah,lt,16/02/2026,0
Jawa Tengah,Kab. Demak,Minyakita,lt,16/02/2026,0
Jawa Tengah,Kab. Demak,Daging Sapi Paha Belakang,kg,16/02/2026,0
Jawa Tengah,Kab. Demak,Daging Ayam Ras,kg,16/02/2026,0
Jawa Tengah,Kab. Demak,Telur Ayam Ras,kg,16/02/2026,0
Jawa Tengah,Kab. Demak,Tepung Terigu,kg,16/02/2026,0
Jawa Tengah,Kab. Demak,Kedelai Impor,kg,16/02/2026,0
Jawa Tengah,Kab. Demak,Cabai Merah Keriting,kg,16/02/2026,0
Jawa Tengah,Kab. Demak,Cabai Rawit Merah,kg,16/02/2026,0
Jawa Tengah,Kab. Demak,Cabai Merah Besar,kg,16/02/2026,0
Jawa Tengah,Kab. Demak,Bawang Merah,kg,16/02/2026,0
Jawa Tengah,Kab. Demak,Bawang Putih Honan,kg,16/02/2026,0
Jawa Tengah,Kab. Semarang,Beras Medium,kg,16/02/2026,0
Jawa Tengah,Kab. Semarang,Beras Premium,kg,16/02/2026,0
Jawa Tengah,Kab. Semarang,Gula Pasir Curah,kg,16/02/2026,0
Jawa Tengah,Kab. Semarang,Minyak Goreng Sawit Kemasan Premium,lt,16/02/2026,0
Jawa Tengah,Kab. Semarang,Minyak Goreng Sawit Curah,lt,16/02/2026,0
Jawa Tengah,Kab. Semarang,Minyakita,lt,16/02/2026,0
Jawa Tengah,Kab. Semarang,Daging Sapi Paha Belakang,kg,16/02/2026,0
Jawa Tengah,Kab. Semarang,Daging Ayam Ras,kg,16/02/2026,0
Jawa Tengah,Kab. Semarang,Telur Ayam Ras,kg,16/02/2026,0
Jawa Tengah,Kab. Semarang,Tepung Terigu,kg,16/02/2026,0
Jawa Tengah,Kab. Semarang,Kedelai Impor,kg,16/02/2026,0
Jawa Tengah,Kab. Semarang,Cabai Merah Keriting,kg,16/02/2026,0
Jawa Tengah,Kab. Semarang,Cabai Rawit Merah,kg,16/02/2026,0
Jawa Tengah,Kab. Semarang,Cabai Merah Besar,kg,16/02/2026,0
Jawa Tengah,Kab. Semarang,Bawang Merah,kg,16/02/2026,0
Jawa Tengah,Kab. Semarang,Bawang Putih Honan,kg,16/02/2026,0
Jawa Tengah,Kab. Temanggung,Beras Medium,kg,16/02/2026,0
Jawa Tengah,Kab. Temanggung,Beras Premium,kg,16/02/2026,0
Jawa Tengah,Kab. Temanggung,Gula Pasir Curah,kg,16/02/2026,0
Jawa Tengah,Kab. Temanggung,Minyak Goreng Sawit Kemasan Premium,lt,16/02/2026,0
Jawa Tengah,Kab. Temanggung,Minyak Goreng Sawit Curah,lt,16/02/2026,0
Jawa Tengah,Kab. Temanggung,Minyakita,lt,16/02/2026,0
Jawa Tengah,Kab. Temanggung,Daging Sapi Paha Belakang,kg,16/02/2026,0
Jawa Tengah,Kab. Temanggung,Daging Ayam Ras,kg,16/02/2026,0
Jawa Tengah,Kab. Temanggung,Telur Ayam Ras,kg,16/02/2026,0
Jawa Tengah,Kab. Temanggung,Tepung Terigu,kg,16/02/2026,0
Jawa Tengah,Kab. Temanggung,Kedelai Impor,kg,16/02/2026,0
Jawa Tengah,Kab. Temanggung,Cabai Merah Keriting,kg,16/02/2026,0
Jawa Tengah,Kab. Temanggung,Cabai Rawit Merah,kg,16/02/2026,0
Jawa Tengah,Kab. Temanggung,Cabai Merah Besar,kg,16/02/2026,0
Jawa Tengah,Kab. Temanggung,Bawang Merah,kg,16/02/2026,0
Jawa Tengah,Kab. Temanggung,Bawang Putih Honan,kg,16/02/2026,0
Jawa Tengah,Kab. Kendal,Beras Medium,kg,16/02/2026,0
Jawa Tengah,Kab. Kendal,Beras Premium,kg,16/02/2026,0
Jawa Tengah,Kab. Kendal,Gula Pasir Curah,kg,16/02/2026,0
Jawa Tengah,Kab. Kendal,Minyak Goreng Sawit Kemasan Premium,lt,16/02/2026,0
Jawa Tengah,Kab. Kendal,Minyak Goreng Sawit Curah,lt,16/02/2026,0
Jawa Tengah,Kab. Kendal,Minyakita,lt,16/02/2026,0
Jawa Tengah,Kab. Kendal,Daging Sapi Paha Belakang,kg,16/02/2026,0
Jawa Tengah,Kab. Kendal,Daging Ayam Ras,kg,16/02/2026,0
Jawa Tengah,Kab. Kendal,Telur Ayam Ras,kg,16/02/2026,0
Jawa Tengah,Kab. Kendal,Tepung Terigu,kg,16/02/2026,0
Jawa Tengah,Kab. Kendal,Kedelai Impor,kg,16/02/2026,0
Jawa Tengah,Kab. Kendal,Cabai Merah Keriting,kg,16/02/2026,0
Jawa Tengah,Kab. Kendal,Cabai Rawit Merah,kg,16/02/2026,0
Jawa Tengah,Kab. Kendal,Cabai Merah Besar,kg,16/02/2026,0
Jawa Tengah,Kab. Kendal,Bawang Merah,kg,16/02/2026,0
Jawa Tengah,Kab. Kendal,Bawang Putih Honan,kg,16/02/2026,0
Jawa Tengah,Kab. Batang,Beras Medium,kg,16/02/2026,0
Jawa Tengah,Kab. Batang,Beras Premium,kg,16/02/2026,0
Jawa Tengah,Kab. Batang,Gula Pasir Curah,kg,16/02/2026,0
Jawa Tengah,Kab. Batang,Minyak Goreng Sawit Kemasan Premium,lt,16/02/2026,0
Jawa Tengah,Kab. Batang,Minyak Goreng Sawit Curah,lt,16/02/2026,0
Jawa Tengah,Kab. Batang,Minyakita,lt,16/02/2026,0
Jawa Tengah,Kab. Batang,Daging Sapi Paha Belakang,kg,16/02/2026,0
Jawa Tengah,Kab. Batang,Daging Ayam Ras,kg,16/02/2026,0
Jawa Tengah,Kab. Batang,Telur Ayam Ras,kg,16/02/2026,0
Jawa Tengah,Kab. Batang,Tepung Terigu,kg,16/02/2026,0
Jawa Tengah,Kab. Batang,Kedelai Impor,kg,16/02/2026,0
Jawa Tengah,Kab. Batang,Cabai Merah Keriting,kg,16/02/2026,0
Jawa Tengah,Kab. Batang,Cabai Rawit Merah,kg,16/02/2026,0
Jawa Tengah,Kab. Batang,Cabai Merah Besar,kg,16/02/2026,0
Jawa Tengah,Kab. Batang,Bawang Merah,kg,16/02/2026,0
Jawa Tengah,Kab. Batang,Bawang Putih Honan,kg,16/02/2026,0
Jawa Tengah,Kab. Pekalongan,Beras Medium,kg,16/02/2026,0
Jawa Tengah,Kab. Pekalongan,Beras Premium,kg,16/02/2026,0
Jawa Tengah,Kab. Pekalongan,Gula Pasir Curah,kg,16/02/2026,0
Jawa Tengah,Kab. Pekalongan,Minyak Goreng Sawit Kemasan Premium,lt,16/02/2026,0
Jawa Tengah,Kab. Pekalongan,Minyak Goreng Sawit Curah,lt,16/02/2026,0
Jawa Tengah,Kab. Pekalongan,Minyakita,lt,16/02/2026,0
Jawa Tengah,Kab. Pekalongan,Daging Sapi Paha Belakang,kg,16/02/2026,0
Jawa Tengah,Kab. Pekalongan,Daging Ayam Ras,kg,16/02/2026,0
Jawa Tengah,Kab. Pekalongan,Telur Ayam Ras,kg,16/02/2026,0
Jawa Tengah,Kab. Pekalongan,Tepung Terigu,kg,16/02/2026,0
Jawa Tengah,Kab. Pekalongan,Kedelai Impor,kg,16/02/2026,0
Jawa Tengah,Kab. Pekalongan,Cabai Merah Keriting,kg,16/02/2026,0
Jawa Tengah,Kab. Pekalongan,Cabai Rawit Merah,kg,16/02/2026,0
Jawa Tengah,Kab. Pekalongan,Cabai Merah Besar,kg,16/02/2026,0
Jawa Tengah,Kab. Pekalongan,Bawang Merah,kg,16/02/2026,0
Jawa Tengah,Kab. Pekalongan,Bawang Putih Honan,kg,16/02/2026,0
Jawa Tengah,Kab. Pemalang,Beras Medium,kg,16/02/2026,0
Jawa Tengah,Kab. Pemalang,Beras Premium,kg,16/02/2026,0
Jawa Tengah,Kab. Pemalang,Gula Pasir Curah,kg,16/02/2026,0
Jawa Tengah,Kab. Pemalang,Minyak Goreng Sawit Kemasan Premium,lt,16/02/2026,0
Jawa Tengah,Kab. Pemalang,Minyak Goreng Sawit Curah,lt,16/02/2026,0
Jawa Tengah,Kab. Pemalang,Minyakita,lt,16/02/2026,0
Jawa Tengah,Kab. Pemalang,Daging Sapi Paha Belakang,kg,16/02/2026,0
Jawa Tengah,Kab. Pemalang,Daging Ayam Ras,kg,16/02/2026,0
Jawa Tengah,Kab. Pemalang,Telur Ayam Ras,kg,16/02/2026,0
Jawa Tengah,Kab. Pemalang,Tepung Terigu,kg,16/02/2026,0
Jawa Tengah,Kab. Pemalang,Kedelai Impor,kg,16/02/2026,0
Jawa Tengah,Kab. Pemalang,Cabai Merah Keriting,kg,16/02/2026,0
Jawa Tengah,Kab. Pemalang,Cabai Rawit Merah,kg,16/02/2026,0
Jawa Tengah,Kab. Pemalang,Cabai Merah Besar,kg,16/02/2026,0
Jawa Tengah,Kab. Pemalang,Bawang Merah,kg,16/02/2026,0
Jawa Tengah,Kab. Pemalang,Bawang Putih Honan,kg,16/02/2026,0
Jawa Tengah,Kab. Tegal,Beras Medium,kg,16/02/2026,0
Jawa Tengah,Kab. Tegal,Beras Premium,kg,16/02/2026,0
Jawa Tengah,Kab. Tegal,Gula Pasir Curah,kg,16/02/2026,0
Jawa Tengah,Kab. Tegal,Minyak Goreng Sawit Kemasan Premium,lt,16/02/2026,0
Jawa Tengah,Kab. Tegal,Minyak Goreng Sawit Curah,lt,16/02/2026,0
Jawa Tengah,Kab. Tegal,Minyakita,lt,16/02/2026,0
Jawa Tengah,Kab. Tegal,Daging Sapi Paha Belakang,kg,16/02/2026,0
Jawa Tengah,Kab. Tegal,Daging Ayam Ras,kg,16/02/2026,0
Jawa Tengah,Kab. Tegal,Telur Ayam Ras,kg,16/02/2026,0
Jawa Tengah,Kab. Tegal,Tepung Terigu,kg,16/02/2026,0
Jawa Tengah,Kab. Tegal,Kedelai Impor,kg,16/02/2026,0
Jawa Tengah,Kab. Tegal,Cabai Merah Keriting,kg,16/02/2026,0
Jawa Tengah,Kab. Tegal,Cabai Rawit Merah,kg,16/02/2026,0
Jawa Tengah,Kab. Tegal,Cabai Merah Besar,kg,16/02/2026,0
Jawa Tengah,Kab. Tegal,Bawang Merah,kg,16/02/2026,0
Jawa Tengah,Kab. Tegal,Bawang Putih Honan,kg,16/02/2026,0
Jawa Tengah,Kab. Brebes,Beras Medium,kg,16/02/2026,0
Jawa Tengah,Kab. Brebes,Beras Premium,kg,16/02/2026,0
Jawa Tengah,Kab. Brebes,Gula Pasir Curah,kg,16/02/2026,0
Jawa Tengah,Kab. Brebes,Minyak Goreng Sawit Kemasan Premium,lt,16/02/2026,0
Jawa Tengah,Kab. Brebes,Minyak Goreng Sawit Curah,lt,16/02/2026,0
Jawa Tengah,Kab. Brebes,Minyakita,lt,16/02/2026,0
Jawa Tengah,Kab. Brebes,Daging Sapi Paha Belakang,kg,16/02/2026,0
Jawa Tengah,Kab. Brebes,Daging Ayam Ras,kg,16/02/2026,0
Jawa Tengah,Kab. Brebes,Telur Ayam Ras,kg,16/02/2026,0
Jawa Tengah,Kab. Brebes,Tepung Terigu,kg,16/02/2026,0
Jawa Tengah,Kab. Brebes,Kedelai Impor,kg,16/02/2026,0
Jawa Tengah,Kab. Brebes,Cabai Merah Keriting,kg,16/02/2026,0
Jawa Tengah,Kab. Brebes,Cabai Rawit Merah,kg,16/02/2026,0
Jawa Tengah,Kab. Brebes,Cabai Merah Besar,kg,16/02/2026,0
Jawa Tengah,Kab. Brebes,Bawang Merah,kg,16/02/2026,0
Jawa Tengah,Kab. Brebes,Bawang Putih Honan,kg,16/02/2026,0
Jawa Tengah,Kota Magelang,Beras Medium,kg,16/02/2026,0
Jawa Tengah,Kota Magelang,Beras Premium,kg,16/02/2026,0
Jawa Tengah,Kota Magelang,Gula Pasir Curah,kg,16/02/2026,0
Jawa Tengah,Kota Magelang,Minyak Goreng Sawit Kemasan Premium,lt,16/02/2026,0
Jawa Tengah,Kota Magelang,Minyak Goreng Sawit Curah,lt,16/02/2026,0
Jawa Tengah,Kota Magelang,Minyakita,lt,16/02/2026,0
Jawa Tengah,Kota Magelang,Daging Sapi Paha Belakang,kg,16/02/2026,0
Jawa Tengah,Kota Magelang,Daging Ayam Ras,kg,16/02/2026,0
Jawa Tengah,Kota Magelang,Telur Ayam Ras,kg,16/02/2026,0
Jawa Tengah,Kota Magelang,Tepung Terigu,kg,16/02/2026,0
Jawa Tengah,Kota Magelang,Kedelai Impor,kg,16/02/2026,0
Jawa Tengah,Kota Magelang,Cabai Merah Keriting,kg,16/02/2026,0
Jawa Tengah,Kota Magelang,Cabai Rawit Merah,kg,16/02/2026,0
Jawa Tengah,Kota Magelang,Cabai Merah Besar,kg,16/02/2026,0
Jawa Tengah,Kota Magelang,Bawang Merah,kg,16/02/2026,0
Jawa Tengah,Kota Magelang,Bawang Putih Honan,kg,16/02/2026,0
Jawa Tengah,Kota Surakarta,Beras Medium,kg,16/02/2026,0
Jawa Tengah,Kota Surakarta,Beras Premium,kg,16/02/2026,0
Jawa Tengah,Kota Surakarta,Gula Pasir Curah,kg,16/02/2026,0
Jawa Tengah,Kota Surakarta,Minyak Goreng Sawit Kemasan Premium,lt,16/02/2026,0
Jawa Tengah,Kota Surakarta,Minyak Goreng Sawit Curah,lt,16/02/2026,0
Jawa Tengah,Kota Surakarta,Minyakita,lt,16/02/2026,0
Jawa Tengah,Kota Surakarta,Daging Sapi Paha Belakang,kg,16/02/2026,0
Jawa Tengah,Kota Surakarta,Daging Ayam Ras,kg,16/02/2026,0
Jawa Tengah,Kota Surakarta,Telur Ayam Ras,kg,16/02/2026,0
Jawa Tengah,Kota Surakarta,Tepung Terigu,kg,16/02/2026,0
Jawa Tengah,Kota Surakarta,Kedelai Impor,kg,16/02/2026,0
Jawa Tengah,Kota Surakarta,Cabai Merah Keriting,kg,16/02/2026,0
Jawa Tengah,Kota Surakarta,Cabai Rawit Merah,kg,16/02/2026,0
Jawa Tengah,Kota Surakarta,Cabai Merah Besar,kg,16/02/2026,0
Jawa Tengah,Kota Surakarta,Bawang Merah,kg,16/02/2026,0
Jawa Tengah,Kota Surakarta,Bawang Putih Honan,kg,16/02/2026,0
Jawa Tengah,Kota Salatiga,Beras Medium,kg,16/02/2026,0
Jawa Tengah,Kota Salatiga,Beras Premium,kg,16/02/2026,0
Jawa Tengah,Kota Salatiga,Gula Pasir Curah,kg,16/02/2026,0
Jawa Tengah,Kota Salatiga,Minyak Goreng Sawit Kemasan Premium,lt,16/02/2026,0
Jawa Tengah,Kota Salatiga,Minyak Goreng Sawit Curah,lt,16/02/2026,0
Jawa Tengah,Kota Salatiga,Minyakita,lt,16/02/2026,0
Jawa Tengah,Kota Salatiga,Daging Sapi Paha Belakang,kg,16/02/2026,0
Jawa Tengah,Kota Salatiga,Daging Ayam Ras,kg,16/02/2026,0
Jawa Tengah,Kota Salatiga,Telur Ayam Ras,kg,16/02/2026,0
Jawa Tengah,Kota Salatiga,Tepung Terigu,kg,16/02/2026,0
Jawa Tengah,Kota Salatiga,Kedelai Impor,kg,16/02/2026,0
Jawa Tengah,Kota Salatiga,Cabai Merah Keriting,kg,16/02/2026,0
Jawa Tengah,Kota Salatiga,Cabai Rawit Merah,kg,16/02/2026,0
Jawa Tengah,Kota Salatiga,Cabai Merah Besar,kg,16/02/2026,0
Jawa Tengah,Kota Salatiga,Bawang Merah,kg,16/02/2026,0
Jawa Tengah,Kota Salatiga,Bawang Putih Honan,kg,16/02/2026,0
Jawa Tengah,Kota Semarang,Beras Medium,kg,16/02/2026,0
Jawa Tengah,Kota Semarang,Beras Premium,kg,16/02/2026,0
Jawa Tengah,Kota Semarang,Gula Pasir Curah,kg,16/02/2026,0
Jawa Tengah,Kota Semarang,Minyak Goreng Sawit Kemasan Premium,lt,16/02/2026,0
Jawa Tengah,Kota Semarang,Minyak Goreng Sawit Curah,lt,16/02/2026,0
Jawa Tengah,Kota Semarang,Minyakita,lt,16/02/2026,0
Jawa Tengah,Kota Semarang,Daging Sapi Paha Belakang,kg,16/02/2026,0
Jawa Tengah,Kota Semarang,Daging Ayam Ras,kg,16/02/2026,0
Jawa Tengah,Kota Semarang,Telur Ayam Ras,kg,16/02/2026,0
Jawa Tengah,Kota Semarang,Tepung Terigu,kg,16/02/2026,0
Jawa Tengah,Kota Semarang,Kedelai Impor,kg,16/02/2026,0
Jawa Tengah,Kota Semarang,Cabai Merah Keriting,kg,16/02/2026,0
Jawa Tengah,Kota Semarang,Cabai Rawit Merah,kg,16/02/2026,0
Jawa Tengah,Kota Semarang,Cabai Merah Besar,kg,16/02/2026,0
Jawa Tengah,Kota Semarang,Bawang Merah,kg,16/02/2026,0
Jawa Tengah,Kota Semarang,Bawang Putih Honan,kg,16/02/2026,0
Jawa Tengah,Kota Pekalongan,Beras Medium,kg,16/02/2026,0
Jawa Tengah,Kota Pekalongan,Beras Premium,kg,16/02/2026,0
Jawa Tengah,Kota Pekalongan,Gula Pasir Curah,kg,16/02/2026,0
Jawa Tengah,Kota Pekalongan,Minyak Goreng Sawit Kemasan Premium,lt,16/02/2026,0
Jawa Tengah,Kota Pekalongan,Minyak Goreng Sawit Curah,lt,16/02/2026,0
Jawa Tengah,Kota Pekalongan,Minyakita,lt,16/02/2026,0
Jawa Tengah,Kota Pekalongan,Daging Sapi Paha Belakang,kg,16/02/2026,0
Jawa Tengah,Kota Pekalongan,Daging Ayam Ras,kg,16/02/2026,0
Jawa Tengah,Kota Pekalongan,Telur Ayam Ras,kg,16/02/2026,0
Jawa Tengah,Kota Pekalongan,Tepung Terigu,kg,16/02/2026,0
Jawa Tengah,Kota Pekalongan,Kedelai Impor,kg,16/02/2026,0
Jawa Tengah,Kota Pekalongan,Cabai Merah Keriting,kg,16/02/2026,0
Jawa Tengah,Kota Pekalongan,Cabai Rawit Merah,kg,16/02/2026,0
Jawa Tengah,Kota Pekalongan,Cabai Merah Besar,kg,16/02/2026,0
Jawa Tengah,Kota Pekalongan,Bawang Merah,kg,16/02/2026,0
Jawa Tengah,Kota Pekalongan,Bawang Putih Honan,kg,16/02/2026,0
Jawa Tengah,Kota Tegal,Beras Medium,kg,16/02/2026,0
Jawa Tengah,Kota Tegal,Beras Premium,kg,16/02/2026,0
Jawa Tengah,Kota Tegal,Gula Pasir Curah,kg,16/02/2026,0
Jawa Tengah,Kota Tegal,Minyak Goreng Sawit Kemasan Premium,lt,16/02/2026,0
Jawa Tengah,Kota Tegal,Minyak Goreng Sawit Curah,lt,16/02/2026,0
Jawa Tengah,Kota Tegal,Minyakita,lt,16/02/2026,0
Jawa Tengah,Kota Tegal,Daging Sapi Paha Belakang,kg,16/02/2026,0
Jawa Tengah,Kota Tegal,Daging Ayam Ras,kg,16/02/2026,0
Jawa Tengah,Kota Tegal,Telur Ayam Ras,kg,16/02/2026,0
Jawa Tengah,Kota Tegal,Tepung Terigu,kg,16/02/2026,0
Jawa Tengah,Kota Tegal,Kedelai Impor,kg,16/02/2026,0
Jawa Tengah,Kota Tegal,Cabai Merah Keriting,kg,16/02/2026,0
Jawa Tengah,Kota Tegal,Cabai Rawit Merah,kg,16/02/2026,0
Jawa Tengah,Kota Tegal,Cabai Merah Besar,kg,16/02/2026,0
Jawa Tengah,Kota Tegal,Bawang Merah,kg,16/02/2026,0
Jawa Tengah,Kota Tegal,Bawang Putih Honan,kg,16/02/2026,0
Jawa Tengah,Kab. Cilacap,Beras Medium,kg,17/02/2026,0
Jawa Tengah,Kab. Cilacap,Beras Premium,kg,17/02/2026,0
Jawa Tengah,Kab. Cilacap,Gula Pasir Curah,kg,17/02/2026,0
Jawa Tengah,Kab. Cilacap,Minyak Goreng Sawit Kemasan Premium,lt,17/02/2026,0
Jawa Tengah,Kab. Cilacap,Minyak Goreng Sawit Curah,lt,17/02/2026,0
Jawa Tengah,Kab. Cilacap,Minyakita,lt,17/02/2026,0
Jawa Tengah,Kab. Cilacap,Daging Sapi Paha Belakang,kg,17/02/2026,0
Jawa Tengah,Kab. Cilacap,Daging Ayam Ras,kg,17/02/2026,0
Jawa Tengah,Kab. Cilacap,Telur Ayam Ras,kg,17/02/2026,0
Jawa Tengah,Kab. Cilacap,Tepung Terigu,kg,17/02/2026,0
Jawa Tengah,Kab. Cilacap,Kedelai Impor,kg,17/02/2026,0
Jawa Tengah,Kab. Cilacap,Cabai Merah Keriting,kg,17/02/2026,0
Jawa Tengah,Kab. Cilacap,Cabai Rawit Merah,kg,17/02/2026,0
Jawa Tengah,Kab. Cilacap,Cabai Merah Besar,kg,17/02/2026,0
Jawa Tengah,Kab. Cilacap,Bawang Merah,kg,17/02/2026,0
Jawa Tengah,Kab. Cilacap,Bawang Putih Honan,kg,17/02/2026,0
Jawa Tengah,Kab. Banyumas,Beras Medium,kg,17/02/2026,0
Jawa Tengah,Kab. Banyumas,Beras Premium,kg,17/02/2026,0
Jawa Tengah,Kab. Banyumas,Gula Pasir Curah,kg,17/02/2026,0
Jawa Tengah,Kab. Banyumas,Minyak Goreng Sawit Kemasan Premium,lt,17/02/2026,0
Jawa Tengah,Kab. Banyumas,Minyak Goreng Sawit Curah,lt,17/02/2026,0
Jawa Tengah,Kab. Banyumas,Minyakita,lt,17/02/2026,0
Jawa Tengah,Kab. Banyumas,Daging Sapi Paha Belakang,kg,17/02/2026,0
Jawa Tengah,Kab. Banyumas,Daging Ayam Ras,kg,17/02/2026,0
Jawa Tengah,Kab. Banyumas,Telur Ayam Ras,kg,17/02/2026,0
Jawa Tengah,Kab. Banyumas,Tepung Terigu,kg,17/02/2026,0
Jawa Tengah,Kab. Banyumas,Kedelai Impor,kg,17/02/2026,0
Jawa Tengah,Kab. Banyumas,Cabai Merah Keriting,kg,17/02/2026,0
Jawa Tengah,Kab. Banyumas,Cabai Rawit Merah,kg,17/02/2026,0
Jawa Tengah,Kab. Banyumas,Cabai Merah Besar,kg,17/02/2026,0
Jawa Tengah,Kab. Banyumas,Bawang Merah,kg,17/02/2026,0
Jawa Tengah,Kab. Banyumas,Bawang Putih Honan,kg,17/02/2026,0
Jawa Tengah,Kab. Purbalingga,Beras Medium,kg,17/02/2026,0
Jawa Tengah,Kab. Purbalingga,Beras Premium,kg,17/02/2026,0
Jawa Tengah,Kab. Purbalingga,Gula Pasir Curah,kg,17/02/2026,0
Jawa Tengah,Kab. Purbalingga,Minyak Goreng Sawit Kemasan Premium,lt,17/02/2026,0
Jawa Tengah,Kab. Purbalingga,Minyak Goreng Sawit Curah,lt,17/02/2026,0
Jawa Tengah,Kab. Purbalingga,Minyakita,lt,17/02/2026,0
Jawa Tengah,Kab. Purbalingga,Daging Sapi Paha Belakang,kg,17/02/2026,0
Jawa Tengah,Kab. Purbalingga,Daging Ayam Ras,kg,17/02/2026,0
Jawa Tengah,Kab. Purbalingga,Telur Ayam Ras,kg,17/02/2026,0
Jawa Tengah,Kab. Purbalingga,Tepung Terigu,kg,17/02/2026,0
Jawa Tengah,Kab. Purbalingga,Kedelai Impor,kg,17/02/2026,0
Jawa Tengah,Kab. Purbalingga,Cabai Merah Keriting,kg,17/02/2026,0
Jawa Tengah,Kab. Purbalingga,Cabai Rawit Merah,kg,17/02/2026,0
Jawa Tengah,Kab. Purbalingga,Cabai Merah Besar,kg,17/02/2026,0
Jawa Tengah,Kab. Purbalingga,Bawang Merah,kg,17/02/2026,0
Jawa Tengah,Kab. Purbalingga,Bawang Putih Honan,kg,17/02/2026,0
Jawa Tengah,Kab. Banjarnegara,Beras Medium,kg,17/02/2026,0
Jawa Tengah,Kab. Banjarnegara,Beras Premium,kg,17/02/2026,0
Jawa Tengah,Kab. Banjarnegara,Gula Pasir Curah,kg,17/02/2026,0
Jawa Tengah,Kab. Banjarnegara,Minyak Goreng Sawit Kemasan Premium,lt,17/02/2026,0
Jawa Tengah,Kab. Banjarnegara,Minyak Goreng Sawit Curah,lt,17/02/2026,0
Jawa Tengah,Kab. Banjarnegara,Minyakita,lt,17/02/2026,0
Jawa Tengah,Kab. Banjarnegara,Daging Sapi Paha Belakang,kg,17/02/2026,0
Jawa Tengah,Kab. Banjarnegara,Daging Ayam Ras,kg,17/02/2026,0
Jawa Tengah,Kab. Banjarnegara,Telur Ayam Ras,kg,17/02/2026,0
Jawa Tengah,Kab. Banjarnegara,Tepung Terigu,kg,17/02/2026,0
Jawa Tengah,Kab. Banjarnegara,Kedelai Impor,kg,17/02/2026,0
Jawa Tengah,Kab. Banjarnegara,Cabai Merah Keriting,kg,17/02/2026,0
Jawa Tengah,Kab. Banjarnegara,Cabai Rawit Merah,kg,17/02/2026,0
Jawa Tengah,Kab. Banjarnegara,Cabai Merah Besar,kg,17/02/2026,0
Jawa Tengah,Kab. Banjarnegara,Bawang Merah,kg,17/02/2026,0
Jawa Tengah,Kab. Banjarnegara,Bawang Putih Honan,kg,17/02/2026,0
Jawa Tengah,Kab. Kebumen,Beras Medium,kg,17/02/2026,0
Jawa Tengah,Kab. Kebumen,Beras Premium,kg,17/02/2026,0
Jawa Tengah,Kab. Kebumen,Gula Pasir Curah,kg,17/02/2026,0
Jawa Tengah,Kab. Kebumen,Minyak Goreng Sawit Kemasan Premium,lt,17/02/2026,0
Jawa Tengah,Kab. Kebumen,Minyak Goreng Sawit Curah,lt,17/02/2026,0
Jawa Tengah,Kab. Kebumen,Minyakita,lt,17/02/2026,0
Jawa Tengah,Kab. Kebumen,Daging Sapi Paha Belakang,kg,17/02/2026,0
Jawa Tengah,Kab. Kebumen,Daging Ayam Ras,kg,17/02/2026,0
Jawa Tengah,Kab. Kebumen,Telur Ayam Ras,kg,17/02/2026,0
Jawa Tengah,Kab. Kebumen,Tepung Terigu,kg,17/02/2026,0
Jawa Tengah,Kab. Kebumen,Kedelai Impor,kg,17/02/2026,0
Jawa Tengah,Kab. Kebumen,Cabai Merah Keriting,kg,17/02/2026,0
Jawa Tengah,Kab. Kebumen,Cabai Rawit Merah,kg,17/02/2026,0
Jawa Tengah,Kab. Kebumen,Cabai Merah Besar,kg,17/02/2026,0
Jawa Tengah,Kab. Kebumen,Bawang Merah,kg,17/02/2026,0
Jawa Tengah,Kab. Kebumen,Bawang Putih Honan,kg,17/02/2026,0
Jawa Tengah,Kab. Purworejo,Beras Medium,kg,17/02/2026,0
Jawa Tengah,Kab. Purworejo,Beras Premium,kg,17/02/2026,0
Jawa Tengah,Kab. Purworejo,Gula Pasir Curah,kg,17/02/2026,0
Jawa Tengah,Kab. Purworejo,Minyak Goreng Sawit Kemasan Premium,lt,17/02/2026,0
Jawa Tengah,Kab. Purworejo,Minyak Goreng Sawit Curah,lt,17/02/2026,0
Jawa Tengah,Kab. Purworejo,Minyakita,lt,17/02/2026,0
Jawa Tengah,Kab. Purworejo,Daging Sapi Paha Belakang,kg,17/02/2026,0
Jawa Tengah,Kab. Purworejo,Daging Ayam Ras,kg,17/02/2026,0
Jawa Tengah,Kab. Purworejo,Telur Ayam Ras,kg,17/02/2026,0
Jawa Tengah,Kab. Purworejo,Tepung Terigu,kg,17/02/2026,0
Jawa Tengah,Kab. Purworejo,Kedelai Impor,kg,17/02/2026,0
Jawa Tengah,Kab. Purworejo,Cabai Merah Keriting,kg,17/02/2026,0
Jawa Tengah,Kab. Purworejo,Cabai Rawit Merah,kg,17/02/2026,0
Jawa Tengah,Kab. Purworejo,Cabai Merah Besar,kg,17/02/2026,0
Jawa Tengah,Kab. Purworejo,Bawang Merah,kg,17/02/2026,0
Jawa Tengah,Kab. Purworejo,Bawang Putih Honan,kg,17/02/2026,0
Jawa Tengah,Kab. Wonosobo,Beras Medium,kg,17/02/2026,0
Jawa Tengah,Kab. Wonosobo,Beras Premium,kg,17/02/2026,0
Jawa Tengah,Kab. Wonosobo,Gula Pasir Curah,kg,17/02/2026,0
Jawa Tengah,Kab. Wonosobo,Minyak Goreng Sawit Kemasan Premium,lt,17/02/2026,0
Jawa Tengah,Kab. Wonosobo,Minyak Goreng Sawit Curah,lt,17/02/2026,0
Jawa Tengah,Kab. Wonosobo,Minyakita,lt,17/02/2026,0
Jawa Tengah,Kab. Wonosobo,Daging Sapi Paha Belakang,kg,17/02/2026,0
Jawa Tengah,Kab. Wonosobo,Daging Ayam Ras,kg,17/02/2026,0
Jawa Tengah,Kab. Wonosobo,Telur Ayam Ras,kg,17/02/2026,0
Jawa Tengah,Kab. Wonosobo,Tepung Terigu,kg,17/02/2026,0
Jawa Tengah,Kab. Wonosobo,Kedelai Impor,kg,17/02/2026,0
Jawa Tengah,Kab. Wonosobo,Cabai Merah Keriting,kg,17/02/2026,0
Jawa Tengah,Kab. Wonosobo,Cabai Rawit Merah,kg,17/02/2026,0
Jawa Tengah,Kab. Wonosobo,Cabai Merah Besar,kg,17/02/2026,0
Jawa Tengah,Kab. Wonosobo,Bawang Merah,kg,17/02/2026,0
Jawa Tengah,Kab. Wonosobo,Bawang Putih Honan,kg,17/02/2026,0
Jawa Tengah,Kab. Magelang,Beras Medium,kg,17/02/2026,0
Jawa Tengah,Kab. Magelang,Beras Premium,kg,17/02/2026,0
Jawa Tengah,Kab. Magelang,Gula Pasir Curah,kg,17/02/2026,0
Jawa Tengah,Kab. Magelang,Minyak Goreng Sawit Kemasan Premium,lt,17/02/2026,0
Jawa Tengah,Kab. Magelang,Minyak Goreng Sawit Curah,lt,17/02/2026,0
Jawa Tengah,Kab. Magelang,Minyakita,lt,17/02/2026,0
Jawa Tengah,Kab. Magelang,Daging Sapi Paha Belakang,kg,17/02/2026,0
Jawa Tengah,Kab. Magelang,Daging Ayam Ras,kg,17/02/2026,0
Jawa Tengah,Kab. Magelang,Telur Ayam Ras,kg,17/02/2026,0
Jawa Tengah,Kab. Magelang,Tepung Terigu,kg,17/02/2026,0
Jawa Tengah,Kab. Magelang,Kedelai Impor,kg,17/02/2026,0
Jawa Tengah,Kab. Magelang,Cabai Merah Keriting,kg,17/02/2026,0
Jawa Tengah,Kab. Magelang,Cabai Rawit Merah,kg,17/02/2026,0
Jawa Tengah,Kab. Magelang,Cabai Merah Besar,kg,17/02/2026,0
Jawa Tengah,Kab. Magelang,Bawang Merah,kg,17/02/2026,0
Jawa Tengah,Kab. Magelang,Bawang Putih Honan,kg,17/02/2026,0
Jawa Tengah,Kab. Boyolali,Beras Medium,kg,17/02/2026,0
Jawa Tengah,Kab. Boyolali,Beras Premium,kg,17/02/2026,0
Jawa Tengah,Kab. Boyolali,Gula Pasir Curah,kg,17/02/2026,0
Jawa Tengah,Kab. Boyolali,Minyak Goreng Sawit Kemasan Premium,lt,17/02/2026,0
Jawa Tengah,Kab. Boyolali,Minyak Goreng Sawit Curah,lt,17/02/2026,0
Jawa Tengah,Kab. Boyolali,Minyakita,lt,17/02/2026,0
Jawa Tengah,Kab. Boyolali,Daging Sapi Paha Belakang,kg,17/02/2026,0
Jawa Tengah,Kab. Boyolali,Daging Ayam Ras,kg,17/02/2026,0
Jawa Tengah,Kab. Boyolali,Telur Ayam Ras,kg,17/02/2026,0
Jawa Tengah,Kab. Boyolali,Tepung Terigu,kg,17/02/2026,0
Jawa Tengah,Kab. Boyolali,Kedelai Impor,kg,17/02/2026,0
Jawa Tengah,Kab. Boyolali,Cabai Merah Keriting,kg,17/02/2026,0
Jawa Tengah,Kab. Boyolali,Cabai Rawit Merah,kg,17/02/2026,0
Jawa Tengah,Kab. Boyolali,Cabai Merah Besar,kg,17/02/2026,0
Jawa Tengah,Kab. Boyolali,Bawang Merah,kg,17/02/2026,0
Jawa Tengah,Kab. Boyolali,Bawang Putih Honan,kg,17/02/2026,0
Jawa Tengah,Kab. Klaten,Beras Medium,kg,17/02/2026,0
Jawa Tengah,Kab. Klaten,Beras Premium,kg,17/02/2026,0
Jawa Tengah,Kab. Klaten,Gula Pasir Curah,kg,17/02/2026,0
Jawa Tengah,Kab. Klaten,Minyak Goreng Sawit Kemasan Premium,lt,17/02/2026,0
Jawa Tengah,Kab. Klaten,Minyak Goreng Sawit Curah,lt,17/02/2026,0
Jawa Tengah,Kab. Klaten,Minyakita,lt,17/02/2026,0
Jawa Tengah,Kab. Klaten,Daging Sapi Paha Belakang,kg,17/02/2026,0
Jawa Tengah,Kab. Klaten,Daging Ayam Ras,kg,17/02/2026,0
Jawa Tengah,Kab. Klaten,Telur Ayam Ras,kg,17/02/2026,0
Jawa Tengah,Kab. Klaten,Tepung Terigu,kg,17/02/2026,0
Jawa Tengah,Kab. Klaten,Kedelai Impor,kg,17/02/2026,0
Jawa Tengah,Kab. Klaten,Cabai Merah Keriting,kg,17/02/2026,0
Jawa Tengah,Kab. Klaten,Cabai Rawit Merah,kg,17/02/2026,0
Jawa Tengah,Kab. Klaten,Cabai Merah Besar,kg,17/02/2026,0
Jawa Tengah,Kab. Klaten,Bawang Merah,kg,17/02/2026,0
Jawa Tengah,Kab. Klaten,Bawang Putih Honan,kg,17/02/2026,0
Jawa Tengah,Kab. Sukoharjo,Beras Medium,kg,17/02/2026,0
Jawa Tengah,Kab. Sukoharjo,Beras Premium,kg,17/02/2026,0
Jawa Tengah,Kab. Sukoharjo,Gula Pasir Curah,kg,17/02/2026,0
Jawa Tengah,Kab. Sukoharjo,Minyak Goreng Sawit Kemasan Premium,lt,17/02/2026,0
Jawa Tengah,Kab. Sukoharjo,Minyak Goreng Sawit Curah,lt,17/02/2026,0
Jawa Tengah,Kab. Sukoharjo,Minyakita,lt,17/02/2026,0
Jawa Tengah,Kab. Sukoharjo,Daging Sapi Paha Belakang,kg,17/02/2026,0
Jawa Tengah,Kab. Sukoharjo,Daging Ayam Ras,kg,17/02/2026,0
Jawa Tengah,Kab. Sukoharjo,Telur Ayam Ras,kg,17/02/2026,0
Jawa Tengah,Kab. Sukoharjo,Tepung Terigu,kg,17/02/2026,0
Jawa Tengah,Kab. Sukoharjo,Kedelai Impor,kg,17/02/2026,0
Jawa Tengah,Kab. Sukoharjo,Cabai Merah Keriting,kg,17/02/2026,0
Jawa Tengah,Kab. Sukoharjo,Cabai Rawit Merah,kg,17/02/2026,0
Jawa Tengah,Kab. Sukoharjo,Cabai Merah Besar,kg,17/02/2026,0
Jawa Tengah,Kab. Sukoharjo,Bawang Merah,kg,17/02/2026,0
Jawa Tengah,Kab. Sukoharjo,Bawang Putih Honan,kg,17/02/2026,0
Jawa Tengah,Kab. Wonogiri,Beras Medium,kg,17/02/2026,0
Jawa Tengah,Kab. Wonogiri,Beras Premium,kg,17/02/2026,0
Jawa Tengah,Kab. Wonogiri,Gula Pasir Curah,kg,17/02/2026,0
Jawa Tengah,Kab. Wonogiri,Minyak Goreng Sawit Kemasan Premium,lt,17/02/2026,0
Jawa Tengah,Kab. Wonogiri,Minyak Goreng Sawit Curah,lt,17/02/2026,0
Jawa Tengah,Kab. Wonogiri,Minyakita,lt,17/02/2026,0
Jawa Tengah,Kab. Wonogiri,Daging Sapi Paha Belakang,kg,17/02/2026,0
Jawa Tengah,Kab. Wonogiri,Daging Ayam Ras,kg,17/02/2026,0
Jawa Tengah,Kab. Wonogiri,Telur Ayam Ras,kg,17/02/2026,0
Jawa Tengah,Kab. Wonogiri,Tepung Terigu,kg,17/02/2026,0
Jawa Tengah,Kab. Wonogiri,Kedelai Impor,kg,17/02/2026,0
Jawa Tengah,Kab. Wonogiri,Cabai Merah Keriting,kg,17/02/2026,0
Jawa Tengah,Kab. Wonogiri,Cabai Rawit Merah,kg,17/02/2026,0
Jawa Tengah,Kab. Wonogiri,Cabai Merah Besar,kg,17/02/2026,0
Jawa Tengah,Kab. Wonogiri,Bawang Merah,kg,17/02/2026,0
Jawa Tengah,Kab. Wonogiri,Bawang Putih Honan,kg,17/02/2026,0
Jawa Tengah,Kab. Karanganyar,Beras Medium,kg,17/02/2026,0
Jawa Tengah,Kab. Karanganyar,Beras Premium,kg,17/02/2026,0
Jawa Tengah,Kab. Karanganyar,Gula Pasir Curah,kg,17/02/2026,0
Jawa Tengah,Kab. Karanganyar,Minyak Goreng Sawit Kemasan Premium,lt,17/02/2026,0
Jawa Tengah,Kab. Karanganyar,Minyak Goreng Sawit Curah,lt,17/02/2026,0
Jawa Tengah,Kab. Karanganyar,Minyakita,lt,17/02/2026,0
Jawa Tengah,Kab. Karanganyar,Daging Sapi Paha Belakang,kg,17/02/2026,0
Jawa Tengah,Kab. Karanganyar,Daging Ayam Ras,kg,17/02/2026,0
Jawa Tengah,Kab. Karanganyar,Telur Ayam Ras,kg,17/02/2026,0
Jawa Tengah,Kab. Karanganyar,Tepung Terigu,kg,17/02/2026,0
Jawa Tengah,Kab. Karanganyar,Kedelai Impor,kg,17/02/2026,0
Jawa Tengah,Kab. Karanganyar,Cabai Merah Keriting,kg,17/02/2026,0
Jawa Tengah,Kab. Karanganyar,Cabai Rawit Merah,kg,17/02/2026,0
Jawa Tengah,Kab. Karanganyar,Cabai Merah Besar,kg,17/02/2026,0
Jawa Tengah,Kab. Karanganyar,Bawang Merah,kg,17/02/2026,0
Jawa Tengah,Kab. Karanganyar,Bawang Putih Honan,kg,17/02/2026,0
Jawa Tengah,Kab. Sragen,Beras Medium,kg,17/02/2026,0
Jawa Tengah,Kab. Sragen,Beras Premium,kg,17/02/2026,0
Jawa Tengah,Kab. Sragen,Gula Pasir Curah,kg,17/02/2026,0
Jawa Tengah,Kab. Sragen,Minyak Goreng Sawit Kemasan Premium,lt,17/02/2026,0
Jawa Tengah,Kab. Sragen,Minyak Goreng Sawit Curah,lt,17/02/2026,0
Jawa Tengah,Kab. Sragen,Minyakita,lt,17/02/2026,0
Jawa Tengah,Kab. Sragen,Daging Sapi Paha Belakang,kg,17/02/2026,0
Jawa Tengah,Kab. Sragen,Daging Ayam Ras,kg,17/02/2026,0
Jawa Tengah,Kab. Sragen,Telur Ayam Ras,kg,17/02/2026,0
Jawa Tengah,Kab. Sragen,Tepung Terigu,kg,17/02/2026,0
Jawa Tengah,Kab. Sragen,Kedelai Impor,kg,17/02/2026,0
Jawa Tengah,Kab. Sragen,Cabai Merah Keriting,kg,17/02/2026,0
Jawa Tengah,Kab. Sragen,Cabai Rawit Merah,kg,17/02/2026,0
Jawa Tengah,Kab. Sragen,Cabai Merah Besar,kg,17/02/2026,0
Jawa Tengah,Kab. Sragen,Bawang Merah,kg,17/02/2026,0
Jawa Tengah,Kab. Sragen,Bawang Putih Honan,kg,17/02/2026,0
Jawa Tengah,Kab. Grobogan,Beras Medium,kg,17/02/2026,0
Jawa Tengah,Kab. Grobogan,Beras Premium,kg,17/02/2026,0
Jawa Tengah,Kab. Grobogan,Gula Pasir Curah,kg,17/02/2026,0
Jawa Tengah,Kab. Grobogan,Minyak Goreng Sawit Kemasan Premium,lt,17/02/2026,0
Jawa Tengah,Kab. Grobogan,Minyak Goreng Sawit Curah,lt,17/02/2026,0
Jawa Tengah,Kab. Grobogan,Minyakita,lt,17/02/2026,0
Jawa Tengah,Kab. Grobogan,Daging Sapi Paha Belakang,kg,17/02/2026,0
Jawa Tengah,Kab. Grobogan,Daging Ayam Ras,kg,17/02/2026,0
Jawa Tengah,Kab. Grobogan,Telur Ayam Ras,kg,17/02/2026,0
Jawa Tengah,Kab. Grobogan,Tepung Terigu,kg,17/02/2026,0
Jawa Tengah,Kab. Grobogan,Kedelai Impor,kg,17/02/2026,0
Jawa Tengah,Kab. Grobogan,Cabai Merah Keriting,kg,17/02/2026,0
Jawa Tengah,Kab. Grobogan,Cabai Rawit Merah,kg,17/02/2026,0
Jawa Tengah,Kab. Grobogan,Cabai Merah Besar,kg,17/02/2026,0
Jawa Tengah,Kab. Grobogan,Bawang Merah,kg,17/02/2026,0
Jawa Tengah,Kab. Grobogan,Bawang Putih Honan,kg,17/02/2026,0
Jawa Tengah,Kab. Blora,Beras Medium,kg,17/02/2026,0
Jawa Tengah,Kab. Blora,Beras Premium,kg,17/02/2026,0
Jawa Tengah,Kab. Blora,Gula Pasir Curah,kg,17/02/2026,0
Jawa Tengah,Kab. Blora,Minyak Goreng Sawit Kemasan Premium,lt,17/02/2026,0
Jawa Tengah,Kab. Blora,Minyak Goreng Sawit Curah,lt,17/02/2026,0
Jawa Tengah,Kab. Blora,Minyakita,lt,17/02/2026,0
Jawa Tengah,Kab. Blora,Daging Sapi Paha Belakang,kg,17/02/2026,0
Jawa Tengah,Kab. Blora,Daging Ayam Ras,kg,17/02/2026,0
Jawa Tengah,Kab. Blora,Telur Ayam Ras,kg,17/02/2026,0
Jawa Tengah,Kab. Blora,Tepung Terigu,kg,17/02/2026,0
Jawa Tengah,Kab. Blora,Kedelai Impor,kg,17/02/2026,0
Jawa Tengah,Kab. Blora,Cabai Merah Keriting,kg,17/02/2026,0
Jawa Tengah,Kab. Blora,Cabai Rawit Merah,kg,17/02/2026,0
Jawa Tengah,Kab. Blora,Cabai Merah Besar,kg,17/02/2026,0
Jawa Tengah,Kab. Blora,Bawang Merah,kg,17/02/2026,0
Jawa Tengah,Kab. Blora,Bawang Putih Honan,kg,17/02/2026,0
Jawa Tengah,Kab. Rembang,Beras Medium,kg,17/02/2026,0
Jawa Tengah,Kab. Rembang,Beras Premium,kg,17/02/2026,0
Jawa Tengah,Kab. Rembang,Gula Pasir Curah,kg,17/02/2026,0
Jawa Tengah,Kab. Rembang,Minyak Goreng Sawit Kemasan Premium,lt,17/02/2026,0
Jawa Tengah,Kab. Rembang,Minyak Goreng Sawit Curah,lt,17/02/2026,0
Jawa Tengah,Kab. Rembang,Minyakita,lt,17/02/2026,0
Jawa Tengah,Kab. Rembang,Daging Sapi Paha Belakang,kg,17/02/2026,0
Jawa Tengah,Kab. Rembang,Daging Ayam Ras,kg,17/02/2026,0
Jawa Tengah,Kab. Rembang,Telur Ayam Ras,kg,17/02/2026,0
Jawa Tengah,Kab. Rembang,Tepung Terigu,kg,17/02/2026,0
Jawa Tengah,Kab. Rembang,Kedelai Impor,kg,17/02/2026,0
Jawa Tengah,Kab. Rembang,Cabai Merah Keriting,kg,17/02/2026,0
Jawa Tengah,Kab. Rembang,Cabai Rawit Merah,kg,17/02/2026,0
Jawa Tengah,Kab. Rembang,Cabai Merah Besar,kg,17/02/2026,0
Jawa Tengah,Kab. Rembang,Bawang Merah,kg,17/02/2026,0
Jawa Tengah,Kab. Rembang,Bawang Putih Honan,kg,17/02/2026,0
Jawa Tengah,Kab. Pati,Beras Medium,kg,17/02/2026,0
Jawa Tengah,Kab. Pati,Beras Premium,kg,17/02/2026,0
Jawa Tengah,Kab. Pati,Gula Pasir Curah,kg,17/02/2026,0
Jawa Tengah,Kab. Pati,Minyak Goreng Sawit Kemasan Premium,lt,17/02/2026,0
Jawa Tengah,Kab. Pati,Minyak Goreng Sawit Curah,lt,17/02/2026,0
Jawa Tengah,Kab. Pati,Minyakita,lt,17/02/2026,0
Jawa Tengah,Kab. Pati,Daging Sapi Paha Belakang,kg,17/02/2026,0
Jawa Tengah,Kab. Pati,Daging Ayam Ras,kg,17/02/2026,0
Jawa Tengah,Kab. Pati,Telur Ayam Ras,kg,17/02/2026,0
Jawa Tengah,Kab. Pati,Tepung Terigu,kg,17/02/2026,0
Jawa Tengah,Kab. Pati,Kedelai Impor,kg,17/02/2026,0
Jawa Tengah,Kab. Pati,Cabai Merah Keriting,kg,17/02/2026,0
Jawa Tengah,Kab. Pati,Cabai Rawit Merah,kg,17/02/2026,0
Jawa Tengah,Kab. Pati,Cabai Merah Besar,kg,17/02/2026,0
Jawa Tengah,Kab. Pati,Bawang Merah,kg,17/02/2026,0
Jawa Tengah,Kab. Pati,Bawang Putih Honan,kg,17/02/2026,0
Jawa Tengah,Kab. Kudus,Beras Medium,kg,17/02/2026,0
Jawa Tengah,Kab. Kudus,Beras Premium,kg,17/02/2026,0
Jawa Tengah,Kab. Kudus,Gula Pasir Curah,kg,17/02/2026,0
Jawa Tengah,Kab. Kudus,Minyak Goreng Sawit Kemasan Premium,lt,17/02/2026,0
Jawa Tengah,Kab. Kudus,Minyak Goreng Sawit Curah,lt,17/02/2026,0
Jawa Tengah,Kab. Kudus,Minyakita,lt,17/02/2026,0
Jawa Tengah,Kab. Kudus,Daging Sapi Paha Belakang,kg,17/02/2026,0
Jawa Tengah,Kab. Kudus,Daging Ayam Ras,kg,17/02/2026,0
Jawa Tengah,Kab. Kudus,Telur Ayam Ras,kg,17/02/2026,0
Jawa Tengah,Kab. Kudus,Tepung Terigu,kg,17/02/2026,0
Jawa Tengah,Kab. Kudus,Kedelai Impor,kg,17/02/2026,0
Jawa Tengah,Kab. Kudus,Cabai Merah Keriting,kg,17/02/2026,0
Jawa Tengah,Kab. Kudus,Cabai Rawit Merah,kg,17/02/2026,0
Jawa Tengah,Kab. Kudus,Cabai Merah Besar,kg,17/02/2026,0
Jawa Tengah,Kab. Kudus,Bawang Merah,kg,17/02/2026,0
Jawa Tengah,Kab. Kudus,Bawang Putih Honan,kg,17/02/2026,0
Jawa Tengah,Kab. Jepara,Beras Medium,kg,17/02/2026,0
Jawa Tengah,Kab. Jepara,Beras Premium,kg,17/02/2026,0
Jawa Tengah,Kab. Jepara,Gula Pasir Curah,kg,17/02/2026,0
Jawa Tengah,Kab. Jepara,Minyak Goreng Sawit Kemasan Premium,lt,17/02/2026,0
Jawa Tengah,Kab. Jepara,Minyak Goreng Sawit Curah,lt,17/02/2026,0
Jawa Tengah,Kab. Jepara,Minyakita,lt,17/02/2026,0
Jawa Tengah,Kab. Jepara,Daging Sapi Paha Belakang,kg,17/02/2026,0
Jawa Tengah,Kab. Jepara,Daging Ayam Ras,kg,17/02/2026,0
Jawa Tengah,Kab. Jepara,Telur Ayam Ras,kg,17/02/2026,0
Jawa Tengah,Kab. Jepara,Tepung Terigu,kg,17/02/2026,0
Jawa Tengah,Kab. Jepara,Kedelai Impor,kg,17/02/2026,0
Jawa Tengah,Kab. Jepara,Cabai Merah Keriting,kg,17/02/2026,0
Jawa Tengah,Kab. Jepara,Cabai Rawit Merah,kg,17/02/2026,0
Jawa Tengah,Kab. Jepara,Cabai Merah Besar,kg,17/02/2026,0
Jawa Tengah,Kab. Jepara,Bawang Merah,kg,17/02/2026,0
Jawa Tengah,Kab. Jepara,Bawang Putih Honan,kg,17/02/2026,0
Jawa Tengah,Kab. Demak,Beras Medium,kg,17/02/2026,0
Jawa Tengah,Kab. Demak,Beras Premium,kg,17/02/2026,0
Jawa Tengah,Kab. Demak,Gula Pasir Curah,kg,17/02/2026,0
Jawa Tengah,Kab. Demak,Minyak Goreng Sawit Kemasan Premium,lt,17/02/2026,0
Jawa Tengah,Kab. Demak,Minyak Goreng Sawit Curah,lt,17/02/2026,0
Jawa Tengah,Kab. Demak,Minyakita,lt,17/02/2026,0
Jawa Tengah,Kab. Demak,Daging Sapi Paha Belakang,kg,17/02/2026,0
Jawa Tengah,Kab. Demak,Daging Ayam Ras,kg,17/02/2026,0
Jawa Tengah,Kab. Demak,Telur Ayam Ras,kg,17/02/2026,0
Jawa Tengah,Kab. Demak,Tepung Terigu,kg,17/02/2026,0
Jawa Tengah,Kab. Demak,Kedelai Impor,kg,17/02/2026,0
Jawa Tengah,Kab. Demak,Cabai Merah Keriting,kg,17/02/2026,0
Jawa Tengah,Kab. Demak,Cabai Rawit Merah,kg,17/02/2026,0
Jawa Tengah,Kab. Demak,Cabai Merah Besar,kg,17/02/2026,0
Jawa Tengah,Kab. Demak,Bawang Merah,kg,17/02/2026,0
Jawa Tengah,Kab. Demak,Bawang Putih Honan,kg,17/02/2026,0
Jawa Tengah,Kab. Semarang,Beras Medium,kg,17/02/2026,0
Jawa Tengah,Kab. Semarang,Beras Premium,kg,17/02/2026,0
Jawa Tengah,Kab. Semarang,Gula Pasir Curah,kg,17/02/2026,0
Jawa Tengah,Kab. Semarang,Minyak Goreng Sawit Kemasan Premium,lt,17/02/2026,0
Jawa Tengah,Kab. Semarang,Minyak Goreng Sawit Curah,lt,17/02/2026,0
Jawa Tengah,Kab. Semarang,Minyakita,lt,17/02/2026,0
Jawa Tengah,Kab. Semarang,Daging Sapi Paha Belakang,kg,17/02/2026,0
Jawa Tengah,Kab. Semarang,Daging Ayam Ras,kg,17/02/2026,0
Jawa Tengah,Kab. Semarang,Telur Ayam Ras,kg,17/02/2026,0
Jawa Tengah,Kab. Semarang,Tepung Terigu,kg,17/02/2026,0
Jawa Tengah,Kab. Semarang,Kedelai Impor,kg,17/02/2026,0
Jawa Tengah,Kab. Semarang,Cabai Merah Keriting,kg,17/02/2026,0
Jawa Tengah,Kab. Semarang,Cabai Rawit Merah,kg,17/02/2026,0
Jawa Tengah,Kab. Semarang,Cabai Merah Besar,kg,17/02/2026,0
Jawa Tengah,Kab. Semarang,Bawang Merah,kg,17/02/2026,0
Jawa Tengah,Kab. Semarang,Bawang Putih Honan,kg,17/02/2026,0
Jawa Tengah,Kab. Temanggung,Beras Medium,kg,17/02/2026,0
Jawa Tengah,Kab. Temanggung,Beras Premium,kg,17/02/2026,0
Jawa Tengah,Kab. Temanggung,Gula Pasir Curah,kg,17/02/2026,0
Jawa Tengah,Kab. Temanggung,Minyak Goreng Sawit Kemasan Premium,lt,17/02/2026,0
Jawa Tengah,Kab. Temanggung,Minyak Goreng Sawit Curah,lt,17/02/2026,0
Jawa Tengah,Kab. Temanggung,Minyakita,lt,17/02/2026,0
Jawa Tengah,Kab. Temanggung,Daging Sapi Paha Belakang,kg,17/02/2026,0
Jawa Tengah,Kab. Temanggung,Daging Ayam Ras,kg,17/02/2026,0
Jawa Tengah,Kab. Temanggung,Telur Ayam Ras,kg,17/02/2026,0
Jawa Tengah,Kab. Temanggung,Tepung Terigu,kg,17/02/2026,0
Jawa Tengah,Kab. Temanggung,Kedelai Impor,kg,17/02/2026,0
Jawa Tengah,Kab. Temanggung,Cabai Merah Keriting,kg,17/02/2026,0
Jawa Tengah,Kab. Temanggung,Cabai Rawit Merah,kg,17/02/2026,0
Jawa Tengah,Kab. Temanggung,Cabai Merah Besar,kg,17/02/2026,0
Jawa Tengah,Kab. Temanggung,Bawang Merah,kg,17/02/2026,0
Jawa Tengah,Kab. Temanggung,Bawang Putih Honan,kg,17/02/2026,0
Jawa Tengah,Kab. Kendal,Beras Medium,kg,17/02/2026,0
Jawa Tengah,Kab. Kendal,Beras Premium,kg,17/02/2026,0
Jawa Tengah,Kab. Kendal,Gula Pasir Curah,kg,17/02/2026,0
Jawa Tengah,Kab. Kendal,Minyak Goreng Sawit Kemasan Premium,lt,17/02/2026,0
Jawa Tengah,Kab. Kendal,Minyak Goreng Sawit Curah,lt,17/02/2026,0
Jawa Tengah,Kab. Kendal,Minyakita,lt,17/02/2026,0
Jawa Tengah,Kab. Kendal,Daging Sapi Paha Belakang,kg,17/02/2026,0
Jawa Tengah,Kab. Kendal,Daging Ayam Ras,kg,17/02/2026,0
Jawa Tengah,Kab. Kendal,Telur Ayam Ras,kg,17/02/2026,0
Jawa Tengah,Kab. Kendal,Tepung Terigu,kg,17/02/2026,0
Jawa Tengah,Kab. Kendal,Kedelai Impor,kg,17/02/2026,0
Jawa Tengah,Kab. Kendal,Cabai Merah Keriting,kg,17/02/2026,0
Jawa Tengah,Kab. Kendal,Cabai Rawit Merah,kg,17/02/2026,0
Jawa Tengah,Kab. Kendal,Cabai Merah Besar,kg,17/02/2026,0
Jawa Tengah,Kab. Kendal,Bawang Merah,kg,17/02/2026,0
Jawa Tengah,Kab. Kendal,Bawang Putih Honan,kg,17/02/2026,0
Jawa Tengah,Kab. Batang,Beras Medium,kg,17/02/2026,0
Jawa Tengah,Kab. Batang,Beras Premium,kg,17/02/2026,0
Jawa Tengah,Kab. Batang,Gula Pasir Curah,kg,17/02/2026,0
Jawa Tengah,Kab. Batang,Minyak Goreng Sawit Kemasan Premium,lt,17/02/2026,0
Jawa Tengah,Kab. Batang,Minyak Goreng Sawit Curah,lt,17/02/2026,0
Jawa Tengah,Kab. Batang,Minyakita,lt,17/02/2026,0
Jawa Tengah,Kab. Batang,Daging Sapi Paha Belakang,kg,17/02/2026,0
Jawa Tengah,Kab. Batang,Daging Ayam Ras,kg,17/02/2026,0
Jawa Tengah,Kab. Batang,Telur Ayam Ras,kg,17/02/2026,0
Jawa Tengah,Kab. Batang,Tepung Terigu,kg,17/02/2026,0
Jawa Tengah,Kab. Batang,Kedelai Impor,kg,17/02/2026,0
Jawa Tengah,Kab. Batang,Cabai Merah Keriting,kg,17/02/2026,0
Jawa Tengah,Kab. Batang,Cabai Rawit Merah,kg,17/02/2026,0
Jawa Tengah,Kab. Batang,Cabai Merah Besar,kg,17/02/2026,0
Jawa Tengah,Kab. Batang,Bawang Merah,kg,17/02/2026,0
Jawa Tengah,Kab. Batang,Bawang Putih Honan,kg,17/02/2026,0
Jawa Tengah,Kab. Pekalongan,Beras Medium,kg,17/02/2026,0
Jawa Tengah,Kab. Pekalongan,Beras Premium,kg,17/02/2026,0
Jawa Tengah,Kab. Pekalongan,Gula Pasir Curah,kg,17/02/2026,0
Jawa Tengah,Kab. Pekalongan,Minyak Goreng Sawit Kemasan Premium,lt,17/02/2026,0
Jawa Tengah,Kab. Pekalongan,Minyak Goreng Sawit Curah,lt,17/02/2026,0
Jawa Tengah,Kab. Pekalongan,Minyakita,lt,17/02/2026,0
Jawa Tengah,Kab. Pekalongan,Daging Sapi Paha Belakang,kg,17/02/2026,0
Jawa Tengah,Kab. Pekalongan,Daging Ayam Ras,kg,17/02/2026,0
Jawa Tengah,Kab. Pekalongan,Telur Ayam Ras,kg,17/02/2026,0
Jawa Tengah,Kab. Pekalongan,Tepung Terigu,kg,17/02/2026,0
Jawa Tengah,Kab. Pekalongan,Kedelai Impor,kg,17/02/2026,0
Jawa Tengah,Kab. Pekalongan,Cabai Merah Keriting,kg,17/02/2026,0
Jawa Tengah,Kab. Pekalongan,Cabai Rawit Merah,kg,17/02/2026,0
Jawa Tengah,Kab. Pekalongan,Cabai Merah Besar,kg,17/02/2026,0
Jawa Tengah,Kab. Pekalongan,Bawang Merah,kg,17/02/2026,0
Jawa Tengah,Kab. Pekalongan,Bawang Putih Honan,kg,17/02/2026,0
Jawa Tengah,Kab. Pemalang,Beras Medium,kg,17/02/2026,0
Jawa Tengah,Kab. Pemalang,Beras Premium,kg,17/02/2026,0
Jawa Tengah,Kab. Pemalang,Gula Pasir Curah,kg,17/02/2026,0
Jawa Tengah,Kab. Pemalang,Minyak Goreng Sawit Kemasan Premium,lt,17/02/2026,0
Jawa Tengah,Kab. Pemalang,Minyak Goreng Sawit Curah,lt,17/02/2026,0
Jawa Tengah,Kab. Pemalang,Minyakita,lt,17/02/2026,0
Jawa Tengah,Kab. Pemalang,Daging Sapi Paha Belakang,kg,17/02/2026,0
Jawa Tengah,Kab. Pemalang,Daging Ayam Ras,kg,17/02/2026,0
Jawa Tengah,Kab. Pemalang,Telur Ayam Ras,kg,17/02/2026,0
Jawa Tengah,Kab. Pemalang,Tepung Terigu,kg,17/02/2026,0
Jawa Tengah,Kab. Pemalang,Kedelai Impor,kg,17/02/2026,0
Jawa Tengah,Kab. Pemalang,Cabai Merah Keriting,kg,17/02/2026,0
Jawa Tengah,Kab. Pemalang,Cabai Rawit Merah,kg,17/02/2026,0
Jawa Tengah,Kab. Pemalang,Cabai Merah Besar,kg,17/02/2026,0
Jawa Tengah,Kab. Pemalang,Bawang Merah,kg,17/02/2026,0
Jawa Tengah,Kab. Pemalang,Bawang Putih Honan,kg,17/02/2026,0
Jawa Tengah,Kab. Tegal,Beras Medium,kg,17/02/2026,0
Jawa Tengah,Kab. Tegal,Beras Premium,kg,17/02/2026,0
Jawa Tengah,Kab. Tegal,Gula Pasir Curah,kg,17/02/2026,0
Jawa Tengah,Kab. Tegal,Minyak Goreng Sawit Kemasan Premium,lt,17/02/2026,0
Jawa Tengah,Kab. Tegal,Minyak Goreng Sawit Curah,lt,17/02/2026,0
Jawa Tengah,Kab. Tegal,Minyakita,lt,17/02/2026,0
Jawa Tengah,Kab. Tegal,Daging Sapi Paha Belakang,kg,17/02/2026,0
Jawa Tengah,Kab. Tegal,Daging Ayam Ras,kg,17/02/2026,0
Jawa Tengah,Kab. Tegal,Telur Ayam Ras,kg,17/02/2026,0
Jawa Tengah,Kab. Tegal,Tepung Terigu,kg,17/02/2026,0
Jawa Tengah,Kab. Tegal,Kedelai Impor,kg,17/02/2026,0
Jawa Tengah,Kab. Tegal,Cabai Merah Keriting,kg,17/02/2026,0
Jawa Tengah,Kab. Tegal,Cabai Rawit Merah,kg,17/02/2026,0
Jawa Tengah,Kab. Tegal,Cabai Merah Besar,kg,17/02/2026,0
Jawa Tengah,Kab. Tegal,Bawang Merah,kg,17/02/2026,0
Jawa Tengah,Kab. Tegal,Bawang Putih Honan,kg,17/02/2026,0
Jawa Tengah,Kab. Brebes,Beras Medium,kg,17/02/2026,0
Jawa Tengah,Kab. Brebes,Beras Premium,kg,17/02/2026,0
Jawa Tengah,Kab. Brebes,Gula Pasir Curah,kg,17/02/2026,0
Jawa Tengah,Kab. Brebes,Minyak Goreng Sawit Kemasan Premium,lt,17/02/2026,0
Jawa Tengah,Kab. Brebes,Minyak Goreng Sawit Curah,lt,17/02/2026,0
Jawa Tengah,Kab. Brebes,Minyakita,lt,17/02/2026,0
Jawa Tengah,Kab. Brebes,Daging Sapi Paha Belakang,kg,17/02/2026,0
Jawa Tengah,Kab. Brebes,Daging Ayam Ras,kg,17/02/2026,0
Jawa Tengah,Kab. Brebes,Telur Ayam Ras,kg,17/02/2026,0
Jawa Tengah,Kab. Brebes,Tepung Terigu,kg,17/02/2026,0
Jawa Tengah,Kab. Brebes,Kedelai Impor,kg,17/02/2026,0
Jawa Tengah,Kab. Brebes,Cabai Merah Keriting,kg,17/02/2026,0
Jawa Tengah,Kab. Brebes,Cabai Rawit Merah,kg,17/02/2026,0
Jawa Tengah,Kab. Brebes,Cabai Merah Besar,kg,17/02/2026,0
Jawa Tengah,Kab. Brebes,Bawang Merah,kg,17/02/2026,0
Jawa Tengah,Kab. Brebes,Bawang Putih Honan,kg,17/02/2026,0
Jawa Tengah,Kota Magelang,Beras Medium,kg,17/02/2026,0
Jawa Tengah,Kota Magelang,Beras Premium,kg,17/02/2026,0
Jawa Tengah,Kota Magelang,Gula Pasir Curah,kg,17/02/2026,0
Jawa Tengah,Kota Magelang,Minyak Goreng Sawit Kemasan Premium,lt,17/02/2026,0
Jawa Tengah,Kota Magelang,Minyak Goreng Sawit Curah,lt,17/02/2026,0
Jawa Tengah,Kota Magelang,Minyakita,lt,17/02/2026,0
Jawa Tengah,Kota Magelang,Daging Sapi Paha Belakang,kg,17/02/2026,0
Jawa Tengah,Kota Magelang,Daging Ayam Ras,kg,17/02/2026,0
Jawa Tengah,Kota Magelang,Telur Ayam Ras,kg,17/02/2026,0
Jawa Tengah,Kota Magelang,Tepung Terigu,kg,17/02/2026,0
Jawa Tengah,Kota Magelang,Kedelai Impor,kg,17/02/2026,0
Jawa Tengah,Kota Magelang,Cabai Merah Keriting,kg,17/02/2026,0
Jawa Tengah,Kota Magelang,Cabai Rawit Merah,kg,17/02/2026,0
Jawa Tengah,Kota Magelang,Cabai Merah Besar,kg,17/02/2026,0
Jawa Tengah,Kota Magelang,Bawang Merah,kg,17/02/2026,0
Jawa Tengah,Kota Magelang,Bawang Putih Honan,kg,17/02/2026,0
Jawa Tengah,Kota Surakarta,Beras Medium,kg,17/02/2026,0
Jawa Tengah,Kota Surakarta,Beras Premium,kg,17/02/2026,0
Jawa Tengah,Kota Surakarta,Gula Pasir Curah,kg,17/02/2026,0
Jawa Tengah,Kota Surakarta,Minyak Goreng Sawit Kemasan Premium,lt,17/02/2026,0
Jawa Tengah,Kota Surakarta,Minyak Goreng Sawit Curah,lt,17/02/2026,0
Jawa Tengah,Kota Surakarta,Minyakita,lt,17/02/2026,0
Jawa Tengah,Kota Surakarta,Daging Sapi Paha Belakang,kg,17/02/2026,0
Jawa Tengah,Kota Surakarta,Daging Ayam Ras,kg,17/02/2026,0
Jawa Tengah,Kota Surakarta,Telur Ayam Ras,kg,17/02/2026,0
Jawa Tengah,Kota Surakarta,Tepung Terigu,kg,17/02/2026,0
Jawa Tengah,Kota Surakarta,Kedelai Impor,kg,17/02/2026,0
Jawa Tengah,Kota Surakarta,Cabai Merah Keriting,kg,17/02/2026,0
Jawa Tengah,Kota Surakarta,Cabai Rawit Merah,kg,17/02/2026,0
Jawa Tengah,Kota Surakarta,Cabai Merah Besar,kg,17/02/2026,0
Jawa Tengah,Kota Surakarta,Bawang Merah,kg,17/02/2026,0
Jawa Tengah,Kota Surakarta,Bawang Putih Honan,kg,17/02/2026,0
Jawa Tengah,Kota Salatiga,Beras Medium,kg,17/02/2026,0
Jawa Tengah,Kota Salatiga,Beras Premium,kg,17/02/2026,0
Jawa Tengah,Kota Salatiga,Gula Pasir Curah,kg,17/02/2026,0
Jawa Tengah,Kota Salatiga,Minyak Goreng Sawit Kemasan Premium,lt,17/02/2026,0
Jawa Tengah,Kota Salatiga,Minyak Goreng Sawit Curah,lt,17/02/2026,0
Jawa Tengah,Kota Salatiga,Minyakita,lt,17/02/2026,0
Jawa Tengah,Kota Salatiga,Daging Sapi Paha Belakang,kg,17/02/2026,0
Jawa Tengah,Kota Salatiga,Daging Ayam Ras,kg,17/02/2026,0
Jawa Tengah,Kota Salatiga,Telur Ayam Ras,kg,17/02/2026,0
Jawa Tengah,Kota Salatiga,Tepung Terigu,kg,17/02/2026,0
Jawa Tengah,Kota Salatiga,Kedelai Impor,kg,17/02/2026,0
Jawa Tengah,Kota Salatiga,Cabai Merah Keriting,kg,17/02/2026,0
Jawa Tengah,Kota Salatiga,Cabai Rawit Merah,kg,17/02/2026,0
Jawa Tengah,Kota Salatiga,Cabai Merah Besar,kg,17/02/2026,0
Jawa Tengah,Kota Salatiga,Bawang Merah,kg,17/02/2026,0
Jawa Tengah,Kota Salatiga,Bawang Putih Honan,kg,17/02/2026,0
Jawa Tengah,Kota Semarang,Beras Medium,kg,17/02/2026,0
Jawa Tengah,Kota Semarang,Beras Premium,kg,17/02/2026,0
Jawa Tengah,Kota Semarang,Gula Pasir Curah,kg,17/02/2026,0
Jawa Tengah,Kota Semarang,Minyak Goreng Sawit Kemasan Premium,lt,17/02/2026,0
Jawa Tengah,Kota Semarang,Minyak Goreng Sawit Curah,lt,17/02/2026,0
Jawa Tengah,Kota Semarang,Minyakita,lt,17/02/2026,0
Jawa Tengah,Kota Semarang,Daging Sapi Paha Belakang,kg,17/02/2026,0
Jawa Tengah,Kota Semarang,Daging Ayam Ras,kg,17/02/2026,0
Jawa Tengah,Kota Semarang,Telur Ayam Ras,kg,17/02/2026,0
Jawa Tengah,Kota Semarang,Tepung Terigu,kg,17/02/2026,0
Jawa Tengah,Kota Semarang,Kedelai Impor,kg,17/02/2026,0
Jawa Tengah,Kota Semarang,Cabai Merah Keriting,kg,17/02/2026,0
Jawa Tengah,Kota Semarang,Cabai Rawit Merah,kg,17/02/2026,0
Jawa Tengah,Kota Semarang,Cabai Merah Besar,kg,17/02/2026,0
Jawa Tengah,Kota Semarang,Bawang Merah,kg,17/02/2026,0
Jawa Tengah,Kota Semarang,Bawang Putih Honan,kg,17/02/2026,0
Jawa Tengah,Kota Pekalongan,Beras Medium,kg,17/02/2026,0
Jawa Tengah,Kota Pekalongan,Beras Premium,kg,17/02/2026,0
Jawa Tengah,Kota Pekalongan,Gula Pasir Curah,kg,17/02/2026,0
Jawa Tengah,Kota Pekalongan,Minyak Goreng Sawit Kemasan Premium,lt,17/02/2026,0
Jawa Tengah,Kota Pekalongan,Minyak Goreng Sawit Curah,lt,17/02/2026,0
Jawa Tengah,Kota Pekalongan,Minyakita,lt,17/02/2026,0
Jawa Tengah,Kota Pekalongan,Daging Sapi Paha Belakang,kg,17/02/2026,0
Jawa Tengah,Kota Pekalongan,Daging Ayam Ras,kg,17/02/2026,0
Jawa Tengah,Kota Pekalongan,Telur Ayam Ras,kg,17/02/2026,0
Jawa Tengah,Kota Pekalongan,Tepung Terigu,kg,17/02/2026,0
Jawa Tengah,Kota Pekalongan,Kedelai Impor,kg,17/02/2026,0
Jawa Tengah,Kota Pekalongan,Cabai Merah Keriting,kg,17/02/2026,0
Jawa Tengah,Kota Pekalongan,Cabai Rawit Merah,kg,17/02/2026,0
Jawa Tengah,Kota Pekalongan,Cabai Merah Besar,kg,17/02/2026,0
Jawa Tengah,Kota Pekalongan,Bawang Merah,kg,17/02/2026,0
Jawa Tengah,Kota Pekalongan,Bawang Putih Honan,kg,17/02/2026,0
Jawa Tengah,Kota Tegal,Beras Medium,kg,17/02/2026,0
Jawa Tengah,Kota Tegal,Beras Premium,kg,17/02/2026,0
Jawa Tengah,Kota Tegal,Gula Pasir Curah,kg,17/02/2026,0
Jawa Tengah,Kota Tegal,Minyak Goreng Sawit Kemasan Premium,lt,17/02/2026,0
Jawa Tengah,Kota Tegal,Minyak Goreng Sawit Curah,lt,17/02/2026,0
Jawa Tengah,Kota Tegal,Minyakita,lt,17/02/2026,0
Jawa Tengah,Kota Tegal,Daging Sapi Paha Belakang,kg,17/02/2026,0
Jawa Tengah,Kota Tegal,Daging Ayam Ras,kg,17/02/2026,0
Jawa Tengah,Kota Tegal,Telur Ayam Ras,kg,17/02/2026,0
Jawa Tengah,Kota Tegal,Tepung Terigu,kg,17/02/2026,0
Jawa Tengah,Kota Tegal,Kedelai Impor,kg,17/02/2026,0
Jawa Tengah,Kota Tegal,Cabai Merah Keriting,kg,17/02/2026,0
Jawa Tengah,Kota Tegal,Cabai Rawit Merah,kg,17/02/2026,0
Jawa Tengah,Kota Tegal,Cabai Merah Besar,kg,17/02/2026,0
Jawa Tengah,Kota Tegal,Bawang Merah,kg,17/02/2026,0
Jawa Tengah,Kota Tegal,Bawang Putih Honan,kg,17/02/2026,0
Jawa Tengah,Kab. Cilacap,Beras Medium,kg,18/02/2026,13500
Jawa Tengah,Kab. Cilacap,Beras Premium,kg,18/02/2026,14500
Jawa Tengah,Kab. Cilacap,Gula Pasir Curah,kg,18/02/2026,17333
Jawa Tengah,Kab. Cilacap,Minyak Goreng Sawit Kemasan Premium,lt,18/02/2026,22000
Jawa Tengah,Kab. Cilacap,Minyak Goreng Sawit Curah,lt,18/02/2026,18000
Jawa Tengah,Kab. Cilacap,Minyakita,lt,18/02/2026,15700
Jawa Tengah,Kab. Cilacap,Daging Sapi Paha Belakang,kg,18/02/2026,135000
Jawa Tengah,Kab. Cilacap,Daging Ayam Ras,kg,18/02/2026,42333
Jawa Tengah,Kab. Cilacap,Telur Ayam Ras,kg,18/02/2026,31000
Jawa Tengah,Kab. Cilacap,Tepung Terigu,kg,18/02/2026,12000
Jawa Tengah,Kab. Cilacap,Kedelai Impor,kg,18/02/2026,11667
Jawa Tengah,Kab. Cilacap,Cabai Merah Keriting,kg,18/02/2026,40000
Jawa Tengah,Kab. Cilacap,Cabai Rawit Merah,kg,18/02/2026,82667
Jawa Tengah,Kab. Cilacap,Cabai Merah Besar,kg,18/02/2026,37000
Jawa Tengah,Kab. Cilacap,Bawang Merah,kg,18/02/2026,38000
Jawa Tengah,Kab. Cilacap,Bawang Putih Honan,kg,18/02/2026,34000
Jawa Tengah,Kab. Banyumas,Beras Medium,kg,18/02/2026,13250
Jawa Tengah,Kab. Banyumas,Beras Premium,kg,18/02/2026,14900
Jawa Tengah,Kab. Banyumas,Gula Pasir Curah,kg,18/02/2026,16833
Jawa Tengah,Kab. Banyumas,Minyak Goreng Sawit Kemasan Premium,lt,18/02/2026,21000
Jawa Tengah,Kab. Banyumas,Minyak Goreng Sawit Curah,lt,18/02/2026,18000
Jawa Tengah,Kab. Banyumas,Minyakita,lt,18/02/2026,15700
Jawa Tengah,Kab. Banyumas,Daging Sapi Paha Belakang,kg,18/02/2026,133333
Jawa Tengah,Kab. Banyumas,Daging Ayam Ras,kg,18/02/2026,40000
Jawa Tengah,Kab. Banyumas,Telur Ayam Ras,kg,18/02/2026,30000
Jawa Tengah,Kab. Banyumas,Tepung Terigu,kg,18/02/2026,12000
Jawa Tengah,Kab. Banyumas,Kedelai Impor,kg,18/02/2026,10000
Jawa Tengah,Kab. Banyumas,Cabai Merah Keriting,kg,18/02/2026,37333
Jawa Tengah,Kab. Banyumas,Cabai Rawit Merah,kg,18/02/2026,74667
Jawa Tengah,Kab. Banyumas,Cabai Merah Besar,kg,18/02/2026,31667
Jawa Tengah,Kab. Banyumas,Bawang Merah,kg,18/02/2026,40000
Jawa Tengah,Kab. Banyumas,Bawang Putih Honan,kg,18/02/2026,30000
Jawa Tengah,Kab. Purbalingga,Beras Medium,kg,18/02/2026,13000
Jawa Tengah,Kab. Purbalingga,Beras Premium,kg,18/02/2026,14200
Jawa Tengah,Kab. Purbalingga,Gula Pasir Curah,kg,18/02/2026,17000
Jawa Tengah,Kab. Purbalingga,Minyak Goreng Sawit Kemasan Premium,lt,18/02/2026,21000
Jawa Tengah,Kab. Purbalingga,Minyak Goreng Sawit Curah,lt,18/02/2026,17730
Jawa Tengah,Kab. Purbalingga,Minyakita,lt,18/02/2026,15700
Jawa Tengah,Kab. Purbalingga,Daging Sapi Paha Belakang,kg,18/02/2026,135000
Jawa Tengah,Kab. Purbalingga,Daging Ayam Ras,kg,18/02/2026,41000
Jawa Tengah,Kab. Purbalingga,Telur Ayam Ras,kg,18/02/2026,30500
Jawa Tengah,Kab. Purbalingga,Tepung Terigu,kg,18/02/2026,12000
Jawa Tengah,Kab. Purbalingga,Kedelai Impor,kg,18/02/2026,9800
Jawa Tengah,Kab. Purbalingga,Cabai Merah Keriting,kg,18/02/2026,43000
Jawa Tengah,Kab. Purbalingga,Cabai Rawit Merah,kg,18/02/2026,83000
Jawa Tengah,Kab. Purbalingga,Cabai Merah Besar,kg,18/02/2026,34000
Jawa Tengah,Kab. Purbalingga,Bawang Merah,kg,18/02/2026,44000
Jawa Tengah,Kab. Purbalingga,Bawang Putih Honan,kg,18/02/2026,33000
Jawa Tengah,Kab. Banjarnegara,Beras Medium,kg,18/02/2026,13333
Jawa Tengah,Kab. Banjarnegara,Beras Premium,kg,18/02/2026,14533
Jawa Tengah,Kab. Banjarnegara,Gula Pasir Curah,kg,18/02/2026,17000
Jawa Tengah,Kab. Banjarnegara,Minyak Goreng Sawit Kemasan Premium,lt,18/02/2026,20666
Jawa Tengah,Kab. Banjarnegara,Minyak Goreng Sawit Curah,lt,18/02/2026,18450
Jawa Tengah,Kab. Banjarnegara,Minyakita,lt,18/02/2026,15700
Jawa Tengah,Kab. Banjarnegara,Daging Sapi Paha Belakang,kg,18/02/2026,140000
Jawa Tengah,Kab. Banjarnegara,Daging Ayam Ras,kg,18/02/2026,40000
Jawa Tengah,Kab. Banjarnegara,Telur Ayam Ras,kg,18/02/2026,31000
Jawa Tengah,Kab. Banjarnegara,Tepung Terigu,kg,18/02/2026,11666
Jawa Tengah,Kab. Banjarnegara,Kedelai Impor,kg,18/02/2026,10433
Jawa Tengah,Kab. Banjarnegara,Cabai Merah Keriting,kg,18/02/2026,50000
Jawa Tengah,Kab. Banjarnegara,Cabai Rawit Merah,kg,18/02/2026,80000
Jawa Tengah,Kab. Banjarnegara,Cabai Merah Besar,kg,18/02/2026,0
Jawa Tengah,Kab. Banjarnegara,Bawang Merah,kg,18/02/2026,40000
Jawa Tengah,Kab. Banjarnegara,Bawang Putih Honan,kg,18/02/2026,33666
Jawa Tengah,Kab. Kebumen,Beras Medium,kg,18/02/2026,12250
Jawa Tengah,Kab. Kebumen,Beras Premium,kg,18/02/2026,14450
Jawa Tengah,Kab. Kebumen,Gula Pasir Curah,kg,18/02/2026,16000
Jawa Tengah,Kab. Kebumen,Minyak Goreng Sawit Kemasan Premium,lt,18/02/2026,20500
Jawa Tengah,Kab. Kebumen,Minyak Goreng Sawit Curah,lt,18/02/2026,17500
Jawa Tengah,Kab. Kebumen,Minyakita,lt,18/02/2026,15700
Jawa Tengah,Kab. Kebumen,Daging Sapi Paha Belakang,kg,18/02/2026,120000
Jawa Tengah,Kab. Kebumen,Daging Ayam Ras,kg,18/02/2026,33750
Jawa Tengah,Kab. Kebumen,Telur Ayam Ras,kg,18/02/2026,28500
Jawa Tengah,Kab. Kebumen,Tepung Terigu,kg,18/02/2026,11000
Jawa Tengah,Kab. Kebumen,Kedelai Impor,kg,18/02/2026,9500
Jawa Tengah,Kab. Kebumen,Cabai Merah Keriting,kg,18/02/2026,30667
Jawa Tengah,Kab. Kebumen,Cabai Rawit Merah,kg,18/02/2026,39333
Jawa Tengah,Kab. Kebumen,Cabai Merah Besar,kg,18/02/2026,31667
Jawa Tengah,Kab. Kebumen,Bawang Merah,kg,18/02/2026,35000
Jawa Tengah,Kab. Kebumen,Bawang Putih Honan,kg,18/02/2026,0
Jawa Tengah,Kab. Purworejo,Beras Medium,kg,18/02/2026,12800
Jawa Tengah,Kab. Purworejo,Beras Premium,kg,18/02/2026,14500
Jawa Tengah,Kab. Purworejo,Gula Pasir Curah,kg,18/02/2026,17333
Jawa Tengah,Kab. Purworejo,Minyak Goreng Sawit Kemasan Premium,lt,18/02/2026,20333
Jawa Tengah,Kab. Purworejo,Minyak Goreng Sawit Curah,lt,18/02/2026,17400
Jawa Tengah,Kab. Purworejo,Minyakita,lt,18/02/2026,15700
Jawa Tengah,Kab. Purworejo,Daging Sapi Paha Belakang,kg,18/02/2026,135500
Jawa Tengah,Kab. Purworejo,Daging Ayam Ras,kg,18/02/2026,40000
Jawa Tengah,Kab. Purworejo,Telur Ayam Ras,kg,18/02/2026,30000
Jawa Tengah,Kab. Purworejo,Tepung Terigu,kg,18/02/2026,11333
Jawa Tengah,Kab. Purworejo,Kedelai Impor,kg,18/02/2026,10000
Jawa Tengah,Kab. Purworejo,Cabai Merah Keriting,kg,18/02/2026,40000
Jawa Tengah,Kab. Purworejo,Cabai Rawit Merah,kg,18/02/2026,79333
Jawa Tengah,Kab. Purworejo,Cabai Merah Besar,kg,18/02/2026,38667
Jawa Tengah,Kab. Purworejo,Bawang Merah,kg,18/02/2026,41667
Jawa Tengah,Kab. Purworejo,Bawang Putih Honan,kg,18/02/2026,34333
Jawa Tengah,Kab. Wonosobo,Beras Medium,kg,18/02/2026,13000
Jawa Tengah,Kab. Wonosobo,Beras Premium,kg,18/02/2026,14867
Jawa Tengah,Kab. Wonosobo,Gula Pasir Curah,kg,18/02/2026,16933
Jawa Tengah,Kab. Wonosobo,Minyak Goreng Sawit Kemasan Premium,lt,18/02/2026,21500
Jawa Tengah,Kab. Wonosobo,Minyak Goreng Sawit Curah,lt,18/02/2026,16933
Jawa Tengah,Kab. Wonosobo,Minyakita,lt,18/02/2026,15700
Jawa Tengah,Kab. Wonosobo,Daging Sapi Paha Belakang,kg,18/02/2026,135000
Jawa Tengah,Kab. Wonosobo,Daging Ayam Ras,kg,18/02/2026,38000
Jawa Tengah,Kab. Wonosobo,Telur Ayam Ras,kg,18/02/2026,29667
Jawa Tengah,Kab. Wonosobo,Tepung Terigu,kg,18/02/2026,11500
Jawa Tengah,Kab. Wonosobo,Kedelai Impor,kg,18/02/2026,9400
Jawa Tengah,Kab. Wonosobo,Cabai Merah Keriting,kg,18/02/2026,46667
Jawa Tengah,Kab. Wonosobo,Cabai Rawit Merah,kg,18/02/2026,76667
Jawa Tengah,Kab. Wonosobo,Cabai Merah Besar,kg,18/02/2026,0
Jawa Tengah,Kab. Wonosobo,Bawang Merah,kg,18/02/2026,38000
Jawa Tengah,Kab. Wonosobo,Bawang Putih Honan,kg,18/02/2026,35000
Jawa Tengah,Kab. Magelang,Beras Medium,kg,18/02/2026,13400
Jawa Tengah,Kab. Magelang,Beras Premium,kg,18/02/2026,14900
Jawa Tengah,Kab. Magelang,Gula Pasir Curah,kg,18/02/2026,17000
Jawa Tengah,Kab. Magelang,Minyak Goreng Sawit Kemasan Premium,lt,18/02/2026,20000
Jawa Tengah,Kab. Magelang,Minyak Goreng Sawit Curah,lt,18/02/2026,17800
Jawa Tengah,Kab. Magelang,Minyakita,lt,18/02/2026,15700
Jawa Tengah,Kab. Magelang,Daging Sapi Paha Belakang,kg,18/02/2026,138000
Jawa Tengah,Kab. Magelang,Daging Ayam Ras,kg,18/02/2026,38000
Jawa Tengah,Kab. Magelang,Telur Ayam Ras,kg,18/02/2026,29000
Jawa Tengah,Kab. Magelang,Tepung Terigu,kg,18/02/2026,11500
Jawa Tengah,Kab. Magelang,Kedelai Impor,kg,18/02/2026,11700
Jawa Tengah,Kab. Magelang,Cabai Merah Keriting,kg,18/02/2026,35000
Jawa Tengah,Kab. Magelang,Cabai Rawit Merah,kg,18/02/2026,70000
Jawa Tengah,Kab. Magelang,Cabai Merah Besar,kg,18/02/2026,40000
Jawa Tengah,Kab. Magelang,Bawang Merah,kg,18/02/2026,38000
Jawa Tengah,Kab. Magelang,Bawang Putih Honan,kg,18/02/2026,34000
Jawa Tengah,Kab. Boyolali,Beras Medium,kg,18/02/2026,13000
Jawa Tengah,Kab. Boyolali,Beras Premium,kg,18/02/2026,14867
Jawa Tengah,Kab. Boyolali,Gula Pasir Curah,kg,18/02/2026,16500
Jawa Tengah,Kab. Boyolali,Minyak Goreng Sawit Kemasan Premium,lt,18/02/2026,21000
Jawa Tengah,Kab. Boyolali,Minyak Goreng Sawit Curah,lt,18/02/2026,17500
Jawa Tengah,Kab. Boyolali,Minyakita,lt,18/02/2026,15700
Jawa Tengah,Kab. Boyolali,Daging Sapi Paha Belakang,kg,18/02/2026,130000
Jawa Tengah,Kab. Boyolali,Daging Ayam Ras,kg,18/02/2026,39667
Jawa Tengah,Kab. Boyolali,Telur Ayam Ras,kg,18/02/2026,30000
Jawa Tengah,Kab. Boyolali,Tepung Terigu,kg,18/02/2026,11667
Jawa Tengah,Kab. Boyolali,Kedelai Impor,kg,18/02/2026,11667
Jawa Tengah,Kab. Boyolali,Cabai Merah Keriting,kg,18/02/2026,43333
Jawa Tengah,Kab. Boyolali,Cabai Rawit Merah,kg,18/02/2026,93333
Jawa Tengah,Kab. Boyolali,Cabai Merah Besar,kg,18/02/2026,40000
Jawa Tengah,Kab. Boyolali,Bawang Merah,kg,18/02/2026,39333
Jawa Tengah,Kab. Boyolali,Bawang Putih Honan,kg,18/02/2026,33000
Jawa Tengah,Kab. Klaten,Beras Medium,kg,18/02/2026,13500
Jawa Tengah,Kab. Klaten,Beras Premium,kg,18/02/2026,14900
Jawa Tengah,Kab. Klaten,Gula Pasir Curah,kg,18/02/2026,17500
Jawa Tengah,Kab. Klaten,Minyak Goreng Sawit Kemasan Premium,lt,18/02/2026,21000
Jawa Tengah,Kab. Klaten,Minyak Goreng Sawit Curah,lt,18/02/2026,17500
Jawa Tengah,Kab. Klaten,Minyakita,lt,18/02/2026,15700
Jawa Tengah,Kab. Klaten,Daging Sapi Paha Belakang,kg,18/02/2026,125000
Jawa Tengah,Kab. Klaten,Daging Ayam Ras,kg,18/02/2026,38000
Jawa Tengah,Kab. Klaten,Telur Ayam Ras,kg,18/02/2026,27833
Jawa Tengah,Kab. Klaten,Tepung Terigu,kg,18/02/2026,11333
Jawa Tengah,Kab. Klaten,Kedelai Impor,kg,18/02/2026,10333
Jawa Tengah,Kab. Klaten,Cabai Merah Keriting,kg,18/02/2026,35333
Jawa Tengah,Kab. Klaten,Cabai Rawit Merah,kg,18/02/2026,80000
Jawa Tengah,Kab. Klaten,Cabai Merah Besar,kg,18/02/2026,40000
Jawa Tengah,Kab. Klaten,Bawang Merah,kg,18/02/2026,40333
Jawa Tengah,Kab. Klaten,Bawang Putih Honan,kg,18/02/2026,30000
Jawa Tengah,Kab. Sukoharjo,Beras Medium,kg,18/02/2026,13000
Jawa Tengah,Kab. Sukoharjo,Beras Premium,kg,18/02/2026,14500
Jawa Tengah,Kab. Sukoharjo,Gula Pasir Curah,kg,18/02/2026,17000
Jawa Tengah,Kab. Sukoharjo,Minyak Goreng Sawit Kemasan Premium,lt,18/02/2026,20667
Jawa Tengah,Kab. Sukoharjo,Minyak Goreng Sawit Curah,lt,18/02/2026,17000
Jawa Tengah,Kab. Sukoharjo,Minyakita,lt,18/02/2026,15700
Jawa Tengah,Kab. Sukoharjo,Daging Sapi Paha Belakang,kg,18/02/2026,125000
Jawa Tengah,Kab. Sukoharjo,Daging Ayam Ras,kg,18/02/2026,41000
Jawa Tengah,Kab. Sukoharjo,Telur Ayam Ras,kg,18/02/2026,29000
Jawa Tengah,Kab. Sukoharjo,Tepung Terigu,kg,18/02/2026,12000
Jawa Tengah,Kab. Sukoharjo,Kedelai Impor,kg,18/02/2026,10000
Jawa Tengah,Kab. Sukoharjo,Cabai Merah Keriting,kg,18/02/2026,38333
Jawa Tengah,Kab. Sukoharjo,Cabai Rawit Merah,kg,18/02/2026,88333
Jawa Tengah,Kab. Sukoharjo,Cabai Merah Besar,kg,18/02/2026,31667
Jawa Tengah,Kab. Sukoharjo,Bawang Merah,kg,18/02/2026,40000
Jawa Tengah,Kab. Sukoharjo,Bawang Putih Honan,kg,18/02/2026,32667
Jawa Tengah,Kab. Wonogiri,Beras Medium,kg,18/02/2026,13583
Jawa Tengah,Kab. Wonogiri,Beras Premium,kg,18/02/2026,14500
Jawa Tengah,Kab. Wonogiri,Gula Pasir Curah,kg,18/02/2026,17000
Jawa Tengah,Kab. Wonogiri,Minyak Goreng Sawit Kemasan Premium,lt,18/02/2026,21000
Jawa Tengah,Kab. Wonogiri,Minyak Goreng Sawit Curah,lt,18/02/2026,19500
Jawa Tengah,Kab. Wonogiri,Minyakita,lt,18/02/2026,15700
Jawa Tengah,Kab. Wonogiri,Daging Sapi Paha Belakang,kg,18/02/2026,130000
Jawa Tengah,Kab. Wonogiri,Daging Ayam Ras,kg,18/02/2026,40667
Jawa Tengah,Kab. Wonogiri,Telur Ayam Ras,kg,18/02/2026,29667
Jawa Tengah,Kab. Wonogiri,Tepung Terigu,kg,18/02/2026,11833
Jawa Tengah,Kab. Wonogiri,Kedelai Impor,kg,18/02/2026,11167
Jawa Tengah,Kab. Wonogiri,Cabai Merah Keriting,kg,18/02/2026,36000
Jawa Tengah,Kab. Wonogiri,Cabai Rawit Merah,kg,18/02/2026,80667
Jawa Tengah,Kab. Wonogiri,Cabai Merah Besar,kg,18/02/2026,25333
Jawa Tengah,Kab. Wonogiri,Bawang Merah,kg,18/02/2026,40000
Jawa Tengah,Kab. Wonogiri,Bawang Putih Honan,kg,18/02/2026,0
Jawa Tengah,Kab. Karanganyar,Beras Medium,kg,18/02/2026,13000
Jawa Tengah,Kab. Karanganyar,Beras Premium,kg,18/02/2026,14667
Jawa Tengah,Kab. Karanganyar,Gula Pasir Curah,kg,18/02/2026,16500
Jawa Tengah,Kab. Karanganyar,Minyak Goreng Sawit Kemasan Premium,lt,18/02/2026,20000
Jawa Tengah,Kab. Karanganyar,Minyak Goreng Sawit Curah,lt,18/02/2026,19000
Jawa Tengah,Kab. Karanganyar,Minyakita,lt,18/02/2026,15500
Jawa Tengah,Kab. Karanganyar,Daging Sapi Paha Belakang,kg,18/02/2026,125000
Jawa Tengah,Kab. Karanganyar,Daging Ayam Ras,kg,18/02/2026,40000
Jawa Tengah,Kab. Karanganyar,Telur Ayam Ras,kg,18/02/2026,30000
Jawa Tengah,Kab. Karanganyar,Tepung Terigu,kg,18/02/2026,12000
Jawa Tengah,Kab. Karanganyar,Kedelai Impor,kg,18/02/2026,9600
Jawa Tengah,Kab. Karanganyar,Cabai Merah Keriting,kg,18/02/2026,40000
Jawa Tengah,Kab. Karanganyar,Cabai Rawit Merah,kg,18/02/2026,90000
Jawa Tengah,Kab. Karanganyar,Cabai Merah Besar,kg,18/02/2026,40000
Jawa Tengah,Kab. Karanganyar,Bawang Merah,kg,18/02/2026,40000
Jawa Tengah,Kab. Karanganyar,Bawang Putih Honan,kg,18/02/2026,30000
Jawa Tengah,Kab. Sragen,Beras Medium,kg,18/02/2026,13400
Jawa Tengah,Kab. Sragen,Beras Premium,kg,18/02/2026,14400
Jawa Tengah,Kab. Sragen,Gula Pasir Curah,kg,18/02/2026,16750
Jawa Tengah,Kab. Sragen,Minyak Goreng Sawit Kemasan Premium,lt,18/02/2026,19750
Jawa Tengah,Kab. Sragen,Minyak Goreng Sawit Curah,lt,18/02/2026,18600
Jawa Tengah,Kab. Sragen,Minyakita,lt,18/02/2026,15700
Jawa Tengah,Kab. Sragen,Daging Sapi Paha Belakang,kg,18/02/2026,120000
Jawa Tengah,Kab. Sragen,Daging Ayam Ras,kg,18/02/2026,40000
Jawa Tengah,Kab. Sragen,Telur Ayam Ras,kg,18/02/2026,30167
Jawa Tengah,Kab. Sragen,Tepung Terigu,kg,18/02/2026,12000
Jawa Tengah,Kab. Sragen,Kedelai Impor,kg,18/02/2026,9650
Jawa Tengah,Kab. Sragen,Cabai Merah Keriting,kg,18/02/2026,35000
Jawa Tengah,Kab. Sragen,Cabai Rawit Merah,kg,18/02/2026,75000
Jawa Tengah,Kab. Sragen,Cabai Merah Besar,kg,18/02/2026,28000
Jawa Tengah,Kab. Sragen,Bawang Merah,kg,18/02/2026,40000
Jawa Tengah,Kab. Sragen,Bawang Putih Honan,kg,18/02/2026,31333
Jawa Tengah,Kab. Grobogan,Beras Medium,kg,18/02/2026,13000
Jawa Tengah,Kab. Grobogan,Beras Premium,kg,18/02/2026,14825
Jawa Tengah,Kab. Grobogan,Gula Pasir Curah,kg,18/02/2026,17000
Jawa Tengah,Kab. Grobogan,Minyak Goreng Sawit Kemasan Premium,lt,18/02/2026,19000
Jawa Tengah,Kab. Grobogan,Minyak Goreng Sawit Curah,lt,18/02/2026,16000
Jawa Tengah,Kab. Grobogan,Minyakita,lt,18/02/2026,15700
Jawa Tengah,Kab. Grobogan,Daging Sapi Paha Belakang,kg,18/02/2026,130000
Jawa Tengah,Kab. Grobogan,Daging Ayam Ras,kg,18/02/2026,40000
Jawa Tengah,Kab. Grobogan,Telur Ayam Ras,kg,18/02/2026,30000
Jawa Tengah,Kab. Grobogan,Tepung Terigu,kg,18/02/2026,10500
Jawa Tengah,Kab. Grobogan,Kedelai Impor,kg,18/02/2026,11000
Jawa Tengah,Kab. Grobogan,Cabai Merah Keriting,kg,18/02/2026,30000
Jawa Tengah,Kab. Grobogan,Cabai Rawit Merah,kg,18/02/2026,62000
Jawa Tengah,Kab. Grobogan,Cabai Merah Besar,kg,18/02/2026,50000
Jawa Tengah,Kab. Grobogan,Bawang Merah,kg,18/02/2026,36000
Jawa Tengah,Kab. Grobogan,Bawang Putih Honan,kg,18/02/2026,31000
Jawa Tengah,Kab. Blora,Beras Medium,kg,18/02/2026,11592
Jawa Tengah,Kab. Blora,Beras Premium,kg,18/02/2026,13525
Jawa Tengah,Kab. Blora,Gula Pasir Curah,kg,18/02/2026,16500
Jawa Tengah,Kab. Blora,Minyak Goreng Sawit Kemasan Premium,lt,18/02/2026,19300
Jawa Tengah,Kab. Blora,Minyak Goreng Sawit Curah,lt,18/02/2026,16300
Jawa Tengah,Kab. Blora,Minyakita,lt,18/02/2026,15700
Jawa Tengah,Kab. Blora,Daging Sapi Paha Belakang,kg,18/02/2026,125000
Jawa Tengah,Kab. Blora,Daging Ayam Ras,kg,18/02/2026,39000
Jawa Tengah,Kab. Blora,Telur Ayam Ras,kg,18/02/2026,28000
Jawa Tengah,Kab. Blora,Tepung Terigu,kg,18/02/2026,12300
Jawa Tengah,Kab. Blora,Kedelai Impor,kg,18/02/2026,11500
Jawa Tengah,Kab. Blora,Cabai Merah Keriting,kg,18/02/2026,29333
Jawa Tengah,Kab. Blora,Cabai Rawit Merah,kg,18/02/2026,52667
Jawa Tengah,Kab. Blora,Cabai Merah Besar,kg,18/02/2026,0
Jawa Tengah,Kab. Blora,Bawang Merah,kg,18/02/2026,33667
Jawa Tengah,Kab. Blora,Bawang Putih Honan,kg,18/02/2026,30333
Jawa Tengah,Kab. Rembang,Beras Medium,kg,18/02/2026,13333
Jawa Tengah,Kab. Rembang,Beras Premium,kg,18/02/2026,14900
Jawa Tengah,Kab. Rembang,Gula Pasir Curah,kg,18/02/2026,16333
Jawa Tengah,Kab. Rembang,Minyak Goreng Sawit Kemasan Premium,lt,18/02/2026,21000
Jawa Tengah,Kab. Rembang,Minyak Goreng Sawit Curah,lt,18/02/2026,18822
Jawa Tengah,Kab. Rembang,Minyakita,lt,18/02/2026,15633
Jawa Tengah,Kab. Rembang,Daging Sapi Paha Belakang,kg,18/02/2026,125000
Jawa Tengah,Kab. Rembang,Daging Ayam Ras,kg,18/02/2026,39333
Jawa Tengah,Kab. Rembang,Telur Ayam Ras,kg,18/02/2026,31333
Jawa Tengah,Kab. Rembang,Tepung Terigu,kg,18/02/2026,11500
Jawa Tengah,Kab. Rembang,Kedelai Impor,kg,18/02/2026,11167
Jawa Tengah,Kab. Rembang,Cabai Merah Keriting,kg,18/02/2026,35000
Jawa Tengah,Kab. Rembang,Cabai Rawit Merah,kg,18/02/2026,88333
Jawa Tengah,Kab. Rembang,Cabai Merah Besar,kg,18/02/2026,61667
Jawa Tengah,Kab. Rembang,Bawang Merah,kg,18/02/2026,40667
Jawa Tengah,Kab. Rembang,Bawang Putih Honan,kg,18/02/2026,34000
Jawa Tengah,Kab. Pati,Beras Medium,kg,18/02/2026,13500
Jawa Tengah,Kab. Pati,Beras Premium,kg,18/02/2026,14650
Jawa Tengah,Kab. Pati,Gula Pasir Curah,kg,18/02/2026,17000
Jawa Tengah,Kab. Pati,Minyak Goreng Sawit Kemasan Premium,lt,18/02/2026,20000
Jawa Tengah,Kab. Pati,Minyak Goreng Sawit Curah,lt,18/02/2026,18000
Jawa Tengah,Kab. Pati,Minyakita,lt,18/02/2026,15700
Jawa Tengah,Kab. Pati,Daging Sapi Paha Belakang,kg,18/02/2026,120000
Jawa Tengah,Kab. Pati,Daging Ayam Ras,kg,18/02/2026,40000
Jawa Tengah,Kab. Pati,Telur Ayam Ras,kg,18/02/2026,30000
Jawa Tengah,Kab. Pati,Tepung Terigu,kg,18/02/2026,12500
Jawa Tengah,Kab. Pati,Kedelai Impor,kg,18/02/2026,10500
Jawa Tengah,Kab. Pati,Cabai Merah Keriting,kg,18/02/2026,34000
Jawa Tengah,Kab. Pati,Cabai Rawit Merah,kg,18/02/2026,85000
Jawa Tengah,Kab. Pati,Cabai Merah Besar,kg,18/02/2026,48000
Jawa Tengah,Kab. Pati,Bawang Merah,kg,18/02/2026,38000
Jawa Tengah,Kab. Pati,Bawang Putih Honan,kg,18/02/2026,34000
Jawa Tengah,Kab. Kudus,Beras Medium,kg,18/02/2026,13500
Jawa Tengah,Kab. Kudus,Beras Premium,kg,18/02/2026,14900
Jawa Tengah,Kab. Kudus,Gula Pasir Curah,kg,18/02/2026,16500
Jawa Tengah,Kab. Kudus,Minyak Goreng Sawit Kemasan Premium,lt,18/02/2026,20000
Jawa Tengah,Kab. Kudus,Minyak Goreng Sawit Curah,lt,18/02/2026,17000
Jawa Tengah,Kab. Kudus,Minyakita,lt,18/02/2026,15700
Jawa Tengah,Kab. Kudus,Daging Sapi Paha Belakang,kg,18/02/2026,125000
Jawa Tengah,Kab. Kudus,Daging Ayam Ras,kg,18/02/2026,36000
Jawa Tengah,Kab. Kudus,Telur Ayam Ras,kg,18/02/2026,29000
Jawa Tengah,Kab. Kudus,Tepung Terigu,kg,18/02/2026,12000
Jawa Tengah,Kab. Kudus,Kedelai Impor,kg,18/02/2026,11500
Jawa Tengah,Kab. Kudus,Cabai Merah Keriting,kg,18/02/2026,30000
Jawa Tengah,Kab. Kudus,Cabai Rawit Merah,kg,18/02/2026,75000
Jawa Tengah,Kab. Kudus,Cabai Merah Besar,kg,18/02/2026,40000
Jawa Tengah,Kab. Kudus,Bawang Merah,kg,18/02/2026,41000
Jawa Tengah,Kab. Kudus,Bawang Putih Honan,kg,18/02/2026,0
Jawa Tengah,Kab. Jepara,Beras Medium,kg,18/02/2026,13000
Jawa Tengah,Kab. Jepara,Beras Premium,kg,18/02/2026,14900
Jawa Tengah,Kab. Jepara,Gula Pasir Curah,kg,18/02/2026,16500
Jawa Tengah,Kab. Jepara,Minyak Goreng Sawit Kemasan Premium,lt,18/02/2026,21000
Jawa Tengah,Kab. Jepara,Minyak Goreng Sawit Curah,lt,18/02/2026,17500
Jawa Tengah,Kab. Jepara,Minyakita,lt,18/02/2026,15500
Jawa Tengah,Kab. Jepara,Daging Sapi Paha Belakang,kg,18/02/2026,130000
Jawa Tengah,Kab. Jepara,Daging Ayam Ras,kg,18/02/2026,40000
Jawa Tengah,Kab. Jepara,Telur Ayam Ras,kg,18/02/2026,29000
Jawa Tengah,Kab. Jepara,Tepung Terigu,kg,18/02/2026,12000
Jawa Tengah,Kab. Jepara,Kedelai Impor,kg,18/02/2026,10500
Jawa Tengah,Kab. Jepara,Cabai Merah Keriting,kg,18/02/2026,38000
Jawa Tengah,Kab. Jepara,Cabai Rawit Merah,kg,18/02/2026,80000
Jawa Tengah,Kab. Jepara,Cabai Merah Besar,kg,18/02/2026,40000
Jawa Tengah,Kab. Jepara,Bawang Merah,kg,18/02/2026,40000
Jawa Tengah,Kab. Jepara,Bawang Putih Honan,kg,18/02/2026,32000
Jawa Tengah,Kab. Demak,Beras Medium,kg,18/02/2026,12800
Jawa Tengah,Kab. Demak,Beras Premium,kg,18/02/2026,14250
Jawa Tengah,Kab. Demak,Gula Pasir Curah,kg,18/02/2026,16500
Jawa Tengah,Kab. Demak,Minyak Goreng Sawit Kemasan Premium,lt,18/02/2026,20250
Jawa Tengah,Kab. Demak,Minyak Goreng Sawit Curah,lt,18/02/2026,16167
Jawa Tengah,Kab. Demak,Minyakita,lt,18/02/2026,15350
Jawa Tengah,Kab. Demak,Daging Sapi Paha Belakang,kg,18/02/2026,130000
Jawa Tengah,Kab. Demak,Daging Ayam Ras,kg,18/02/2026,35000
Jawa Tengah,Kab. Demak,Telur Ayam Ras,kg,18/02/2026,28000
Jawa Tengah,Kab. Demak,Tepung Terigu,kg,18/02/2026,11250
Jawa Tengah,Kab. Demak,Kedelai Impor,kg,18/02/2026,10000
Jawa Tengah,Kab. Demak,Cabai Merah Keriting,kg,18/02/2026,30000
Jawa Tengah,Kab. Demak,Cabai Rawit Merah,kg,18/02/2026,38333
Jawa Tengah,Kab. Demak,Cabai Merah Besar,kg,18/02/2026,33333
Jawa Tengah,Kab. Demak,Bawang Merah,kg,18/02/2026,33667
Jawa Tengah,Kab. Demak,Bawang Putih Honan,kg,18/02/2026,30000
Jawa Tengah,Kab. Semarang,Beras Medium,kg,18/02/2026,13583
Jawa Tengah,Kab. Semarang,Beras Premium,kg,18/02/2026,15033
Jawa Tengah,Kab. Semarang,Gula Pasir Curah,kg,18/02/2026,17250
Jawa Tengah,Kab. Semarang,Minyak Goreng Sawit Kemasan Premium,lt,18/02/2026,21167
Jawa Tengah,Kab. Semarang,Minyak Goreng Sawit Curah,lt,18/02/2026,18450
Jawa Tengah,Kab. Semarang,Minyakita,lt,18/02/2026,15600
Jawa Tengah,Kab. Semarang,Daging Sapi Paha Belakang,kg,18/02/2026,136667
Jawa Tengah,Kab. Semarang,Daging Ayam Ras,kg,18/02/2026,37833
Jawa Tengah,Kab. Semarang,Telur Ayam Ras,kg,18/02/2026,30000
Jawa Tengah,Kab. Semarang,Tepung Terigu,kg,18/02/2026,12000
Jawa Tengah,Kab. Semarang,Kedelai Impor,kg,18/02/2026,9950
Jawa Tengah,Kab. Semarang,Cabai Merah Keriting,kg,18/02/2026,45000
Jawa Tengah,Kab. Semarang,Cabai Rawit Merah,kg,18/02/2026,85000
Jawa Tengah,Kab. Semarang,Cabai Merah Besar,kg,18/02/2026,40000
Jawa Tengah,Kab. Semarang,Bawang Merah,kg,18/02/2026,42500
Jawa Tengah,Kab. Semarang,Bawang Putih Honan,kg,18/02/2026,35000
Jawa Tengah,Kab. Temanggung,Beras Medium,kg,18/02/2026,13500
Jawa Tengah,Kab. Temanggung,Beras Premium,kg,18/02/2026,14800
Jawa Tengah,Kab. Temanggung,Gula Pasir Curah,kg,18/02/2026,16750
Jawa Tengah,Kab. Temanggung,Minyak Goreng Sawit Kemasan Premium,lt,18/02/2026,19000
Jawa Tengah,Kab. Temanggung,Minyak Goreng Sawit Curah,lt,18/02/2026,19000
Jawa Tengah,Kab. Temanggung,Minyakita,lt,18/02/2026,15700
Jawa Tengah,Kab. Temanggung,Daging Sapi Paha Belakang,kg,18/02/2026,135000
Jawa Tengah,Kab. Temanggung,Daging Ayam Ras,kg,18/02/2026,39000
Jawa Tengah,Kab. Temanggung,Telur Ayam Ras,kg,18/02/2026,29333
Jawa Tengah,Kab. Temanggung,Tepung Terigu,kg,18/02/2026,11750
Jawa Tengah,Kab. Temanggung,Kedelai Impor,kg,18/02/2026,9700
Jawa Tengah,Kab. Temanggung,Cabai Merah Keriting,kg,18/02/2026,42500
Jawa Tengah,Kab. Temanggung,Cabai Rawit Merah,kg,18/02/2026,95000
Jawa Tengah,Kab. Temanggung,Cabai Merah Besar,kg,18/02/2026,47500
Jawa Tengah,Kab. Temanggung,Bawang Merah,kg,18/02/2026,43000
Jawa Tengah,Kab. Temanggung,Bawang Putih Honan,kg,18/02/2026,36667
Jawa Tengah,Kab. Kendal,Beras Medium,kg,18/02/2026,13500
Jawa Tengah,Kab. Kendal,Beras Premium,kg,18/02/2026,14900
Jawa Tengah,Kab. Kendal,Gula Pasir Curah,kg,18/02/2026,17167
Jawa Tengah,Kab. Kendal,Minyak Goreng Sawit Kemasan Premium,lt,18/02/2026,21000
Jawa Tengah,Kab. Kendal,Minyak Goreng Sawit Curah,lt,18/02/2026,17550
Jawa Tengah,Kab. Kendal,Minyakita,lt,18/02/2026,15700
Jawa Tengah,Kab. Kendal,Daging Sapi Paha Belakang,kg,18/02/2026,135000
Jawa Tengah,Kab. Kendal,Daging Ayam Ras,kg,18/02/2026,40333
Jawa Tengah,Kab. Kendal,Telur Ayam Ras,kg,18/02/2026,29000
Jawa Tengah,Kab. Kendal,Tepung Terigu,kg,18/02/2026,11667
Jawa Tengah,Kab. Kendal,Kedelai Impor,kg,18/02/2026,9800
Jawa Tengah,Kab. Kendal,Cabai Merah Keriting,kg,18/02/2026,40333
Jawa Tengah,Kab. Kendal,Cabai Rawit Merah,kg,18/02/2026,74000
Jawa Tengah,Kab. Kendal,Cabai Merah Besar,kg,18/02/2026,38667
Jawa Tengah,Kab. Kendal,Bawang Merah,kg,18/02/2026,36333
Jawa Tengah,Kab. Kendal,Bawang Putih Honan,kg,18/02/2026,32000
Jawa Tengah,Kab. Batang,Beras Medium,kg,18/02/2026,13200
Jawa Tengah,Kab. Batang,Beras Premium,kg,18/02/2026,14700
Jawa Tengah,Kab. Batang,Gula Pasir Curah,kg,18/02/2026,16500
Jawa Tengah,Kab. Batang,Minyak Goreng Sawit Kemasan Premium,lt,18/02/2026,19500
Jawa Tengah,Kab. Batang,Minyak Goreng Sawit Curah,lt,18/02/2026,17100
Jawa Tengah,Kab. Batang,Minyakita,lt,18/02/2026,15700
Jawa Tengah,Kab. Batang,Daging Sapi Paha Belakang,kg,18/02/2026,125000
Jawa Tengah,Kab. Batang,Daging Ayam Ras,kg,18/02/2026,40000
Jawa Tengah,Kab. Batang,Telur Ayam Ras,kg,18/02/2026,30000
Jawa Tengah,Kab. Batang,Tepung Terigu,kg,18/02/2026,11500
Jawa Tengah,Kab. Batang,Kedelai Impor,kg,18/02/2026,10400
Jawa Tengah,Kab. Batang,Cabai Merah Keriting,kg,18/02/2026,38000
Jawa Tengah,Kab. Batang,Cabai Rawit Merah,kg,18/02/2026,68000
Jawa Tengah,Kab. Batang,Cabai Merah Besar,kg,18/02/2026,36000
Jawa Tengah,Kab. Batang,Bawang Merah,kg,18/02/2026,36000
Jawa Tengah,Kab. Batang,Bawang Putih Honan,kg,18/02/2026,32000
Jawa Tengah,Kab. Pekalongan,Beras Medium,kg,18/02/2026,13200
Jawa Tengah,Kab. Pekalongan,Beras Premium,kg,18/02/2026,14500
Jawa Tengah,Kab. Pekalongan,Gula Pasir Curah,kg,18/02/2026,17000
Jawa Tengah,Kab. Pekalongan,Minyak Goreng Sawit Kemasan Premium,lt,18/02/2026,21000
Jawa Tengah,Kab. Pekalongan,Minyak Goreng Sawit Curah,lt,18/02/2026,17550
Jawa Tengah,Kab. Pekalongan,Minyakita,lt,18/02/2026,15700
Jawa Tengah,Kab. Pekalongan,Daging Sapi Paha Belakang,kg,18/02/2026,140000
Jawa Tengah,Kab. Pekalongan,Daging Ayam Ras,kg,18/02/2026,42000
Jawa Tengah,Kab. Pekalongan,Telur Ayam Ras,kg,18/02/2026,30000
Jawa Tengah,Kab. Pekalongan,Tepung Terigu,kg,18/02/2026,12000
Jawa Tengah,Kab. Pekalongan,Kedelai Impor,kg,18/02/2026,9800
Jawa Tengah,Kab. Pekalongan,Cabai Merah Keriting,kg,18/02/2026,45000
Jawa Tengah,Kab. Pekalongan,Cabai Rawit Merah,kg,18/02/2026,83000
Jawa Tengah,Kab. Pekalongan,Cabai Merah Besar,kg,18/02/2026,30000
Jawa Tengah,Kab. Pekalongan,Bawang Merah,kg,18/02/2026,38000
Jawa Tengah,Kab. Pekalongan,Bawang Putih Honan,kg,18/02/2026,33000
Jawa Tengah,Kab. Pemalang,Beras Medium,kg,18/02/2026,13000
Jawa Tengah,Kab. Pemalang,Beras Premium,kg,18/02/2026,14800
Jawa Tengah,Kab. Pemalang,Gula Pasir Curah,kg,18/02/2026,17167
Jawa Tengah,Kab. Pemalang,Minyak Goreng Sawit Kemasan Premium,lt,18/02/2026,21000
Jawa Tengah,Kab. Pemalang,Minyak Goreng Sawit Curah,lt,18/02/2026,17167
Jawa Tengah,Kab. Pemalang,Minyakita,lt,18/02/2026,15700
Jawa Tengah,Kab. Pemalang,Daging Sapi Paha Belakang,kg,18/02/2026,130000
Jawa Tengah,Kab. Pemalang,Daging Ayam Ras,kg,18/02/2026,40000
Jawa Tengah,Kab. Pemalang,Telur Ayam Ras,kg,18/02/2026,30000
Jawa Tengah,Kab. Pemalang,Tepung Terigu,kg,18/02/2026,12000
Jawa Tengah,Kab. Pemalang,Kedelai Impor,kg,18/02/2026,11500
Jawa Tengah,Kab. Pemalang,Cabai Merah Keriting,kg,18/02/2026,42333
Jawa Tengah,Kab. Pemalang,Cabai Rawit Merah,kg,18/02/2026,61167
Jawa Tengah,Kab. Pemalang,Cabai Merah Besar,kg,18/02/2026,31333
Jawa Tengah,Kab. Pemalang,Bawang Merah,kg,18/02/2026,40333
Jawa Tengah,Kab. Pemalang,Bawang Putih Honan,kg,18/02/2026,33000
Jawa Tengah,Kab. Tegal,Beras Medium,kg,18/02/2026,13000
Jawa Tengah,Kab. Tegal,Beras Premium,kg,18/02/2026,14083
Jawa Tengah,Kab. Tegal,Gula Pasir Curah,kg,18/02/2026,16833
Jawa Tengah,Kab. Tegal,Minyak Goreng Sawit Kemasan Premium,lt,18/02/2026,20167
Jawa Tengah,Kab. Tegal,Minyak Goreng Sawit Curah,lt,18/02/2026,17833
Jawa Tengah,Kab. Tegal,Minyakita,lt,18/02/2026,15700
Jawa Tengah,Kab. Tegal,Daging Sapi Paha Belakang,kg,18/02/2026,138333
Jawa Tengah,Kab. Tegal,Daging Ayam Ras,kg,18/02/2026,42000
Jawa Tengah,Kab. Tegal,Telur Ayam Ras,kg,18/02/2026,30333
Jawa Tengah,Kab. Tegal,Tepung Terigu,kg,18/02/2026,11000
Jawa Tengah,Kab. Tegal,Kedelai Impor,kg,18/02/2026,9983
Jawa Tengah,Kab. Tegal,Cabai Merah Keriting,kg,18/02/2026,41000
Jawa Tengah,Kab. Tegal,Cabai Rawit Merah,kg,18/02/2026,77500
Jawa Tengah,Kab. Tegal,Cabai Merah Besar,kg,18/02/2026,31000
Jawa Tengah,Kab. Tegal,Bawang Merah,kg,18/02/2026,39333
Jawa Tengah,Kab. Tegal,Bawang Putih Honan,kg,18/02/2026,31667
Jawa Tengah,Kab. Brebes,Beras Medium,kg,18/02/2026,13500
Jawa Tengah,Kab. Brebes,Beras Premium,kg,18/02/2026,14833
Jawa Tengah,Kab. Brebes,Gula Pasir Curah,kg,18/02/2026,17000
Jawa Tengah,Kab. Brebes,Minyak Goreng Sawit Kemasan Premium,lt,18/02/2026,21333
Jawa Tengah,Kab. Brebes,Minyak Goreng Sawit Curah,lt,18/02/2026,18500
Jawa Tengah,Kab. Brebes,Minyakita,lt,18/02/2026,15700
Jawa Tengah,Kab. Brebes,Daging Sapi Paha Belakang,kg,18/02/2026,145000
Jawa Tengah,Kab. Brebes,Daging Ayam Ras,kg,18/02/2026,40000
Jawa Tengah,Kab. Brebes,Telur Ayam Ras,kg,18/02/2026,31000
Jawa Tengah,Kab. Brebes,Tepung Terigu,kg,18/02/2026,12000
Jawa Tengah,Kab. Brebes,Kedelai Impor,kg,18/02/2026,0
Jawa Tengah,Kab. Brebes,Cabai Merah Keriting,kg,18/02/2026,39333
Jawa Tengah,Kab. Brebes,Cabai Rawit Merah,kg,18/02/2026,90000
Jawa Tengah,Kab. Brebes,Cabai Merah Besar,kg,18/02/2026,38000
Jawa Tengah,Kab. Brebes,Bawang Merah,kg,18/02/2026,38000
Jawa Tengah,Kab. Brebes,Bawang Putih Honan,kg,18/02/2026,35000
Jawa Tengah,Kota Magelang,Beras Medium,kg,18/02/2026,13500
Jawa Tengah,Kota Magelang,Beras Premium,kg,18/02/2026,14833
Jawa Tengah,Kota Magelang,Gula Pasir Curah,kg,18/02/2026,16833
Jawa Tengah,Kota Magelang,Minyak Goreng Sawit Kemasan Premium,lt,18/02/2026,20333
Jawa Tengah,Kota Magelang,Minyak Goreng Sawit Curah,lt,18/02/2026,16500
Jawa Tengah,Kota Magelang,Minyakita,lt,18/02/2026,15700
Jawa Tengah,Kota Magelang,Daging Sapi Paha Belakang,kg,18/02/2026,135000
Jawa Tengah,Kota Magelang,Daging Ayam Ras,kg,18/02/2026,39333
Jawa Tengah,Kota Magelang,Telur Ayam Ras,kg,18/02/2026,28667
Jawa Tengah,Kota Magelang,Tepung Terigu,kg,18/02/2026,12000
Jawa Tengah,Kota Magelang,Kedelai Impor,kg,18/02/2026,11000
Jawa Tengah,Kota Magelang,Cabai Merah Keriting,kg,18/02/2026,46000
Jawa Tengah,Kota Magelang,Cabai Rawit Merah,kg,18/02/2026,78667
Jawa Tengah,Kota Magelang,Cabai Merah Besar,kg,18/02/2026,48667
Jawa Tengah,Kota Magelang,Bawang Merah,kg,18/02/2026,39333
Jawa Tengah,Kota Magelang,Bawang Putih Honan,kg,18/02/2026,34667
Jawa Tengah,Kota Surakarta,Beras Medium,kg,18/02/2026,13500
Jawa Tengah,Kota Surakarta,Beras Premium,kg,18/02/2026,15750
Jawa Tengah,Kota Surakarta,Gula Pasir Curah,kg,18/02/2026,17000
Jawa Tengah,Kota Surakarta,Minyak Goreng Sawit Kemasan Premium,lt,18/02/2026,21000
Jawa Tengah,Kota Surakarta,Minyak Goreng Sawit Curah,lt,18/02/2026,20000
Jawa Tengah,Kota Surakarta,Minyakita,lt,18/02/2026,15700
Jawa Tengah,Kota Surakarta,Daging Sapi Paha Belakang,kg,18/02/2026,135000
Jawa Tengah,Kota Surakarta,Daging Ayam Ras,kg,18/02/2026,40000
Jawa Tengah,Kota Surakarta,Telur Ayam Ras,kg,18/02/2026,29000
Jawa Tengah,Kota Surakarta,Tepung Terigu,kg,18/02/2026,11250
Jawa Tengah,Kota Surakarta,Kedelai Impor,kg,18/02/2026,12000
Jawa Tengah,Kota Surakarta,Cabai Merah Keriting,kg,18/02/2026,35000
Jawa Tengah,Kota Surakarta,Cabai Rawit Merah,kg,18/02/2026,80000
Jawa Tengah,Kota Surakarta,Cabai Merah Besar,kg,18/02/2026,25000
Jawa Tengah,Kota Surakarta,Bawang Merah,kg,18/02/2026,37000
Jawa Tengah,Kota Surakarta,Bawang Putih Honan,kg,18/02/2026,28000
Jawa Tengah,Kota Salatiga,Beras Medium,kg,18/02/2026,13400
Jawa Tengah,Kota Salatiga,Beras Premium,kg,18/02/2026,14267
Jawa Tengah,Kota Salatiga,Gula Pasir Curah,kg,18/02/2026,17500
Jawa Tengah,Kota Salatiga,Minyak Goreng Sawit Kemasan Premium,lt,18/02/2026,22000
Jawa Tengah,Kota Salatiga,Minyak Goreng Sawit Curah,lt,18/02/2026,17100
Jawa Tengah,Kota Salatiga,Minyakita,lt,18/02/2026,15700
Jawa Tengah,Kota Salatiga,Daging Sapi Paha Belakang,kg,18/02/2026,120000
Jawa Tengah,Kota Salatiga,Daging Ayam Ras,kg,18/02/2026,40000
Jawa Tengah,Kota Salatiga,Telur Ayam Ras,kg,18/02/2026,29000
Jawa Tengah,Kota Salatiga,Tepung Terigu,kg,18/02/2026,12000
Jawa Tengah,Kota Salatiga,Kedelai Impor,kg,18/02/2026,12000
Jawa Tengah,Kota Salatiga,Cabai Merah Keriting,kg,18/02/2026,36667
Jawa Tengah,Kota Salatiga,Cabai Rawit Merah,kg,18/02/2026,76667
Jawa Tengah,Kota Salatiga,Cabai Merah Besar,kg,18/02/2026,36667
Jawa Tengah,Kota Salatiga,Bawang Merah,kg,18/02/2026,41667
Jawa Tengah,Kota Salatiga,Bawang Putih Honan,kg,18/02/2026,31667
Jawa Tengah,Kota Semarang,Beras Medium,kg,18/02/2026,13917
Jawa Tengah,Kota Semarang,Beras Premium,kg,18/02/2026,15292
Jawa Tengah,Kota Semarang,Gula Pasir Curah,kg,18/02/2026,17000
Jawa Tengah,Kota Semarang,Minyak Goreng Sawit Kemasan Premium,lt,18/02/2026,21333
Jawa Tengah,Kota Semarang,Minyak Goreng Sawit Curah,lt,18/02/2026,19917
Jawa Tengah,Kota Semarang,Minyakita,lt,18/02/2026,15700
Jawa Tengah,Kota Semarang,Daging Sapi Paha Belakang,kg,18/02/2026,130000
Jawa Tengah,Kota Semarang,Daging Ayam Ras,kg,18/02/2026,41000
Jawa Tengah,Kota Semarang,Telur Ayam Ras,kg,18/02/2026,30000
Jawa Tengah,Kota Semarang,Tepung Terigu,kg,18/02/2026,11750
Jawa Tengah,Kota Semarang,Kedelai Impor,kg,18/02/2026,0
Jawa Tengah,Kota Semarang,Cabai Merah Keriting,kg,18/02/2026,35833
Jawa Tengah,Kota Semarang,Cabai Rawit Merah,kg,18/02/2026,74167
Jawa Tengah,Kota Semarang,Cabai Merah Besar,kg,18/02/2026,37500
Jawa Tengah,Kota Semarang,Bawang Merah,kg,18/02/2026,40833
Jawa Tengah,Kota Semarang,Bawang Putih Honan,kg,18/02/2026,0
Jawa Tengah,Kota Pekalongan,Beras Medium,kg,18/02/2026,13500
Jawa Tengah,Kota Pekalongan,Beras Premium,kg,18/02/2026,14900
Jawa Tengah,Kota Pekalongan,Gula Pasir Curah,kg,18/02/2026,17000
Jawa Tengah,Kota Pekalongan,Minyak Goreng Sawit Kemasan Premium,lt,18/02/2026,21000
Jawa Tengah,Kota Pekalongan,Minyak Goreng Sawit Curah,lt,18/02/2026,18000
Jawa Tengah,Kota Pekalongan,Minyakita,lt,18/02/2026,15700
Jawa Tengah,Kota Pekalongan,Daging Sapi Paha Belakang,kg,18/02/2026,120000
Jawa Tengah,Kota Pekalongan,Daging Ayam Ras,kg,18/02/2026,40000
Jawa Tengah,Kota Pekalongan,Telur Ayam Ras,kg,18/02/2026,29500
Jawa Tengah,Kota Pekalongan,Tepung Terigu,kg,18/02/2026,11000
Jawa Tengah,Kota Pekalongan,Kedelai Impor,kg,18/02/2026,10000
Jawa Tengah,Kota Pekalongan,Cabai Merah Keriting,kg,18/02/2026,36000
Jawa Tengah,Kota Pekalongan,Cabai Rawit Merah,kg,18/02/2026,70000
Jawa Tengah,Kota Pekalongan,Cabai Merah Besar,kg,18/02/2026,30000
Jawa Tengah,Kota Pekalongan,Bawang Merah,kg,18/02/2026,40000
Jawa Tengah,Kota Pekalongan,Bawang Putih Honan,kg,18/02/2026,0
Jawa Tengah,Kota Tegal,Beras Medium,kg,18/02/2026,13250
Jawa Tengah,Kota Tegal,Beras Premium,kg,18/02/2026,14900
Jawa Tengah,Kota Tegal,Gula Pasir Curah,kg,18/02/2026,17167
Jawa Tengah,Kota Tegal,Minyak Goreng Sawit Kemasan Premium,lt,18/02/2026,21500
Jawa Tengah,Kota Tegal,Minyak Goreng Sawit Curah,lt,18/02/2026,17700
Jawa Tengah,Kota Tegal,Minyakita,lt,18/02/2026,15700
Jawa Tengah,Kota Tegal,Daging Sapi Paha Belakang,kg,18/02/2026,140000
Jawa Tengah,Kota Tegal,Daging Ayam Ras,kg,18/02/2026,42500
Jawa Tengah,Kota Tegal,Telur Ayam Ras,kg,18/02/2026,30500
Jawa Tengah,Kota Tegal,Tepung Terigu,kg,18/02/2026,11833
Jawa Tengah,Kota Tegal,Kedelai Impor,kg,18/02/2026,10500
Jawa Tengah,Kota Tegal,Cabai Merah Keriting,kg,18/02/2026,45000
Jawa Tengah,Kota Tegal,Cabai Rawit Merah,kg,18/02/2026,86667
Jawa Tengah,Kota Tegal,Cabai Merah Besar,kg,18/02/2026,35000
Jawa Tengah,Kota Tegal,Bawang Merah,kg,18/02/2026,40000
Jawa Tengah,Kota Tegal,Bawang Putih Honan,kg,18/02/2026,34667
Jawa Tengah,Kab. Cilacap,Beras Medium,kg,19/02/2026,13500
Jawa Tengah,Kab. Cilacap,Beras Premium,kg,19/02/2026,14500
Jawa Tengah,Kab. Cilacap,Gula Pasir Curah,kg,19/02/2026,17333
Jawa Tengah,Kab. Cilacap,Minyak Goreng Sawit Kemasan Premium,lt,19/02/2026,22000
Jawa Tengah,Kab. Cilacap,Minyak Goreng Sawit Curah,lt,19/02/2026,18000
Jawa Tengah,Kab. Cilacap,Minyakita,lt,19/02/2026,15700
Jawa Tengah,Kab. Cilacap,Daging Sapi Paha Belakang,kg,19/02/2026,140000
Jawa Tengah,Kab. Cilacap,Daging Ayam Ras,kg,19/02/2026,42000
Jawa Tengah,Kab. Cilacap,Telur Ayam Ras,kg,19/02/2026,31000
Jawa Tengah,Kab. Cilacap,Tepung Terigu,kg,19/02/2026,12000
Jawa Tengah,Kab. Cilacap,Kedelai Impor,kg,19/02/2026,11667
Jawa Tengah,Kab. Cilacap,Cabai Merah Keriting,kg,19/02/2026,38667
Jawa Tengah,Kab. Cilacap,Cabai Rawit Merah,kg,19/02/2026,80667
Jawa Tengah,Kab. Cilacap,Cabai Merah Besar,kg,19/02/2026,37000
Jawa Tengah,Kab. Cilacap,Bawang Merah,kg,19/02/2026,38000
Jawa Tengah,Kab. Cilacap,Bawang Putih Honan,kg,19/02/2026,34333
Jawa Tengah,Kab. Banyumas,Beras Medium,kg,19/02/2026,13250
Jawa Tengah,Kab. Banyumas,Beras Premium,kg,19/02/2026,14900
Jawa Tengah,Kab. Banyumas,Gula Pasir Curah,kg,19/02/2026,16833
Jawa Tengah,Kab. Banyumas,Minyak Goreng Sawit Kemasan Premium,lt,19/02/2026,21000
Jawa Tengah,Kab. Banyumas,Minyak Goreng Sawit Curah,lt,19/02/2026,18000
Jawa Tengah,Kab. Banyumas,Minyakita,lt,19/02/2026,15700
Jawa Tengah,Kab. Banyumas,Daging Sapi Paha Belakang,kg,19/02/2026,133333
Jawa Tengah,Kab. Banyumas,Daging Ayam Ras,kg,19/02/2026,40000
Jawa Tengah,Kab. Banyumas,Telur Ayam Ras,kg,19/02/2026,30000
Jawa Tengah,Kab. Banyumas,Tepung Terigu,kg,19/02/2026,12000
Jawa Tengah,Kab. Banyumas,Kedelai Impor,kg,19/02/2026,10000
Jawa Tengah,Kab. Banyumas,Cabai Merah Keriting,kg,19/02/2026,36000
Jawa Tengah,Kab. Banyumas,Cabai Rawit Merah,kg,19/02/2026,74000
Jawa Tengah,Kab. Banyumas,Cabai Merah Besar,kg,19/02/2026,31667
Jawa Tengah,Kab. Banyumas,Bawang Merah,kg,19/02/2026,40000
Jawa Tengah,Kab. Banyumas,Bawang Putih Honan,kg,19/02/2026,30000
Jawa Tengah,Kab. Purbalingga,Beras Medium,kg,19/02/2026,13000
Jawa Tengah,Kab. Purbalingga,Beras Premium,kg,19/02/2026,14200
Jawa Tengah,Kab. Purbalingga,Gula Pasir Curah,kg,19/02/2026,17000
Jawa Tengah,Kab. Purbalingga,Minyak Goreng Sawit Kemasan Premium,lt,19/02/2026,21000
Jawa Tengah,Kab. Purbalingga,Minyak Goreng Sawit Curah,lt,19/02/2026,17730
Jawa Tengah,Kab. Purbalingga,Minyakita,lt,19/02/2026,15700
Jawa Tengah,Kab. Purbalingga,Daging Sapi Paha Belakang,kg,19/02/2026,139000
Jawa Tengah,Kab. Purbalingga,Daging Ayam Ras,kg,19/02/2026,41000
Jawa Tengah,Kab. Purbalingga,Telur Ayam Ras,kg,19/02/2026,31000
Jawa Tengah,Kab. Purbalingga,Tepung Terigu,kg,19/02/2026,12000
Jawa Tengah,Kab. Purbalingga,Kedelai Impor,kg,19/02/2026,9800
Jawa Tengah,Kab. Purbalingga,Cabai Merah Keriting,kg,19/02/2026,45000
Jawa Tengah,Kab. Purbalingga,Cabai Rawit Merah,kg,19/02/2026,88000
Jawa Tengah,Kab. Purbalingga,Cabai Merah Besar,kg,19/02/2026,31000
Jawa Tengah,Kab. Purbalingga,Bawang Merah,kg,19/02/2026,44000
Jawa Tengah,Kab. Purbalingga,Bawang Putih Honan,kg,19/02/2026,33000
Jawa Tengah,Kab. Banjarnegara,Beras Medium,kg,19/02/2026,13333
Jawa Tengah,Kab. Banjarnegara,Beras Premium,kg,19/02/2026,14533
Jawa Tengah,Kab. Banjarnegara,Gula Pasir Curah,kg,19/02/2026,17000
Jawa Tengah,Kab. Banjarnegara,Minyak Goreng Sawit Kemasan Premium,lt,19/02/2026,20666
Jawa Tengah,Kab. Banjarnegara,Minyak Goreng Sawit Curah,lt,19/02/2026,18450
Jawa Tengah,Kab. Banjarnegara,Minyakita,lt,19/02/2026,15700
Jawa Tengah,Kab. Banjarnegara,Daging Sapi Paha Belakang,kg,19/02/2026,135000
Jawa Tengah,Kab. Banjarnegara,Daging Ayam Ras,kg,19/02/2026,40000
Jawa Tengah,Kab. Banjarnegara,Telur Ayam Ras,kg,19/02/2026,30000
Jawa Tengah,Kab. Banjarnegara,Tepung Terigu,kg,19/02/2026,11666
Jawa Tengah,Kab. Banjarnegara,Kedelai Impor,kg,19/02/2026,10433
Jawa Tengah,Kab. Banjarnegara,Cabai Merah Keriting,kg,19/02/2026,50000
Jawa Tengah,Kab. Banjarnegara,Cabai Rawit Merah,kg,19/02/2026,80000
Jawa Tengah,Kab. Banjarnegara,Cabai Merah Besar,kg,19/02/2026,0
Jawa Tengah,Kab. Banjarnegara,Bawang Merah,kg,19/02/2026,40000
Jawa Tengah,Kab. Banjarnegara,Bawang Putih Honan,kg,19/02/2026,33666
Jawa Tengah,Kab. Kebumen,Beras Medium,kg,19/02/2026,12250
Jawa Tengah,Kab. Kebumen,Beras Premium,kg,19/02/2026,14450
Jawa Tengah,Kab. Kebumen,Gula Pasir Curah,kg,19/02/2026,16000
Jawa Tengah,Kab. Kebumen,Minyak Goreng Sawit Kemasan Premium,lt,19/02/2026,20500
Jawa Tengah,Kab. Kebumen,Minyak Goreng Sawit Curah,lt,19/02/2026,17500
Jawa Tengah,Kab. Kebumen,Minyakita,lt,19/02/2026,15700
Jawa Tengah,Kab. Kebumen,Daging Sapi Paha Belakang,kg,19/02/2026,120000
Jawa Tengah,Kab. Kebumen,Daging Ayam Ras,kg,19/02/2026,33750
Jawa Tengah,Kab. Kebumen,Telur Ayam Ras,kg,19/02/2026,28500
Jawa Tengah,Kab. Kebumen,Tepung Terigu,kg,19/02/2026,11000
Jawa Tengah,Kab. Kebumen,Kedelai Impor,kg,19/02/2026,9500
Jawa Tengah,Kab. Kebumen,Cabai Merah Keriting,kg,19/02/2026,31167
Jawa Tengah,Kab. Kebumen,Cabai Rawit Merah,kg,19/02/2026,40167
Jawa Tengah,Kab. Kebumen,Cabai Merah Besar,kg,19/02/2026,31667
Jawa Tengah,Kab. Kebumen,Bawang Merah,kg,19/02/2026,35000
Jawa Tengah,Kab. Kebumen,Bawang Putih Honan,kg,19/02/2026,0
Jawa Tengah,Kab. Purworejo,Beras Medium,kg,19/02/2026,12800
Jawa Tengah,Kab. Purworejo,Beras Premium,kg,19/02/2026,14500
Jawa Tengah,Kab. Purworejo,Gula Pasir Curah,kg,19/02/2026,17333
Jawa Tengah,Kab. Purworejo,Minyak Goreng Sawit Kemasan Premium,lt,19/02/2026,20333
Jawa Tengah,Kab. Purworejo,Minyak Goreng Sawit Curah,lt,19/02/2026,17400
Jawa Tengah,Kab. Purworejo,Minyakita,lt,19/02/2026,15700
Jawa Tengah,Kab. Purworejo,Daging Sapi Paha Belakang,kg,19/02/2026,135500
Jawa Tengah,Kab. Purworejo,Daging Ayam Ras,kg,19/02/2026,40000
Jawa Tengah,Kab. Purworejo,Telur Ayam Ras,kg,19/02/2026,31000
Jawa Tengah,Kab. Purworejo,Tepung Terigu,kg,19/02/2026,11333
Jawa Tengah,Kab. Purworejo,Kedelai Impor,kg,19/02/2026,10000
Jawa Tengah,Kab. Purworejo,Cabai Merah Keriting,kg,19/02/2026,39333
Jawa Tengah,Kab. Purworejo,Cabai Rawit Merah,kg,19/02/2026,80667
Jawa Tengah,Kab. Purworejo,Cabai Merah Besar,kg,19/02/2026,38667
Jawa Tengah,Kab. Purworejo,Bawang Merah,kg,19/02/2026,41667
Jawa Tengah,Kab. Purworejo,Bawang Putih Honan,kg,19/02/2026,34000
Jawa Tengah,Kab. Wonosobo,Beras Medium,kg,19/02/2026,13000
Jawa Tengah,Kab. Wonosobo,Beras Premium,kg,19/02/2026,14867
Jawa Tengah,Kab. Wonosobo,Gula Pasir Curah,kg,19/02/2026,16933
Jawa Tengah,Kab. Wonosobo,Minyak Goreng Sawit Kemasan Premium,lt,19/02/2026,21500
Jawa Tengah,Kab. Wonosobo,Minyak Goreng Sawit Curah,lt,19/02/2026,16933
Jawa Tengah,Kab. Wonosobo,Minyakita,lt,19/02/2026,15700
Jawa Tengah,Kab. Wonosobo,Daging Sapi Paha Belakang,kg,19/02/2026,135000
Jawa Tengah,Kab. Wonosobo,Daging Ayam Ras,kg,19/02/2026,38000
Jawa Tengah,Kab. Wonosobo,Telur Ayam Ras,kg,19/02/2026,29667
Jawa Tengah,Kab. Wonosobo,Tepung Terigu,kg,19/02/2026,11500
Jawa Tengah,Kab. Wonosobo,Kedelai Impor,kg,19/02/2026,9400
Jawa Tengah,Kab. Wonosobo,Cabai Merah Keriting,kg,19/02/2026,46667
Jawa Tengah,Kab. Wonosobo,Cabai Rawit Merah,kg,19/02/2026,76667
Jawa Tengah,Kab. Wonosobo,Cabai Merah Besar,kg,19/02/2026,0
Jawa Tengah,Kab. Wonosobo,Bawang Merah,kg,19/02/2026,38000
Jawa Tengah,Kab. Wonosobo,Bawang Putih Honan,kg,19/02/2026,35000
Jawa Tengah,Kab. Magelang,Beras Medium,kg,19/02/2026,13400
Jawa Tengah,Kab. Magelang,Beras Premium,kg,19/02/2026,14900
Jawa Tengah,Kab. Magelang,Gula Pasir Curah,kg,19/02/2026,17000
Jawa Tengah,Kab. Magelang,Minyak Goreng Sawit Kemasan Premium,lt,19/02/2026,20000
Jawa Tengah,Kab. Magelang,Minyak Goreng Sawit Curah,lt,19/02/2026,17800
Jawa Tengah,Kab. Magelang,Minyakita,lt,19/02/2026,15700
Jawa Tengah,Kab. Magelang,Daging Sapi Paha Belakang,kg,19/02/2026,138000
Jawa Tengah,Kab. Magelang,Daging Ayam Ras,kg,19/02/2026,38000
Jawa Tengah,Kab. Magelang,Telur Ayam Ras,kg,19/02/2026,29000
Jawa Tengah,Kab. Magelang,Tepung Terigu,kg,19/02/2026,11500
Jawa Tengah,Kab. Magelang,Kedelai Impor,kg,19/02/2026,11700
Jawa Tengah,Kab. Magelang,Cabai Merah Keriting,kg,19/02/2026,35000
Jawa Tengah,Kab. Magelang,Cabai Rawit Merah,kg,19/02/2026,70000
Jawa Tengah,Kab. Magelang,Cabai Merah Besar,kg,19/02/2026,40000
Jawa Tengah,Kab. Magelang,Bawang Merah,kg,19/02/2026,38000
Jawa Tengah,Kab. Magelang,Bawang Putih Honan,kg,19/02/2026,34000
Jawa Tengah,Kab. Boyolali,Beras Medium,kg,19/02/2026,13000
Jawa Tengah,Kab. Boyolali,Beras Premium,kg,19/02/2026,14867
Jawa Tengah,Kab. Boyolali,Gula Pasir Curah,kg,19/02/2026,16500
Jawa Tengah,Kab. Boyolali,Minyak Goreng Sawit Kemasan Premium,lt,19/02/2026,21000
Jawa Tengah,Kab. Boyolali,Minyak Goreng Sawit Curah,lt,19/02/2026,17500
Jawa Tengah,Kab. Boyolali,Minyakita,lt,19/02/2026,15700
Jawa Tengah,Kab. Boyolali,Daging Sapi Paha Belakang,kg,19/02/2026,130000
Jawa Tengah,Kab. Boyolali,Daging Ayam Ras,kg,19/02/2026,40000
Jawa Tengah,Kab. Boyolali,Telur Ayam Ras,kg,19/02/2026,30000
Jawa Tengah,Kab. Boyolali,Tepung Terigu,kg,19/02/2026,11667
Jawa Tengah,Kab. Boyolali,Kedelai Impor,kg,19/02/2026,11667
Jawa Tengah,Kab. Boyolali,Cabai Merah Keriting,kg,19/02/2026,43333
Jawa Tengah,Kab. Boyolali,Cabai Rawit Merah,kg,19/02/2026,91667
Jawa Tengah,Kab. Boyolali,Cabai Merah Besar,kg,19/02/2026,40000
Jawa Tengah,Kab. Boyolali,Bawang Merah,kg,19/02/2026,39333
Jawa Tengah,Kab. Boyolali,Bawang Putih Honan,kg,19/02/2026,33000
Jawa Tengah,Kab. Klaten,Beras Medium,kg,19/02/2026,13500
Jawa Tengah,Kab. Klaten,Beras Premium,kg,19/02/2026,14900
Jawa Tengah,Kab. Klaten,Gula Pasir Curah,kg,19/02/2026,17500
Jawa Tengah,Kab. Klaten,Minyak Goreng Sawit Kemasan Premium,lt,19/02/2026,21000
Jawa Tengah,Kab. Klaten,Minyak Goreng Sawit Curah,lt,19/02/2026,17500
Jawa Tengah,Kab. Klaten,Minyakita,lt,19/02/2026,15700
Jawa Tengah,Kab. Klaten,Daging Sapi Paha Belakang,kg,19/02/2026,125000
Jawa Tengah,Kab. Klaten,Daging Ayam Ras,kg,19/02/2026,38000
Jawa Tengah,Kab. Klaten,Telur Ayam Ras,kg,19/02/2026,29000
Jawa Tengah,Kab. Klaten,Tepung Terigu,kg,19/02/2026,11333
Jawa Tengah,Kab. Klaten,Kedelai Impor,kg,19/02/2026,10333
Jawa Tengah,Kab. Klaten,Cabai Merah Keriting,kg,19/02/2026,38000
Jawa Tengah,Kab. Klaten,Cabai Rawit Merah,kg,19/02/2026,80000
Jawa Tengah,Kab. Klaten,Cabai Merah Besar,kg,19/02/2026,40000
Jawa Tengah,Kab. Klaten,Bawang Merah,kg,19/02/2026,40000
Jawa Tengah,Kab. Klaten,Bawang Putih Honan,kg,19/02/2026,30000
Jawa Tengah,Kab. Sukoharjo,Beras Medium,kg,19/02/2026,13000
Jawa Tengah,Kab. Sukoharjo,Beras Premium,kg,19/02/2026,14500
Jawa Tengah,Kab. Sukoharjo,Gula Pasir Curah,kg,19/02/2026,17000
Jawa Tengah,Kab. Sukoharjo,Minyak Goreng Sawit Kemasan Premium,lt,19/02/2026,20667
Jawa Tengah,Kab. Sukoharjo,Minyak Goreng Sawit Curah,lt,19/02/2026,17000
Jawa Tengah,Kab. Sukoharjo,Minyakita,lt,19/02/2026,15700
Jawa Tengah,Kab. Sukoharjo,Daging Sapi Paha Belakang,kg,19/02/2026,125000
Jawa Tengah,Kab. Sukoharjo,Daging Ayam Ras,kg,19/02/2026,41000
Jawa Tengah,Kab. Sukoharjo,Telur Ayam Ras,kg,19/02/2026,29000
Jawa Tengah,Kab. Sukoharjo,Tepung Terigu,kg,19/02/2026,12000
Jawa Tengah,Kab. Sukoharjo,Kedelai Impor,kg,19/02/2026,10000
Jawa Tengah,Kab. Sukoharjo,Cabai Merah Keriting,kg,19/02/2026,38333
Jawa Tengah,Kab. Sukoharjo,Cabai Rawit Merah,kg,19/02/2026,88333
Jawa Tengah,Kab. Sukoharjo,Cabai Merah Besar,kg,19/02/2026,31667
Jawa Tengah,Kab. Sukoharjo,Bawang Merah,kg,19/02/2026,40000
Jawa Tengah,Kab. Sukoharjo,Bawang Putih Honan,kg,19/02/2026,32667
Jawa Tengah,Kab. Wonogiri,Beras Medium,kg,19/02/2026,13583
Jawa Tengah,Kab. Wonogiri,Beras Premium,kg,19/02/2026,14500
Jawa Tengah,Kab. Wonogiri,Gula Pasir Curah,kg,19/02/2026,17000
Jawa Tengah,Kab. Wonogiri,Minyak Goreng Sawit Kemasan Premium,lt,19/02/2026,21000
Jawa Tengah,Kab. Wonogiri,Minyak Goreng Sawit Curah,lt,19/02/2026,19500
Jawa Tengah,Kab. Wonogiri,Minyakita,lt,19/02/2026,15700
Jawa Tengah,Kab. Wonogiri,Daging Sapi Paha Belakang,kg,19/02/2026,130000
Jawa Tengah,Kab. Wonogiri,Daging Ayam Ras,kg,19/02/2026,40667
Jawa Tengah,Kab. Wonogiri,Telur Ayam Ras,kg,19/02/2026,29667
Jawa Tengah,Kab. Wonogiri,Tepung Terigu,kg,19/02/2026,11833
Jawa Tengah,Kab. Wonogiri,Kedelai Impor,kg,19/02/2026,11167
Jawa Tengah,Kab. Wonogiri,Cabai Merah Keriting,kg,19/02/2026,36000
Jawa Tengah,Kab. Wonogiri,Cabai Rawit Merah,kg,19/02/2026,85333
Jawa Tengah,Kab. Wonogiri,Cabai Merah Besar,kg,19/02/2026,25667
Jawa Tengah,Kab. Wonogiri,Bawang Merah,kg,19/02/2026,41333
Jawa Tengah,Kab. Wonogiri,Bawang Putih Honan,kg,19/02/2026,0
Jawa Tengah,Kab. Karanganyar,Beras Medium,kg,19/02/2026,13000
Jawa Tengah,Kab. Karanganyar,Beras Premium,kg,19/02/2026,14667
Jawa Tengah,Kab. Karanganyar,Gula Pasir Curah,kg,19/02/2026,16500
Jawa Tengah,Kab. Karanganyar,Minyak Goreng Sawit Kemasan Premium,lt,19/02/2026,20000
Jawa Tengah,Kab. Karanganyar,Minyak Goreng Sawit Curah,lt,19/02/2026,19000
Jawa Tengah,Kab. Karanganyar,Minyakita,lt,19/02/2026,15500
Jawa Tengah,Kab. Karanganyar,Daging Sapi Paha Belakang,kg,19/02/2026,125000
Jawa Tengah,Kab. Karanganyar,Daging Ayam Ras,kg,19/02/2026,40000
Jawa Tengah,Kab. Karanganyar,Telur Ayam Ras,kg,19/02/2026,30000
Jawa Tengah,Kab. Karanganyar,Tepung Terigu,kg,19/02/2026,12000
Jawa Tengah,Kab. Karanganyar,Kedelai Impor,kg,19/02/2026,9600
Jawa Tengah,Kab. Karanganyar,Cabai Merah Keriting,kg,19/02/2026,40000
Jawa Tengah,Kab. Karanganyar,Cabai Rawit Merah,kg,19/02/2026,90000
Jawa Tengah,Kab. Karanganyar,Cabai Merah Besar,kg,19/02/2026,40000
Jawa Tengah,Kab. Karanganyar,Bawang Merah,kg,19/02/2026,40000
Jawa Tengah,Kab. Karanganyar,Bawang Putih Honan,kg,19/02/2026,30000
Jawa Tengah,Kab. Sragen,Beras Medium,kg,19/02/2026,13400
Jawa Tengah,Kab. Sragen,Beras Premium,kg,19/02/2026,14400
Jawa Tengah,Kab. Sragen,Gula Pasir Curah,kg,19/02/2026,16750
Jawa Tengah,Kab. Sragen,Minyak Goreng Sawit Kemasan Premium,lt,19/02/2026,19750
Jawa Tengah,Kab. Sragen,Minyak Goreng Sawit Curah,lt,19/02/2026,18600
Jawa Tengah,Kab. Sragen,Minyakita,lt,19/02/2026,15700
Jawa Tengah,Kab. Sragen,Daging Sapi Paha Belakang,kg,19/02/2026,120000
Jawa Tengah,Kab. Sragen,Daging Ayam Ras,kg,19/02/2026,40000
Jawa Tengah,Kab. Sragen,Telur Ayam Ras,kg,19/02/2026,30167
Jawa Tengah,Kab. Sragen,Tepung Terigu,kg,19/02/2026,12000
Jawa Tengah,Kab. Sragen,Kedelai Impor,kg,19/02/2026,9650
Jawa Tengah,Kab. Sragen,Cabai Merah Keriting,kg,19/02/2026,37000
Jawa Tengah,Kab. Sragen,Cabai Rawit Merah,kg,19/02/2026,79000
Jawa Tengah,Kab. Sragen,Cabai Merah Besar,kg,19/02/2026,27000
Jawa Tengah,Kab. Sragen,Bawang Merah,kg,19/02/2026,40000
Jawa Tengah,Kab. Sragen,Bawang Putih Honan,kg,19/02/2026,31333
Jawa Tengah,Kab. Grobogan,Beras Medium,kg,19/02/2026,13000
Jawa Tengah,Kab. Grobogan,Beras Premium,kg,19/02/2026,14825
Jawa Tengah,Kab. Grobogan,Gula Pasir Curah,kg,19/02/2026,17000
Jawa Tengah,Kab. Grobogan,Minyak Goreng Sawit Kemasan Premium,lt,19/02/2026,19000
Jawa Tengah,Kab. Grobogan,Minyak Goreng Sawit Curah,lt,19/02/2026,16000
Jawa Tengah,Kab. Grobogan,Minyakita,lt,19/02/2026,15700
Jawa Tengah,Kab. Grobogan,Daging Sapi Paha Belakang,kg,19/02/2026,130000
Jawa Tengah,Kab. Grobogan,Daging Ayam Ras,kg,19/02/2026,40000
Jawa Tengah,Kab. Grobogan,Telur Ayam Ras,kg,19/02/2026,30000
Jawa Tengah,Kab. Grobogan,Tepung Terigu,kg,19/02/2026,10500
Jawa Tengah,Kab. Grobogan,Kedelai Impor,kg,19/02/2026,11000
Jawa Tengah,Kab. Grobogan,Cabai Merah Keriting,kg,19/02/2026,30000
Jawa Tengah,Kab. Grobogan,Cabai Rawit Merah,kg,19/02/2026,62000
Jawa Tengah,Kab. Grobogan,Cabai Merah Besar,kg,19/02/2026,50000
Jawa Tengah,Kab. Grobogan,Bawang Merah,kg,19/02/2026,36000
Jawa Tengah,Kab. Grobogan,Bawang Putih Honan,kg,19/02/2026,31000
Jawa Tengah,Kab. Blora,Beras Medium,kg,19/02/2026,11592
Jawa Tengah,Kab. Blora,Beras Premium,kg,19/02/2026,13525
Jawa Tengah,Kab. Blora,Gula Pasir Curah,kg,19/02/2026,16500
Jawa Tengah,Kab. Blora,Minyak Goreng Sawit Kemasan Premium,lt,19/02/2026,19300
Jawa Tengah,Kab. Blora,Minyak Goreng Sawit Curah,lt,19/02/2026,16300
Jawa Tengah,Kab. Blora,Minyakita,lt,19/02/2026,15700
Jawa Tengah,Kab. Blora,Daging Sapi Paha Belakang,kg,19/02/2026,125000
Jawa Tengah,Kab. Blora,Daging Ayam Ras,kg,19/02/2026,40000
Jawa Tengah,Kab. Blora,Telur Ayam Ras,kg,19/02/2026,29667
Jawa Tengah,Kab. Blora,Tepung Terigu,kg,19/02/2026,12300
Jawa Tengah,Kab. Blora,Kedelai Impor,kg,19/02/2026,11500
Jawa Tengah,Kab. Blora,Cabai Merah Keriting,kg,19/02/2026,29333
Jawa Tengah,Kab. Blora,Cabai Rawit Merah,kg,19/02/2026,60333
Jawa Tengah,Kab. Blora,Cabai Merah Besar,kg,19/02/2026,0
Jawa Tengah,Kab. Blora,Bawang Merah,kg,19/02/2026,35333
Jawa Tengah,Kab. Blora,Bawang Putih Honan,kg,19/02/2026,30333
Jawa Tengah,Kab. Rembang,Beras Medium,kg,19/02/2026,13333
Jawa Tengah,Kab. Rembang,Beras Premium,kg,19/02/2026,14900
Jawa Tengah,Kab. Rembang,Gula Pasir Curah,kg,19/02/2026,16333
Jawa Tengah,Kab. Rembang,Minyak Goreng Sawit Kemasan Premium,lt,19/02/2026,21000
Jawa Tengah,Kab. Rembang,Minyak Goreng Sawit Curah,lt,19/02/2026,18822
Jawa Tengah,Kab. Rembang,Minyakita,lt,19/02/2026,15633
Jawa Tengah,Kab. Rembang,Daging Sapi Paha Belakang,kg,19/02/2026,125000
Jawa Tengah,Kab. Rembang,Daging Ayam Ras,kg,19/02/2026,39333
Jawa Tengah,Kab. Rembang,Telur Ayam Ras,kg,19/02/2026,31333
Jawa Tengah,Kab. Rembang,Tepung Terigu,kg,19/02/2026,11500
Jawa Tengah,Kab. Rembang,Kedelai Impor,kg,19/02/2026,11167
Jawa Tengah,Kab. Rembang,Cabai Merah Keriting,kg,19/02/2026,35000
Jawa Tengah,Kab. Rembang,Cabai Rawit Merah,kg,19/02/2026,90000
Jawa Tengah,Kab. Rembang,Cabai Merah Besar,kg,19/02/2026,61667
Jawa Tengah,Kab. Rembang,Bawang Merah,kg,19/02/2026,40667
Jawa Tengah,Kab. Rembang,Bawang Putih Honan,kg,19/02/2026,34000
Jawa Tengah,Kab. Pati,Beras Medium,kg,19/02/2026,13500
Jawa Tengah,Kab. Pati,Beras Premium,kg,19/02/2026,14650
Jawa Tengah,Kab. Pati,Gula Pasir Curah,kg,19/02/2026,17000
Jawa Tengah,Kab. Pati,Minyak Goreng Sawit Kemasan Premium,lt,19/02/2026,20000
Jawa Tengah,Kab. Pati,Minyak Goreng Sawit Curah,lt,19/02/2026,18000
Jawa Tengah,Kab. Pati,Minyakita,lt,19/02/2026,15700
Jawa Tengah,Kab. Pati,Daging Sapi Paha Belakang,kg,19/02/2026,120000
Jawa Tengah,Kab. Pati,Daging Ayam Ras,kg,19/02/2026,40000
Jawa Tengah,Kab. Pati,Telur Ayam Ras,kg,19/02/2026,30000
Jawa Tengah,Kab. Pati,Tepung Terigu,kg,19/02/2026,12500
Jawa Tengah,Kab. Pati,Kedelai Impor,kg,19/02/2026,10500
Jawa Tengah,Kab. Pati,Cabai Merah Keriting,kg,19/02/2026,34000
Jawa Tengah,Kab. Pati,Cabai Rawit Merah,kg,19/02/2026,85000
Jawa Tengah,Kab. Pati,Cabai Merah Besar,kg,19/02/2026,45000
Jawa Tengah,Kab. Pati,Bawang Merah,kg,19/02/2026,38000
Jawa Tengah,Kab. Pati,Bawang Putih Honan,kg,19/02/2026,34000
Jawa Tengah,Kab. Kudus,Beras Medium,kg,19/02/2026,13500
Jawa Tengah,Kab. Kudus,Beras Premium,kg,19/02/2026,14900
Jawa Tengah,Kab. Kudus,Gula Pasir Curah,kg,19/02/2026,16500
Jawa Tengah,Kab. Kudus,Minyak Goreng Sawit Kemasan Premium,lt,19/02/2026,19833
Jawa Tengah,Kab. Kudus,Minyak Goreng Sawit Curah,lt,19/02/2026,17000
Jawa Tengah,Kab. Kudus,Minyakita,lt,19/02/2026,15700
Jawa Tengah,Kab. Kudus,Daging Sapi Paha Belakang,kg,19/02/2026,125000
Jawa Tengah,Kab. Kudus,Daging Ayam Ras,kg,19/02/2026,36000
Jawa Tengah,Kab. Kudus,Telur Ayam Ras,kg,19/02/2026,30000
Jawa Tengah,Kab. Kudus,Tepung Terigu,kg,19/02/2026,12000
Jawa Tengah,Kab. Kudus,Kedelai Impor,kg,19/02/2026,11500
Jawa Tengah,Kab. Kudus,Cabai Merah Keriting,kg,19/02/2026,30000
Jawa Tengah,Kab. Kudus,Cabai Rawit Merah,kg,19/02/2026,75000
Jawa Tengah,Kab. Kudus,Cabai Merah Besar,kg,19/02/2026,40000
Jawa Tengah,Kab. Kudus,Bawang Merah,kg,19/02/2026,41000
Jawa Tengah,Kab. Kudus,Bawang Putih Honan,kg,19/02/2026,0
Jawa Tengah,Kab. Jepara,Beras Medium,kg,19/02/2026,13000
Jawa Tengah,Kab. Jepara,Beras Premium,kg,19/02/2026,14900
Jawa Tengah,Kab. Jepara,Gula Pasir Curah,kg,19/02/2026,16500
Jawa Tengah,Kab. Jepara,Minyak Goreng Sawit Kemasan Premium,lt,19/02/2026,21000
Jawa Tengah,Kab. Jepara,Minyak Goreng Sawit Curah,lt,19/02/2026,17500
Jawa Tengah,Kab. Jepara,Minyakita,lt,19/02/2026,15500
Jawa Tengah,Kab. Jepara,Daging Sapi Paha Belakang,kg,19/02/2026,130000
Jawa Tengah,Kab. Jepara,Daging Ayam Ras,kg,19/02/2026,40000
Jawa Tengah,Kab. Jepara,Telur Ayam Ras,kg,19/02/2026,29000
Jawa Tengah,Kab. Jepara,Tepung Terigu,kg,19/02/2026,12000
Jawa Tengah,Kab. Jepara,Kedelai Impor,kg,19/02/2026,10500
Jawa Tengah,Kab. Jepara,Cabai Merah Keriting,kg,19/02/2026,38000
Jawa Tengah,Kab. Jepara,Cabai Rawit Merah,kg,19/02/2026,80000
Jawa Tengah,Kab. Jepara,Cabai Merah Besar,kg,19/02/2026,40000
Jawa Tengah,Kab. Jepara,Bawang Merah,kg,19/02/2026,40000
Jawa Tengah,Kab. Jepara,Bawang Putih Honan,kg,19/02/2026,32000
Jawa Tengah,Kab. Demak,Beras Medium,kg,19/02/2026,12800
Jawa Tengah,Kab. Demak,Beras Premium,kg,19/02/2026,14250
Jawa Tengah,Kab. Demak,Gula Pasir Curah,kg,19/02/2026,16500
Jawa Tengah,Kab. Demak,Minyak Goreng Sawit Kemasan Premium,lt,19/02/2026,20250
Jawa Tengah,Kab. Demak,Minyak Goreng Sawit Curah,lt,19/02/2026,16167
Jawa Tengah,Kab. Demak,Minyakita,lt,19/02/2026,15350
Jawa Tengah,Kab. Demak,Daging Sapi Paha Belakang,kg,19/02/2026,130000
Jawa Tengah,Kab. Demak,Daging Ayam Ras,kg,19/02/2026,35000
Jawa Tengah,Kab. Demak,Telur Ayam Ras,kg,19/02/2026,28000
Jawa Tengah,Kab. Demak,Tepung Terigu,kg,19/02/2026,11250
Jawa Tengah,Kab. Demak,Kedelai Impor,kg,19/02/2026,10000
Jawa Tengah,Kab. Demak,Cabai Merah Keriting,kg,19/02/2026,30000
Jawa Tengah,Kab. Demak,Cabai Rawit Merah,kg,19/02/2026,38333
Jawa Tengah,Kab. Demak,Cabai Merah Besar,kg,19/02/2026,33333
Jawa Tengah,Kab. Demak,Bawang Merah,kg,19/02/2026,33667
Jawa Tengah,Kab. Demak,Bawang Putih Honan,kg,19/02/2026,30000
Jawa Tengah,Kab. Semarang,Beras Medium,kg,19/02/2026,13583
Jawa Tengah,Kab. Semarang,Beras Premium,kg,19/02/2026,15033
Jawa Tengah,Kab. Semarang,Gula Pasir Curah,kg,19/02/2026,17250
Jawa Tengah,Kab. Semarang,Minyak Goreng Sawit Kemasan Premium,lt,19/02/2026,21167
Jawa Tengah,Kab. Semarang,Minyak Goreng Sawit Curah,lt,19/02/2026,18450
Jawa Tengah,Kab. Semarang,Minyakita,lt,19/02/2026,15600
Jawa Tengah,Kab. Semarang,Daging Sapi Paha Belakang,kg,19/02/2026,136667
Jawa Tengah,Kab. Semarang,Daging Ayam Ras,kg,19/02/2026,37833
Jawa Tengah,Kab. Semarang,Telur Ayam Ras,kg,19/02/2026,30000
Jawa Tengah,Kab. Semarang,Tepung Terigu,kg,19/02/2026,12000
Jawa Tengah,Kab. Semarang,Kedelai Impor,kg,19/02/2026,9950
Jawa Tengah,Kab. Semarang,Cabai Merah Keriting,kg,19/02/2026,45000
Jawa Tengah,Kab. Semarang,Cabai Rawit Merah,kg,19/02/2026,80833
Jawa Tengah,Kab. Semarang,Cabai Merah Besar,kg,19/02/2026,40000
Jawa Tengah,Kab. Semarang,Bawang Merah,kg,19/02/2026,40833
Jawa Tengah,Kab. Semarang,Bawang Putih Honan,kg,19/02/2026,35000
Jawa Tengah,Kab. Temanggung,Beras Medium,kg,19/02/2026,13500
Jawa Tengah,Kab. Temanggung,Beras Premium,kg,19/02/2026,14800
Jawa Tengah,Kab. Temanggung,Gula Pasir Curah,kg,19/02/2026,16750
Jawa Tengah,Kab. Temanggung,Minyak Goreng Sawit Kemasan Premium,lt,19/02/2026,19000
Jawa Tengah,Kab. Temanggung,Minyak Goreng Sawit Curah,lt,19/02/2026,19000
Jawa Tengah,Kab. Temanggung,Minyakita,lt,19/02/2026,15700
Jawa Tengah,Kab. Temanggung,Daging Sapi Paha Belakang,kg,19/02/2026,135000
Jawa Tengah,Kab. Temanggung,Daging Ayam Ras,kg,19/02/2026,39000
Jawa Tengah,Kab. Temanggung,Telur Ayam Ras,kg,19/02/2026,29333
Jawa Tengah,Kab. Temanggung,Tepung Terigu,kg,19/02/2026,11750
Jawa Tengah,Kab. Temanggung,Kedelai Impor,kg,19/02/2026,9700
Jawa Tengah,Kab. Temanggung,Cabai Merah Keriting,kg,19/02/2026,42500
Jawa Tengah,Kab. Temanggung,Cabai Rawit Merah,kg,19/02/2026,95000
Jawa Tengah,Kab. Temanggung,Cabai Merah Besar,kg,19/02/2026,47500
Jawa Tengah,Kab. Temanggung,Bawang Merah,kg,19/02/2026,43000
Jawa Tengah,Kab. Temanggung,Bawang Putih Honan,kg,19/02/2026,36667
Jawa Tengah,Kab. Kendal,Beras Medium,kg,19/02/2026,13500
Jawa Tengah,Kab. Kendal,Beras Premium,kg,19/02/2026,14900
Jawa Tengah,Kab. Kendal,Gula Pasir Curah,kg,19/02/2026,17167
Jawa Tengah,Kab. Kendal,Minyak Goreng Sawit Kemasan Premium,lt,19/02/2026,21000
Jawa Tengah,Kab. Kendal,Minyak Goreng Sawit Curah,lt,19/02/2026,17700
Jawa Tengah,Kab. Kendal,Minyakita,lt,19/02/2026,15700
Jawa Tengah,Kab. Kendal,Daging Sapi Paha Belakang,kg,19/02/2026,135000
Jawa Tengah,Kab. Kendal,Daging Ayam Ras,kg,19/02/2026,40333
Jawa Tengah,Kab. Kendal,Telur Ayam Ras,kg,19/02/2026,29000
Jawa Tengah,Kab. Kendal,Tepung Terigu,kg,19/02/2026,11667
Jawa Tengah,Kab. Kendal,Kedelai Impor,kg,19/02/2026,9800
Jawa Tengah,Kab. Kendal,Cabai Merah Keriting,kg,19/02/2026,40333
Jawa Tengah,Kab. Kendal,Cabai Rawit Merah,kg,19/02/2026,76667
Jawa Tengah,Kab. Kendal,Cabai Merah Besar,kg,19/02/2026,41000
Jawa Tengah,Kab. Kendal,Bawang Merah,kg,19/02/2026,38333
Jawa Tengah,Kab. Kendal,Bawang Putih Honan,kg,19/02/2026,32000
Jawa Tengah,Kab. Batang,Beras Medium,kg,19/02/2026,13200
Jawa Tengah,Kab. Batang,Beras Premium,kg,19/02/2026,14700
Jawa Tengah,Kab. Batang,Gula Pasir Curah,kg,19/02/2026,16500
Jawa Tengah,Kab. Batang,Minyak Goreng Sawit Kemasan Premium,lt,19/02/2026,19500
Jawa Tengah,Kab. Batang,Minyak Goreng Sawit Curah,lt,19/02/2026,17100
Jawa Tengah,Kab. Batang,Minyakita,lt,19/02/2026,15700
Jawa Tengah,Kab. Batang,Daging Sapi Paha Belakang,kg,19/02/2026,125000
Jawa Tengah,Kab. Batang,Daging Ayam Ras,kg,19/02/2026,40000
Jawa Tengah,Kab. Batang,Telur Ayam Ras,kg,19/02/2026,30000
Jawa Tengah,Kab. Batang,Tepung Terigu,kg,19/02/2026,11500
Jawa Tengah,Kab. Batang,Kedelai Impor,kg,19/02/2026,10400
Jawa Tengah,Kab. Batang,Cabai Merah Keriting,kg,19/02/2026,38000
Jawa Tengah,Kab. Batang,Cabai Rawit Merah,kg,19/02/2026,70000
Jawa Tengah,Kab. Batang,Cabai Merah Besar,kg,19/02/2026,36000
Jawa Tengah,Kab. Batang,Bawang Merah,kg,19/02/2026,37000
Jawa Tengah,Kab. Batang,Bawang Putih Honan,kg,19/02/2026,32000
Jawa Tengah,Kab. Pekalongan,Beras Medium,kg,19/02/2026,13200
Jawa Tengah,Kab. Pekalongan,Beras Premium,kg,19/02/2026,14500
Jawa Tengah,Kab. Pekalongan,Gula Pasir Curah,kg,19/02/2026,17000
Jawa Tengah,Kab. Pekalongan,Minyak Goreng Sawit Kemasan Premium,lt,19/02/2026,21000
Jawa Tengah,Kab. Pekalongan,Minyak Goreng Sawit Curah,lt,19/02/2026,17550
Jawa Tengah,Kab. Pekalongan,Minyakita,lt,19/02/2026,15700
Jawa Tengah,Kab. Pekalongan,Daging Sapi Paha Belakang,kg,19/02/2026,140000
Jawa Tengah,Kab. Pekalongan,Daging Ayam Ras,kg,19/02/2026,42000
Jawa Tengah,Kab. Pekalongan,Telur Ayam Ras,kg,19/02/2026,30000
Jawa Tengah,Kab. Pekalongan,Tepung Terigu,kg,19/02/2026,12000
Jawa Tengah,Kab. Pekalongan,Kedelai Impor,kg,19/02/2026,9800
Jawa Tengah,Kab. Pekalongan,Cabai Merah Keriting,kg,19/02/2026,45000
Jawa Tengah,Kab. Pekalongan,Cabai Rawit Merah,kg,19/02/2026,83000
Jawa Tengah,Kab. Pekalongan,Cabai Merah Besar,kg,19/02/2026,32000
Jawa Tengah,Kab. Pekalongan,Bawang Merah,kg,19/02/2026,38000
Jawa Tengah,Kab. Pekalongan,Bawang Putih Honan,kg,19/02/2026,33000
Jawa Tengah,Kab. Pemalang,Beras Medium,kg,19/02/2026,13000
Jawa Tengah,Kab. Pemalang,Beras Premium,kg,19/02/2026,14800
Jawa Tengah,Kab. Pemalang,Gula Pasir Curah,kg,19/02/2026,17167
Jawa Tengah,Kab. Pemalang,Minyak Goreng Sawit Kemasan Premium,lt,19/02/2026,21000
Jawa Tengah,Kab. Pemalang,Minyak Goreng Sawit Curah,lt,19/02/2026,17167
Jawa Tengah,Kab. Pemalang,Minyakita,lt,19/02/2026,15700
Jawa Tengah,Kab. Pemalang,Daging Sapi Paha Belakang,kg,19/02/2026,130000
Jawa Tengah,Kab. Pemalang,Daging Ayam Ras,kg,19/02/2026,40000
Jawa Tengah,Kab. Pemalang,Telur Ayam Ras,kg,19/02/2026,30000
Jawa Tengah,Kab. Pemalang,Tepung Terigu,kg,19/02/2026,12000
Jawa Tengah,Kab. Pemalang,Kedelai Impor,kg,19/02/2026,11500
Jawa Tengah,Kab. Pemalang,Cabai Merah Keriting,kg,19/02/2026,42333
Jawa Tengah,Kab. Pemalang,Cabai Rawit Merah,kg,19/02/2026,62000
Jawa Tengah,Kab. Pemalang,Cabai Merah Besar,kg,19/02/2026,32000
Jawa Tengah,Kab. Pemalang,Bawang Merah,kg,19/02/2026,40333
Jawa Tengah,Kab. Pemalang,Bawang Putih Honan,kg,19/02/2026,33000
Jawa Tengah,Kab. Tegal,Beras Medium,kg,19/02/2026,13000
Jawa Tengah,Kab. Tegal,Beras Premium,kg,19/02/2026,14083
Jawa Tengah,Kab. Tegal,Gula Pasir Curah,kg,19/02/2026,16833
Jawa Tengah,Kab. Tegal,Minyak Goreng Sawit Kemasan Premium,lt,19/02/2026,20167
Jawa Tengah,Kab. Tegal,Minyak Goreng Sawit Curah,lt,19/02/2026,17833
Jawa Tengah,Kab. Tegal,Minyakita,lt,19/02/2026,15700
Jawa Tengah,Kab. Tegal,Daging Sapi Paha Belakang,kg,19/02/2026,138333
Jawa Tengah,Kab. Tegal,Daging Ayam Ras,kg,19/02/2026,42000
Jawa Tengah,Kab. Tegal,Telur Ayam Ras,kg,19/02/2026,30333
Jawa Tengah,Kab. Tegal,Tepung Terigu,kg,19/02/2026,11000
Jawa Tengah,Kab. Tegal,Kedelai Impor,kg,19/02/2026,9983
Jawa Tengah,Kab. Tegal,Cabai Merah Keriting,kg,19/02/2026,41000
Jawa Tengah,Kab. Tegal,Cabai Rawit Merah,kg,19/02/2026,87500
Jawa Tengah,Kab. Tegal,Cabai Merah Besar,kg,19/02/2026,26500
Jawa Tengah,Kab. Tegal,Bawang Merah,kg,19/02/2026,39333
Jawa Tengah,Kab. Tegal,Bawang Putih Honan,kg,19/02/2026,31000
Jawa Tengah,Kab. Brebes,Beras Medium,kg,19/02/2026,13333
Jawa Tengah,Kab. Brebes,Beras Premium,kg,19/02/2026,14583
Jawa Tengah,Kab. Brebes,Gula Pasir Curah,kg,19/02/2026,17000
Jawa Tengah,Kab. Brebes,Minyak Goreng Sawit Kemasan Premium,lt,19/02/2026,21000
Jawa Tengah,Kab. Brebes,Minyak Goreng Sawit Curah,lt,19/02/2026,18167
Jawa Tengah,Kab. Brebes,Minyakita,lt,19/02/2026,15700
Jawa Tengah,Kab. Brebes,Daging Sapi Paha Belakang,kg,19/02/2026,145000
Jawa Tengah,Kab. Brebes,Daging Ayam Ras,kg,19/02/2026,42000
Jawa Tengah,Kab. Brebes,Telur Ayam Ras,kg,19/02/2026,31000
Jawa Tengah,Kab. Brebes,Tepung Terigu,kg,19/02/2026,12000
Jawa Tengah,Kab. Brebes,Kedelai Impor,kg,19/02/2026,0
Jawa Tengah,Kab. Brebes,Cabai Merah Keriting,kg,19/02/2026,38667
Jawa Tengah,Kab. Brebes,Cabai Rawit Merah,kg,19/02/2026,80000
Jawa Tengah,Kab. Brebes,Cabai Merah Besar,kg,19/02/2026,38000
Jawa Tengah,Kab. Brebes,Bawang Merah,kg,19/02/2026,38000
Jawa Tengah,Kab. Brebes,Bawang Putih Honan,kg,19/02/2026,35000
Jawa Tengah,Kota Magelang,Beras Medium,kg,19/02/2026,13500
Jawa Tengah,Kota Magelang,Beras Premium,kg,19/02/2026,14833
Jawa Tengah,Kota Magelang,Gula Pasir Curah,kg,19/02/2026,16833
Jawa Tengah,Kota Magelang,Minyak Goreng Sawit Kemasan Premium,lt,19/02/2026,20333
Jawa Tengah,Kota Magelang,Minyak Goreng Sawit Curah,lt,19/02/2026,16500
Jawa Tengah,Kota Magelang,Minyakita,lt,19/02/2026,15700
Jawa Tengah,Kota Magelang,Daging Sapi Paha Belakang,kg,19/02/2026,135000
Jawa Tengah,Kota Magelang,Daging Ayam Ras,kg,19/02/2026,39333
Jawa Tengah,Kota Magelang,Telur Ayam Ras,kg,19/02/2026,28667
Jawa Tengah,Kota Magelang,Tepung Terigu,kg,19/02/2026,12000
Jawa Tengah,Kota Magelang,Kedelai Impor,kg,19/02/2026,11000
Jawa Tengah,Kota Magelang,Cabai Merah Keriting,kg,19/02/2026,44333
Jawa Tengah,Kota Magelang,Cabai Rawit Merah,kg,19/02/2026,76000
Jawa Tengah,Kota Magelang,Cabai Merah Besar,kg,19/02/2026,48667
Jawa Tengah,Kota Magelang,Bawang Merah,kg,19/02/2026,39333
Jawa Tengah,Kota Magelang,Bawang Putih Honan,kg,19/02/2026,34667
Jawa Tengah,Kota Surakarta,Beras Medium,kg,19/02/2026,14417
Jawa Tengah,Kota Surakarta,Beras Premium,kg,19/02/2026,15750
Jawa Tengah,Kota Surakarta,Gula Pasir Curah,kg,19/02/2026,17000
Jawa Tengah,Kota Surakarta,Minyak Goreng Sawit Kemasan Premium,lt,19/02/2026,21667
Jawa Tengah,Kota Surakarta,Minyak Goreng Sawit Curah,lt,19/02/2026,20000
Jawa Tengah,Kota Surakarta,Minyakita,lt,19/02/2026,15700
Jawa Tengah,Kota Surakarta,Daging Sapi Paha Belakang,kg,19/02/2026,135000
Jawa Tengah,Kota Surakarta,Daging Ayam Ras,kg,19/02/2026,40000
Jawa Tengah,Kota Surakarta,Telur Ayam Ras,kg,19/02/2026,29000
Jawa Tengah,Kota Surakarta,Tepung Terigu,kg,19/02/2026,11250
Jawa Tengah,Kota Surakarta,Kedelai Impor,kg,19/02/2026,12000
Jawa Tengah,Kota Surakarta,Cabai Merah Keriting,kg,19/02/2026,40000
Jawa Tengah,Kota Surakarta,Cabai Rawit Merah,kg,19/02/2026,90000
Jawa Tengah,Kota Surakarta,Cabai Merah Besar,kg,19/02/2026,25000
Jawa Tengah,Kota Surakarta,Bawang Merah,kg,19/02/2026,35000
Jawa Tengah,Kota Surakarta,Bawang Putih Honan,kg,19/02/2026,28000
Jawa Tengah,Kota Salatiga,Beras Medium,kg,19/02/2026,13400
Jawa Tengah,Kota Salatiga,Beras Premium,kg,19/02/2026,14267
Jawa Tengah,Kota Salatiga,Gula Pasir Curah,kg,19/02/2026,17500
Jawa Tengah,Kota Salatiga,Minyak Goreng Sawit Kemasan Premium,lt,19/02/2026,22000
Jawa Tengah,Kota Salatiga,Minyak Goreng Sawit Curah,lt,19/02/2026,17100
Jawa Tengah,Kota Salatiga,Minyakita,lt,19/02/2026,15700
Jawa Tengah,Kota Salatiga,Daging Sapi Paha Belakang,kg,19/02/2026,120000
Jawa Tengah,Kota Salatiga,Daging Ayam Ras,kg,19/02/2026,40000
Jawa Tengah,Kota Salatiga,Telur Ayam Ras,kg,19/02/2026,29000
Jawa Tengah,Kota Salatiga,Tepung Terigu,kg,19/02/2026,12000
Jawa Tengah,Kota Salatiga,Kedelai Impor,kg,19/02/2026,12000
Jawa Tengah,Kota Salatiga,Cabai Merah Keriting,kg,19/02/2026,36667
Jawa Tengah,Kota Salatiga,Cabai Rawit Merah,kg,19/02/2026,76667
Jawa Tengah,Kota Salatiga,Cabai Merah Besar,kg,19/02/2026,36667
Jawa Tengah,Kota Salatiga,Bawang Merah,kg,19/02/2026,43333
Jawa Tengah,Kota Salatiga,Bawang Putih Honan,kg,19/02/2026,31333
Jawa Tengah,Kota Semarang,Beras Medium,kg,19/02/2026,13917
Jawa Tengah,Kota Semarang,Beras Premium,kg,19/02/2026,15292
Jawa Tengah,Kota Semarang,Gula Pasir Curah,kg,19/02/2026,17000
Jawa Tengah,Kota Semarang,Minyak Goreng Sawit Kemasan Premium,lt,19/02/2026,21333
Jawa Tengah,Kota Semarang,Minyak Goreng Sawit Curah,lt,19/02/2026,19917
Jawa Tengah,Kota Semarang,Minyakita,lt,19/02/2026,15700
Jawa Tengah,Kota Semarang,Daging Sapi Paha Belakang,kg,19/02/2026,130000
Jawa Tengah,Kota Semarang,Daging Ayam Ras,kg,19/02/2026,41000
Jawa Tengah,Kota Semarang,Telur Ayam Ras,kg,19/02/2026,30000
Jawa Tengah,Kota Semarang,Tepung Terigu,kg,19/02/2026,11750
Jawa Tengah,Kota Semarang,Kedelai Impor,kg,19/02/2026,0
Jawa Tengah,Kota Semarang,Cabai Merah Keriting,kg,19/02/2026,36833
Jawa Tengah,Kota Semarang,Cabai Rawit Merah,kg,19/02/2026,80167
Jawa Tengah,Kota Semarang,Cabai Merah Besar,kg,19/02/2026,38500
Jawa Tengah,Kota Semarang,Bawang Merah,kg,19/02/2026,40833
Jawa Tengah,Kota Semarang,Bawang Putih Honan,kg,19/02/2026,0
Jawa Tengah,Kota Pekalongan,Beras Medium,kg,19/02/2026,13500
Jawa Tengah,Kota Pekalongan,Beras Premium,kg,19/02/2026,14900
Jawa Tengah,Kota Pekalongan,Gula Pasir Curah,kg,19/02/2026,17000
Jawa Tengah,Kota Pekalongan,Minyak Goreng Sawit Kemasan Premium,lt,19/02/2026,21000
Jawa Tengah,Kota Pekalongan,Minyak Goreng Sawit Curah,lt,19/02/2026,18000
Jawa Tengah,Kota Pekalongan,Minyakita,lt,19/02/2026,15700
Jawa Tengah,Kota Pekalongan,Daging Sapi Paha Belakang,kg,19/02/2026,120000
Jawa Tengah,Kota Pekalongan,Daging Ayam Ras,kg,19/02/2026,40000
Jawa Tengah,Kota Pekalongan,Telur Ayam Ras,kg,19/02/2026,29500
Jawa Tengah,Kota Pekalongan,Tepung Terigu,kg,19/02/2026,11000
Jawa Tengah,Kota Pekalongan,Kedelai Impor,kg,19/02/2026,10000
Jawa Tengah,Kota Pekalongan,Cabai Merah Keriting,kg,19/02/2026,36000
Jawa Tengah,Kota Pekalongan,Cabai Rawit Merah,kg,19/02/2026,70000
Jawa Tengah,Kota Pekalongan,Cabai Merah Besar,kg,19/02/2026,30000
Jawa Tengah,Kota Pekalongan,Bawang Merah,kg,19/02/2026,40000
Jawa Tengah,Kota Pekalongan,Bawang Putih Honan,kg,19/02/2026,0
Jawa Tengah,Kota Tegal,Beras Medium,kg,19/02/2026,13250
Jawa Tengah,Kota Tegal,Beras Premium,kg,19/02/2026,14900
Jawa Tengah,Kota Tegal,Gula Pasir Curah,kg,19/02/2026,17167
Jawa Tengah,Kota Tegal,Minyak Goreng Sawit Kemasan Premium,lt,19/02/2026,21500
Jawa Tengah,Kota Tegal,Minyak Goreng Sawit Curah,lt,19/02/2026,17700
Jawa Tengah,Kota Tegal,Minyakita,lt,19/02/2026,15700
Jawa Tengah,Kota Tegal,Daging Sapi Paha Belakang,kg,19/02/2026,140000
Jawa Tengah,Kota Tegal,Daging Ayam Ras,kg,19/02/2026,43000
Jawa Tengah,Kota Tegal,Telur Ayam Ras,kg,19/02/2026,30500
Jawa Tengah,Kota Tegal,Tepung Terigu,kg,19/02/2026,11833
Jawa Tengah,Kota Tegal,Kedelai Impor,kg,19/02/2026,10500
Jawa Tengah,Kota Tegal,Cabai Merah Keriting,kg,19/02/2026,46667
Jawa Tengah,Kota Tegal,Cabai Rawit Merah,kg,19/02/2026,90000
Jawa Tengah,Kota Tegal,Cabai Merah Besar,kg,19/02/2026,36667
Jawa Tengah,Kota Tegal,Bawang Merah,kg,19/02/2026,40000
Jawa Tengah,Kota Tegal,Bawang Putih Honan,kg,19/02/2026,34667
Jawa Tengah,Kab. Cilacap,Beras Medium,kg,20/02/2026,13500
Jawa Tengah,Kab. Cilacap,Beras Premium,kg,20/02/2026,14500
Jawa Tengah,Kab. Cilacap,Gula Pasir Curah,kg,20/02/2026,17333
Jawa Tengah,Kab. Cilacap,Minyak Goreng Sawit Kemasan Premium,lt,20/02/2026,22000
Jawa Tengah,Kab. Cilacap,Minyak Goreng Sawit Curah,lt,20/02/2026,18000
Jawa Tengah,Kab. Cilacap,Minyakita,lt,20/02/2026,15700
Jawa Tengah,Kab. Cilacap,Daging Sapi Paha Belakang,kg,20/02/2026,140000
Jawa Tengah,Kab. Cilacap,Daging Ayam Ras,kg,20/02/2026,42000
Jawa Tengah,Kab. Cilacap,Telur Ayam Ras,kg,20/02/2026,31000
Jawa Tengah,Kab. Cilacap,Tepung Terigu,kg,20/02/2026,12000
Jawa Tengah,Kab. Cilacap,Kedelai Impor,kg,20/02/2026,11667
Jawa Tengah,Kab. Cilacap,Cabai Merah Keriting,kg,20/02/2026,47333
Jawa Tengah,Kab. Cilacap,Cabai Rawit Merah,kg,20/02/2026,95667
Jawa Tengah,Kab. Cilacap,Cabai Merah Besar,kg,20/02/2026,44333
Jawa Tengah,Kab. Cilacap,Bawang Merah,kg,20/02/2026,40000
Jawa Tengah,Kab. Cilacap,Bawang Putih Honan,kg,20/02/2026,34333
Jawa Tengah,Kab. Banyumas,Beras Medium,kg,20/02/2026,13250
Jawa Tengah,Kab. Banyumas,Beras Premium,kg,20/02/2026,14900
Jawa Tengah,Kab. Banyumas,Gula Pasir Curah,kg,20/02/2026,16833
Jawa Tengah,Kab. Banyumas,Minyak Goreng Sawit Kemasan Premium,lt,20/02/2026,21000
Jawa Tengah,Kab. Banyumas,Minyak Goreng Sawit Curah,lt,20/02/2026,18000
Jawa Tengah,Kab. Banyumas,Minyakita,lt,20/02/2026,15700
Jawa Tengah,Kab. Banyumas,Daging Sapi Paha Belakang,kg,20/02/2026,133333
Jawa Tengah,Kab. Banyumas,Daging Ayam Ras,kg,20/02/2026,41333
Jawa Tengah,Kab. Banyumas,Telur Ayam Ras,kg,20/02/2026,31333
Jawa Tengah,Kab. Banyumas,Tepung Terigu,kg,20/02/2026,12000
Jawa Tengah,Kab. Banyumas,Kedelai Impor,kg,20/02/2026,10000
Jawa Tengah,Kab. Banyumas,Cabai Merah Keriting,kg,20/02/2026,49333
Jawa Tengah,Kab. Banyumas,Cabai Rawit Merah,kg,20/02/2026,98333
Jawa Tengah,Kab. Banyumas,Cabai Merah Besar,kg,20/02/2026,40000
Jawa Tengah,Kab. Banyumas,Bawang Merah,kg,20/02/2026,40000
Jawa Tengah,Kab. Banyumas,Bawang Putih Honan,kg,20/02/2026,0
Jawa Tengah,Kab. Purbalingga,Beras Medium,kg,20/02/2026,13000
Jawa Tengah,Kab. Purbalingga,Beras Premium,kg,20/02/2026,14200
Jawa Tengah,Kab. Purbalingga,Gula Pasir Curah,kg,20/02/2026,17000
Jawa Tengah,Kab. Purbalingga,Minyak Goreng Sawit Kemasan Premium,lt,20/02/2026,21000
Jawa Tengah,Kab. Purbalingga,Minyak Goreng Sawit Curah,lt,20/02/2026,18000
Jawa Tengah,Kab. Purbalingga,Minyakita,lt,20/02/2026,15700
Jawa Tengah,Kab. Purbalingga,Daging Sapi Paha Belakang,kg,20/02/2026,139000
Jawa Tengah,Kab. Purbalingga,Daging Ayam Ras,kg,20/02/2026,41000
Jawa Tengah,Kab. Purbalingga,Telur Ayam Ras,kg,20/02/2026,31000
Jawa Tengah,Kab. Purbalingga,Tepung Terigu,kg,20/02/2026,12000
Jawa Tengah,Kab. Purbalingga,Kedelai Impor,kg,20/02/2026,9800
Jawa Tengah,Kab. Purbalingga,Cabai Merah Keriting,kg,20/02/2026,51000
Jawa Tengah,Kab. Purbalingga,Cabai Rawit Merah,kg,20/02/2026,95000
Jawa Tengah,Kab. Purbalingga,Cabai Merah Besar,kg,20/02/2026,35000
Jawa Tengah,Kab. Purbalingga,Bawang Merah,kg,20/02/2026,45000
Jawa Tengah,Kab. Purbalingga,Bawang Putih Honan,kg,20/02/2026,33000
Jawa Tengah,Kab. Banjarnegara,Beras Medium,kg,20/02/2026,13333
Jawa Tengah,Kab. Banjarnegara,Beras Premium,kg,20/02/2026,14533
Jawa Tengah,Kab. Banjarnegara,Gula Pasir Curah,kg,20/02/2026,17000
Jawa Tengah,Kab. Banjarnegara,Minyak Goreng Sawit Kemasan Premium,lt,20/02/2026,20666
Jawa Tengah,Kab. Banjarnegara,Minyak Goreng Sawit Curah,lt,20/02/2026,18450
Jawa Tengah,Kab. Banjarnegara,Minyakita,lt,20/02/2026,15700
Jawa Tengah,Kab. Banjarnegara,Daging Sapi Paha Belakang,kg,20/02/2026,135000
Jawa Tengah,Kab. Banjarnegara,Daging Ayam Ras,kg,20/02/2026,39000
Jawa Tengah,Kab. Banjarnegara,Telur Ayam Ras,kg,20/02/2026,30000
Jawa Tengah,Kab. Banjarnegara,Tepung Terigu,kg,20/02/2026,11666
Jawa Tengah,Kab. Banjarnegara,Kedelai Impor,kg,20/02/2026,10433
Jawa Tengah,Kab. Banjarnegara,Cabai Merah Keriting,kg,20/02/2026,50000
Jawa Tengah,Kab. Banjarnegara,Cabai Rawit Merah,kg,20/02/2026,75000
Jawa Tengah,Kab. Banjarnegara,Cabai Merah Besar,kg,20/02/2026,0
Jawa Tengah,Kab. Banjarnegara,Bawang Merah,kg,20/02/2026,40000
Jawa Tengah,Kab. Banjarnegara,Bawang Putih Honan,kg,20/02/2026,33666
Jawa Tengah,Kab. Kebumen,Beras Medium,kg,20/02/2026,12250
Jawa Tengah,Kab. Kebumen,Beras Premium,kg,20/02/2026,14450
Jawa Tengah,Kab. Kebumen,Gula Pasir Curah,kg,20/02/2026,16000
Jawa Tengah,Kab. Kebumen,Minyak Goreng Sawit Kemasan Premium,lt,20/02/2026,20500
Jawa Tengah,Kab. Kebumen,Minyak Goreng Sawit Curah,lt,20/02/2026,17500
Jawa Tengah,Kab. Kebumen,Minyakita,lt,20/02/2026,15700
Jawa Tengah,Kab. Kebumen,Daging Sapi Paha Belakang,kg,20/02/2026,120000
Jawa Tengah,Kab. Kebumen,Daging Ayam Ras,kg,20/02/2026,33750
Jawa Tengah,Kab. Kebumen,Telur Ayam Ras,kg,20/02/2026,28500
Jawa Tengah,Kab. Kebumen,Tepung Terigu,kg,20/02/2026,11000
Jawa Tengah,Kab. Kebumen,Kedelai Impor,kg,20/02/2026,9500
Jawa Tengah,Kab. Kebumen,Cabai Merah Keriting,kg,20/02/2026,31167
Jawa Tengah,Kab. Kebumen,Cabai Rawit Merah,kg,20/02/2026,40167
Jawa Tengah,Kab. Kebumen,Cabai Merah Besar,kg,20/02/2026,31667
Jawa Tengah,Kab. Kebumen,Bawang Merah,kg,20/02/2026,35000
Jawa Tengah,Kab. Kebumen,Bawang Putih Honan,kg,20/02/2026,0
Jawa Tengah,Kab. Purworejo,Beras Medium,kg,20/02/2026,12800
Jawa Tengah,Kab. Purworejo,Beras Premium,kg,20/02/2026,14500
Jawa Tengah,Kab. Purworejo,Gula Pasir Curah,kg,20/02/2026,17333
Jawa Tengah,Kab. Purworejo,Minyak Goreng Sawit Kemasan Premium,lt,20/02/2026,20333
Jawa Tengah,Kab. Purworejo,Minyak Goreng Sawit Curah,lt,20/02/2026,17400
Jawa Tengah,Kab. Purworejo,Minyakita,lt,20/02/2026,15700
Jawa Tengah,Kab. Purworejo,Daging Sapi Paha Belakang,kg,20/02/2026,135500
Jawa Tengah,Kab. Purworejo,Daging Ayam Ras,kg,20/02/2026,40000
Jawa Tengah,Kab. Purworejo,Telur Ayam Ras,kg,20/02/2026,30833
Jawa Tengah,Kab. Purworejo,Tepung Terigu,kg,20/02/2026,11333
Jawa Tengah,Kab. Purworejo,Kedelai Impor,kg,20/02/2026,10000
Jawa Tengah,Kab. Purworejo,Cabai Merah Keriting,kg,20/02/2026,45000
Jawa Tengah,Kab. Purworejo,Cabai Rawit Merah,kg,20/02/2026,86667
Jawa Tengah,Kab. Purworejo,Cabai Merah Besar,kg,20/02/2026,45000
Jawa Tengah,Kab. Purworejo,Bawang Merah,kg,20/02/2026,42333
Jawa Tengah,Kab. Purworejo,Bawang Putih Honan,kg,20/02/2026,34000
Jawa Tengah,Kab. Wonosobo,Beras Medium,kg,20/02/2026,13000
Jawa Tengah,Kab. Wonosobo,Beras Premium,kg,20/02/2026,14867
Jawa Tengah,Kab. Wonosobo,Gula Pasir Curah,kg,20/02/2026,16933
Jawa Tengah,Kab. Wonosobo,Minyak Goreng Sawit Kemasan Premium,lt,20/02/2026,21500
Jawa Tengah,Kab. Wonosobo,Minyak Goreng Sawit Curah,lt,20/02/2026,16933
Jawa Tengah,Kab. Wonosobo,Minyakita,lt,20/02/2026,15700
Jawa Tengah,Kab. Wonosobo,Daging Sapi Paha Belakang,kg,20/02/2026,135000
Jawa Tengah,Kab. Wonosobo,Daging Ayam Ras,kg,20/02/2026,38000
Jawa Tengah,Kab. Wonosobo,Telur Ayam Ras,kg,20/02/2026,29667
Jawa Tengah,Kab. Wonosobo,Tepung Terigu,kg,20/02/2026,11500
Jawa Tengah,Kab. Wonosobo,Kedelai Impor,kg,20/02/2026,9400
Jawa Tengah,Kab. Wonosobo,Cabai Merah Keriting,kg,20/02/2026,46667
Jawa Tengah,Kab. Wonosobo,Cabai Rawit Merah,kg,20/02/2026,76667
Jawa Tengah,Kab. Wonosobo,Cabai Merah Besar,kg,20/02/2026,0
Jawa Tengah,Kab. Wonosobo,Bawang Merah,kg,20/02/2026,38000
Jawa Tengah,Kab. Wonosobo,Bawang Putih Honan,kg,20/02/2026,35000
Jawa Tengah,Kab. Magelang,Beras Medium,kg,20/02/2026,13400
Jawa Tengah,Kab. Magelang,Beras Premium,kg,20/02/2026,14900
Jawa Tengah,Kab. Magelang,Gula Pasir Curah,kg,20/02/2026,17000
Jawa Tengah,Kab. Magelang,Minyak Goreng Sawit Kemasan Premium,lt,20/02/2026,20000
Jawa Tengah,Kab. Magelang,Minyak Goreng Sawit Curah,lt,20/02/2026,17800
Jawa Tengah,Kab. Magelang,Minyakita,lt,20/02/2026,15700
Jawa Tengah,Kab. Magelang,Daging Sapi Paha Belakang,kg,20/02/2026,138000
Jawa Tengah,Kab. Magelang,Daging Ayam Ras,kg,20/02/2026,38000
Jawa Tengah,Kab. Magelang,Telur Ayam Ras,kg,20/02/2026,29000
Jawa Tengah,Kab. Magelang,Tepung Terigu,kg,20/02/2026,11500
Jawa Tengah,Kab. Magelang,Kedelai Impor,kg,20/02/2026,11700
Jawa Tengah,Kab. Magelang,Cabai Merah Keriting,kg,20/02/2026,35000
Jawa Tengah,Kab. Magelang,Cabai Rawit Merah,kg,20/02/2026,70000
Jawa Tengah,Kab. Magelang,Cabai Merah Besar,kg,20/02/2026,40000
Jawa Tengah,Kab. Magelang,Bawang Merah,kg,20/02/2026,38000
Jawa Tengah,Kab. Magelang,Bawang Putih Honan,kg,20/02/2026,34000
Jawa Tengah,Kab. Boyolali,Beras Medium,kg,20/02/2026,13000
Jawa Tengah,Kab. Boyolali,Beras Premium,kg,20/02/2026,14867
Jawa Tengah,Kab. Boyolali,Gula Pasir Curah,kg,20/02/2026,16500
Jawa Tengah,Kab. Boyolali,Minyak Goreng Sawit Kemasan Premium,lt,20/02/2026,21000
Jawa Tengah,Kab. Boyolali,Minyak Goreng Sawit Curah,lt,20/02/2026,17500
Jawa Tengah,Kab. Boyolali,Minyakita,lt,20/02/2026,15700
Jawa Tengah,Kab. Boyolali,Daging Sapi Paha Belakang,kg,20/02/2026,130000
Jawa Tengah,Kab. Boyolali,Daging Ayam Ras,kg,20/02/2026,40000
Jawa Tengah,Kab. Boyolali,Telur Ayam Ras,kg,20/02/2026,30000
Jawa Tengah,Kab. Boyolali,Tepung Terigu,kg,20/02/2026,11667
Jawa Tengah,Kab. Boyolali,Kedelai Impor,kg,20/02/2026,11667
Jawa Tengah,Kab. Boyolali,Cabai Merah Keriting,kg,20/02/2026,41667
Jawa Tengah,Kab. Boyolali,Cabai Rawit Merah,kg,20/02/2026,93333
Jawa Tengah,Kab. Boyolali,Cabai Merah Besar,kg,20/02/2026,40000
Jawa Tengah,Kab. Boyolali,Bawang Merah,kg,20/02/2026,40000
Jawa Tengah,Kab. Boyolali,Bawang Putih Honan,kg,20/02/2026,33000
Jawa Tengah,Kab. Klaten,Beras Medium,kg,20/02/2026,13500
Jawa Tengah,Kab. Klaten,Beras Premium,kg,20/02/2026,14900
Jawa Tengah,Kab. Klaten,Gula Pasir Curah,kg,20/02/2026,17500
Jawa Tengah,Kab. Klaten,Minyak Goreng Sawit Kemasan Premium,lt,20/02/2026,21000
Jawa Tengah,Kab. Klaten,Minyak Goreng Sawit Curah,lt,20/02/2026,17500
Jawa Tengah,Kab. Klaten,Minyakita,lt,20/02/2026,15700
Jawa Tengah,Kab. Klaten,Daging Sapi Paha Belakang,kg,20/02/2026,125000
Jawa Tengah,Kab. Klaten,Daging Ayam Ras,kg,20/02/2026,38000
Jawa Tengah,Kab. Klaten,Telur Ayam Ras,kg,20/02/2026,30000
Jawa Tengah,Kab. Klaten,Tepung Terigu,kg,20/02/2026,11333
Jawa Tengah,Kab. Klaten,Kedelai Impor,kg,20/02/2026,10333
Jawa Tengah,Kab. Klaten,Cabai Merah Keriting,kg,20/02/2026,39333
Jawa Tengah,Kab. Klaten,Cabai Rawit Merah,kg,20/02/2026,90000
Jawa Tengah,Kab. Klaten,Cabai Merah Besar,kg,20/02/2026,40000
Jawa Tengah,Kab. Klaten,Bawang Merah,kg,20/02/2026,40000
Jawa Tengah,Kab. Klaten,Bawang Putih Honan,kg,20/02/2026,30000
Jawa Tengah,Kab. Sukoharjo,Beras Medium,kg,20/02/2026,13000
Jawa Tengah,Kab. Sukoharjo,Beras Premium,kg,20/02/2026,14500
Jawa Tengah,Kab. Sukoharjo,Gula Pasir Curah,kg,20/02/2026,17000
Jawa Tengah,Kab. Sukoharjo,Minyak Goreng Sawit Kemasan Premium,lt,20/02/2026,20667
Jawa Tengah,Kab. Sukoharjo,Minyak Goreng Sawit Curah,lt,20/02/2026,17000
Jawa Tengah,Kab. Sukoharjo,Minyakita,lt,20/02/2026,15700
Jawa Tengah,Kab. Sukoharjo,Daging Sapi Paha Belakang,kg,20/02/2026,125000
Jawa Tengah,Kab. Sukoharjo,Daging Ayam Ras,kg,20/02/2026,41333
Jawa Tengah,Kab. Sukoharjo,Telur Ayam Ras,kg,20/02/2026,29167
Jawa Tengah,Kab. Sukoharjo,Tepung Terigu,kg,20/02/2026,12000
Jawa Tengah,Kab. Sukoharjo,Kedelai Impor,kg,20/02/2026,10000
Jawa Tengah,Kab. Sukoharjo,Cabai Merah Keriting,kg,20/02/2026,43333
Jawa Tengah,Kab. Sukoharjo,Cabai Rawit Merah,kg,20/02/2026,98333
Jawa Tengah,Kab. Sukoharjo,Cabai Merah Besar,kg,20/02/2026,33333
Jawa Tengah,Kab. Sukoharjo,Bawang Merah,kg,20/02/2026,43000
Jawa Tengah,Kab. Sukoharjo,Bawang Putih Honan,kg,20/02/2026,32667
Jawa Tengah,Kab. Wonogiri,Beras Medium,kg,20/02/2026,13583
Jawa Tengah,Kab. Wonogiri,Beras Premium,kg,20/02/2026,14500
Jawa Tengah,Kab. Wonogiri,Gula Pasir Curah,kg,20/02/2026,17000
Jawa Tengah,Kab. Wonogiri,Minyak Goreng Sawit Kemasan Premium,lt,20/02/2026,21000
Jawa Tengah,Kab. Wonogiri,Minyak Goreng Sawit Curah,lt,20/02/2026,19500
Jawa Tengah,Kab. Wonogiri,Minyakita,lt,20/02/2026,15700
Jawa Tengah,Kab. Wonogiri,Daging Sapi Paha Belakang,kg,20/02/2026,130000
Jawa Tengah,Kab. Wonogiri,Daging Ayam Ras,kg,20/02/2026,40667
Jawa Tengah,Kab. Wonogiri,Telur Ayam Ras,kg,20/02/2026,29667
Jawa Tengah,Kab. Wonogiri,Tepung Terigu,kg,20/02/2026,11833
Jawa Tengah,Kab. Wonogiri,Kedelai Impor,kg,20/02/2026,11167
Jawa Tengah,Kab. Wonogiri,Cabai Merah Keriting,kg,20/02/2026,47667
Jawa Tengah,Kab. Wonogiri,Cabai Rawit Merah,kg,20/02/2026,110000
Jawa Tengah,Kab. Wonogiri,Cabai Merah Besar,kg,20/02/2026,25667
Jawa Tengah,Kab. Wonogiri,Bawang Merah,kg,20/02/2026,40333
Jawa Tengah,Kab. Wonogiri,Bawang Putih Honan,kg,20/02/2026,0
Jawa Tengah,Kab. Karanganyar,Beras Medium,kg,20/02/2026,13000
Jawa Tengah,Kab. Karanganyar,Beras Premium,kg,20/02/2026,14667
Jawa Tengah,Kab. Karanganyar,Gula Pasir Curah,kg,20/02/2026,16500
Jawa Tengah,Kab. Karanganyar,Minyak Goreng Sawit Kemasan Premium,lt,20/02/2026,20000
Jawa Tengah,Kab. Karanganyar,Minyak Goreng Sawit Curah,lt,20/02/2026,19000
Jawa Tengah,Kab. Karanganyar,Minyakita,lt,20/02/2026,15500
Jawa Tengah,Kab. Karanganyar,Daging Sapi Paha Belakang,kg,20/02/2026,125000
Jawa Tengah,Kab. Karanganyar,Daging Ayam Ras,kg,20/02/2026,40000
Jawa Tengah,Kab. Karanganyar,Telur Ayam Ras,kg,20/02/2026,30000
Jawa Tengah,Kab. Karanganyar,Tepung Terigu,kg,20/02/2026,12000
Jawa Tengah,Kab. Karanganyar,Kedelai Impor,kg,20/02/2026,9600
Jawa Tengah,Kab. Karanganyar,Cabai Merah Keriting,kg,20/02/2026,40000
Jawa Tengah,Kab. Karanganyar,Cabai Rawit Merah,kg,20/02/2026,110000
Jawa Tengah,Kab. Karanganyar,Cabai Merah Besar,kg,20/02/2026,40000
Jawa Tengah,Kab. Karanganyar,Bawang Merah,kg,20/02/2026,40000
Jawa Tengah,Kab. Karanganyar,Bawang Putih Honan,kg,20/02/2026,30000
Jawa Tengah,Kab. Sragen,Beras Medium,kg,20/02/2026,13400
Jawa Tengah,Kab. Sragen,Beras Premium,kg,20/02/2026,14400
Jawa Tengah,Kab. Sragen,Gula Pasir Curah,kg,20/02/2026,16750
Jawa Tengah,Kab. Sragen,Minyak Goreng Sawit Kemasan Premium,lt,20/02/2026,19750
Jawa Tengah,Kab. Sragen,Minyak Goreng Sawit Curah,lt,20/02/2026,18600
Jawa Tengah,Kab. Sragen,Minyakita,lt,20/02/2026,15700
Jawa Tengah,Kab. Sragen,Daging Sapi Paha Belakang,kg,20/02/2026,120000
Jawa Tengah,Kab. Sragen,Daging Ayam Ras,kg,20/02/2026,40000
Jawa Tengah,Kab. Sragen,Telur Ayam Ras,kg,20/02/2026,29667
Jawa Tengah,Kab. Sragen,Tepung Terigu,kg,20/02/2026,12000
Jawa Tengah,Kab. Sragen,Kedelai Impor,kg,20/02/2026,9650
Jawa Tengah,Kab. Sragen,Cabai Merah Keriting,kg,20/02/2026,38000
Jawa Tengah,Kab. Sragen,Cabai Rawit Merah,kg,20/02/2026,85000
Jawa Tengah,Kab. Sragen,Cabai Merah Besar,kg,20/02/2026,27000
Jawa Tengah,Kab. Sragen,Bawang Merah,kg,20/02/2026,40000
Jawa Tengah,Kab. Sragen,Bawang Putih Honan,kg,20/02/2026,31333
Jawa Tengah,Kab. Grobogan,Beras Medium,kg,20/02/2026,13000
Jawa Tengah,Kab. Grobogan,Beras Premium,kg,20/02/2026,14825
Jawa Tengah,Kab. Grobogan,Gula Pasir Curah,kg,20/02/2026,17000
Jawa Tengah,Kab. Grobogan,Minyak Goreng Sawit Kemasan Premium,lt,20/02/2026,19000
Jawa Tengah,Kab. Grobogan,Minyak Goreng Sawit Curah,lt,20/02/2026,16000
Jawa Tengah,Kab. Grobogan,Minyakita,lt,20/02/2026,15700
Jawa Tengah,Kab. Grobogan,Daging Sapi Paha Belakang,kg,20/02/2026,130000
Jawa Tengah,Kab. Grobogan,Daging Ayam Ras,kg,20/02/2026,40000
Jawa Tengah,Kab. Grobogan,Telur Ayam Ras,kg,20/02/2026,30000
Jawa Tengah,Kab. Grobogan,Tepung Terigu,kg,20/02/2026,10500
Jawa Tengah,Kab. Grobogan,Kedelai Impor,kg,20/02/2026,11000
Jawa Tengah,Kab. Grobogan,Cabai Merah Keriting,kg,20/02/2026,30000
Jawa Tengah,Kab. Grobogan,Cabai Rawit Merah,kg,20/02/2026,62000
Jawa Tengah,Kab. Grobogan,Cabai Merah Besar,kg,20/02/2026,50000
Jawa Tengah,Kab. Grobogan,Bawang Merah,kg,20/02/2026,36000
Jawa Tengah,Kab. Grobogan,Bawang Putih Honan,kg,20/02/2026,31000
Jawa Tengah,Kab. Blora,Beras Medium,kg,20/02/2026,11592
Jawa Tengah,Kab. Blora,Beras Premium,kg,20/02/2026,13525
Jawa Tengah,Kab. Blora,Gula Pasir Curah,kg,20/02/2026,16500
Jawa Tengah,Kab. Blora,Minyak Goreng Sawit Kemasan Premium,lt,20/02/2026,19300
Jawa Tengah,Kab. Blora,Minyak Goreng Sawit Curah,lt,20/02/2026,16300
Jawa Tengah,Kab. Blora,Minyakita,lt,20/02/2026,15700
Jawa Tengah,Kab. Blora,Daging Sapi Paha Belakang,kg,20/02/2026,125000
Jawa Tengah,Kab. Blora,Daging Ayam Ras,kg,20/02/2026,40000
Jawa Tengah,Kab. Blora,Telur Ayam Ras,kg,20/02/2026,29667
Jawa Tengah,Kab. Blora,Tepung Terigu,kg,20/02/2026,12300
Jawa Tengah,Kab. Blora,Kedelai Impor,kg,20/02/2026,11500
Jawa Tengah,Kab. Blora,Cabai Merah Keriting,kg,20/02/2026,29333
Jawa Tengah,Kab. Blora,Cabai Rawit Merah,kg,20/02/2026,60333
Jawa Tengah,Kab. Blora,Cabai Merah Besar,kg,20/02/2026,0
Jawa Tengah,Kab. Blora,Bawang Merah,kg,20/02/2026,35333
Jawa Tengah,Kab. Blora,Bawang Putih Honan,kg,20/02/2026,30333
Jawa Tengah,Kab. Rembang,Beras Medium,kg,20/02/2026,13333
Jawa Tengah,Kab. Rembang,Beras Premium,kg,20/02/2026,14900
Jawa Tengah,Kab. Rembang,Gula Pasir Curah,kg,20/02/2026,16333
Jawa Tengah,Kab. Rembang,Minyak Goreng Sawit Kemasan Premium,lt,20/02/2026,21000
Jawa Tengah,Kab. Rembang,Minyak Goreng Sawit Curah,lt,20/02/2026,18822
Jawa Tengah,Kab. Rembang,Minyakita,lt,20/02/2026,15633
Jawa Tengah,Kab. Rembang,Daging Sapi Paha Belakang,kg,20/02/2026,125000
Jawa Tengah,Kab. Rembang,Daging Ayam Ras,kg,20/02/2026,39333
Jawa Tengah,Kab. Rembang,Telur Ayam Ras,kg,20/02/2026,31000
Jawa Tengah,Kab. Rembang,Tepung Terigu,kg,20/02/2026,11500
Jawa Tengah,Kab. Rembang,Kedelai Impor,kg,20/02/2026,11167
Jawa Tengah,Kab. Rembang,Cabai Merah Keriting,kg,20/02/2026,36667
Jawa Tengah,Kab. Rembang,Cabai Rawit Merah,kg,20/02/2026,91667
Jawa Tengah,Kab. Rembang,Cabai Merah Besar,kg,20/02/2026,61667
Jawa Tengah,Kab. Rembang,Bawang Merah,kg,20/02/2026,40667
Jawa Tengah,Kab. Rembang,Bawang Putih Honan,kg,20/02/2026,34000
Jawa Tengah,Kab. Pati,Beras Medium,kg,20/02/2026,13500
Jawa Tengah,Kab. Pati,Beras Premium,kg,20/02/2026,14650
Jawa Tengah,Kab. Pati,Gula Pasir Curah,kg,20/02/2026,17000
Jawa Tengah,Kab. Pati,Minyak Goreng Sawit Kemasan Premium,lt,20/02/2026,20000
Jawa Tengah,Kab. Pati,Minyak Goreng Sawit Curah,lt,20/02/2026,18000
Jawa Tengah,Kab. Pati,Minyakita,lt,20/02/2026,15700
Jawa Tengah,Kab. Pati,Daging Sapi Paha Belakang,kg,20/02/2026,120000
Jawa Tengah,Kab. Pati,Daging Ayam Ras,kg,20/02/2026,40000
Jawa Tengah,Kab. Pati,Telur Ayam Ras,kg,20/02/2026,32000
Jawa Tengah,Kab. Pati,Tepung Terigu,kg,20/02/2026,12500
Jawa Tengah,Kab. Pati,Kedelai Impor,kg,20/02/2026,10500
Jawa Tengah,Kab. Pati,Cabai Merah Keriting,kg,20/02/2026,40000
Jawa Tengah,Kab. Pati,Cabai Rawit Merah,kg,20/02/2026,95000
Jawa Tengah,Kab. Pati,Cabai Merah Besar,kg,20/02/2026,50000
Jawa Tengah,Kab. Pati,Bawang Merah,kg,20/02/2026,42000
Jawa Tengah,Kab. Pati,Bawang Putih Honan,kg,20/02/2026,34000
Jawa Tengah,Kab. Kudus,Beras Medium,kg,20/02/2026,13500
Jawa Tengah,Kab. Kudus,Beras Premium,kg,20/02/2026,14900
Jawa Tengah,Kab. Kudus,Gula Pasir Curah,kg,20/02/2026,16500
Jawa Tengah,Kab. Kudus,Minyak Goreng Sawit Kemasan Premium,lt,20/02/2026,19833
Jawa Tengah,Kab. Kudus,Minyak Goreng Sawit Curah,lt,20/02/2026,17000
Jawa Tengah,Kab. Kudus,Minyakita,lt,20/02/2026,15700
Jawa Tengah,Kab. Kudus,Daging Sapi Paha Belakang,kg,20/02/2026,125000
Jawa Tengah,Kab. Kudus,Daging Ayam Ras,kg,20/02/2026,36000
Jawa Tengah,Kab. Kudus,Telur Ayam Ras,kg,20/02/2026,30000
Jawa Tengah,Kab. Kudus,Tepung Terigu,kg,20/02/2026,12000
Jawa Tengah,Kab. Kudus,Kedelai Impor,kg,20/02/2026,11500
Jawa Tengah,Kab. Kudus,Cabai Merah Keriting,kg,20/02/2026,30000
Jawa Tengah,Kab. Kudus,Cabai Rawit Merah,kg,20/02/2026,75000
Jawa Tengah,Kab. Kudus,Cabai Merah Besar,kg,20/02/2026,40000
Jawa Tengah,Kab. Kudus,Bawang Merah,kg,20/02/2026,41000
Jawa Tengah,Kab. Kudus,Bawang Putih Honan,kg,20/02/2026,0
Jawa Tengah,Kab. Jepara,Beras Medium,kg,20/02/2026,13000
Jawa Tengah,Kab. Jepara,Beras Premium,kg,20/02/2026,14900
Jawa Tengah,Kab. Jepara,Gula Pasir Curah,kg,20/02/2026,17000
Jawa Tengah,Kab. Jepara,Minyak Goreng Sawit Kemasan Premium,lt,20/02/2026,21000
Jawa Tengah,Kab. Jepara,Minyak Goreng Sawit Curah,lt,20/02/2026,17500
Jawa Tengah,Kab. Jepara,Minyakita,lt,20/02/2026,15500
Jawa Tengah,Kab. Jepara,Daging Sapi Paha Belakang,kg,20/02/2026,130000
Jawa Tengah,Kab. Jepara,Daging Ayam Ras,kg,20/02/2026,40000
Jawa Tengah,Kab. Jepara,Telur Ayam Ras,kg,20/02/2026,30000
Jawa Tengah,Kab. Jepara,Tepung Terigu,kg,20/02/2026,12000
Jawa Tengah,Kab. Jepara,Kedelai Impor,kg,20/02/2026,10500
Jawa Tengah,Kab. Jepara,Cabai Merah Keriting,kg,20/02/2026,38000
Jawa Tengah,Kab. Jepara,Cabai Rawit Merah,kg,20/02/2026,80000
Jawa Tengah,Kab. Jepara,Cabai Merah Besar,kg,20/02/2026,40000
Jawa Tengah,Kab. Jepara,Bawang Merah,kg,20/02/2026,40000
Jawa Tengah,Kab. Jepara,Bawang Putih Honan,kg,20/02/2026,32000
Jawa Tengah,Kab. Demak,Beras Medium,kg,20/02/2026,12800
Jawa Tengah,Kab. Demak,Beras Premium,kg,20/02/2026,14250
Jawa Tengah,Kab. Demak,Gula Pasir Curah,kg,20/02/2026,16500
Jawa Tengah,Kab. Demak,Minyak Goreng Sawit Kemasan Premium,lt,20/02/2026,20250
Jawa Tengah,Kab. Demak,Minyak Goreng Sawit Curah,lt,20/02/2026,16167
Jawa Tengah,Kab. Demak,Minyakita,lt,20/02/2026,15350
Jawa Tengah,Kab. Demak,Daging Sapi Paha Belakang,kg,20/02/2026,130000
Jawa Tengah,Kab. Demak,Daging Ayam Ras,kg,20/02/2026,35000
Jawa Tengah,Kab. Demak,Telur Ayam Ras,kg,20/02/2026,28000
Jawa Tengah,Kab. Demak,Tepung Terigu,kg,20/02/2026,11250
Jawa Tengah,Kab. Demak,Kedelai Impor,kg,20/02/2026,10000
Jawa Tengah,Kab. Demak,Cabai Merah Keriting,kg,20/02/2026,30000
Jawa Tengah,Kab. Demak,Cabai Rawit Merah,kg,20/02/2026,40000
Jawa Tengah,Kab. Demak,Cabai Merah Besar,kg,20/02/2026,34667
Jawa Tengah,Kab. Demak,Bawang Merah,kg,20/02/2026,33667
Jawa Tengah,Kab. Demak,Bawang Putih Honan,kg,20/02/2026,30000
Jawa Tengah,Kab. Semarang,Beras Medium,kg,20/02/2026,13583
Jawa Tengah,Kab. Semarang,Beras Premium,kg,20/02/2026,15033
Jawa Tengah,Kab. Semarang,Gula Pasir Curah,kg,20/02/2026,17250
Jawa Tengah,Kab. Semarang,Minyak Goreng Sawit Kemasan Premium,lt,20/02/2026,21167
Jawa Tengah,Kab. Semarang,Minyak Goreng Sawit Curah,lt,20/02/2026,18450
Jawa Tengah,Kab. Semarang,Minyakita,lt,20/02/2026,15600
Jawa Tengah,Kab. Semarang,Daging Sapi Paha Belakang,kg,20/02/2026,136667
Jawa Tengah,Kab. Semarang,Daging Ayam Ras,kg,20/02/2026,37833
Jawa Tengah,Kab. Semarang,Telur Ayam Ras,kg,20/02/2026,30000
Jawa Tengah,Kab. Semarang,Tepung Terigu,kg,20/02/2026,12000
Jawa Tengah,Kab. Semarang,Kedelai Impor,kg,20/02/2026,9950
Jawa Tengah,Kab. Semarang,Cabai Merah Keriting,kg,20/02/2026,45000
Jawa Tengah,Kab. Semarang,Cabai Rawit Merah,kg,20/02/2026,85833
Jawa Tengah,Kab. Semarang,Cabai Merah Besar,kg,20/02/2026,40000
Jawa Tengah,Kab. Semarang,Bawang Merah,kg,20/02/2026,40833
Jawa Tengah,Kab. Semarang,Bawang Putih Honan,kg,20/02/2026,35000
Jawa Tengah,Kab. Temanggung,Beras Medium,kg,20/02/2026,13500
Jawa Tengah,Kab. Temanggung,Beras Premium,kg,20/02/2026,14800
Jawa Tengah,Kab. Temanggung,Gula Pasir Curah,kg,20/02/2026,16750
Jawa Tengah,Kab. Temanggung,Minyak Goreng Sawit Kemasan Premium,lt,20/02/2026,19000
Jawa Tengah,Kab. Temanggung,Minyak Goreng Sawit Curah,lt,20/02/2026,19000
Jawa Tengah,Kab. Temanggung,Minyakita,lt,20/02/2026,15700
Jawa Tengah,Kab. Temanggung,Daging Sapi Paha Belakang,kg,20/02/2026,135000
Jawa Tengah,Kab. Temanggung,Daging Ayam Ras,kg,20/02/2026,39000
Jawa Tengah,Kab. Temanggung,Telur Ayam Ras,kg,20/02/2026,29333
Jawa Tengah,Kab. Temanggung,Tepung Terigu,kg,20/02/2026,11750
Jawa Tengah,Kab. Temanggung,Kedelai Impor,kg,20/02/2026,9700
Jawa Tengah,Kab. Temanggung,Cabai Merah Keriting,kg,20/02/2026,42500
Jawa Tengah,Kab. Temanggung,Cabai Rawit Merah,kg,20/02/2026,95000
Jawa Tengah,Kab. Temanggung,Cabai Merah Besar,kg,20/02/2026,47500
Jawa Tengah,Kab. Temanggung,Bawang Merah,kg,20/02/2026,43000
Jawa Tengah,Kab. Temanggung,Bawang Putih Honan,kg,20/02/2026,36667
Jawa Tengah,Kab. Kendal,Beras Medium,kg,20/02/2026,13500
Jawa Tengah,Kab. Kendal,Beras Premium,kg,20/02/2026,14900
Jawa Tengah,Kab. Kendal,Gula Pasir Curah,kg,20/02/2026,17167
Jawa Tengah,Kab. Kendal,Minyak Goreng Sawit Kemasan Premium,lt,20/02/2026,21000
Jawa Tengah,Kab. Kendal,Minyak Goreng Sawit Curah,lt,20/02/2026,17700
Jawa Tengah,Kab. Kendal,Minyakita,lt,20/02/2026,15700
Jawa Tengah,Kab. Kendal,Daging Sapi Paha Belakang,kg,20/02/2026,135000
Jawa Tengah,Kab. Kendal,Daging Ayam Ras,kg,20/02/2026,40333
Jawa Tengah,Kab. Kendal,Telur Ayam Ras,kg,20/02/2026,29333
Jawa Tengah,Kab. Kendal,Tepung Terigu,kg,20/02/2026,11667
Jawa Tengah,Kab. Kendal,Kedelai Impor,kg,20/02/2026,9800
Jawa Tengah,Kab. Kendal,Cabai Merah Keriting,kg,20/02/2026,42667
Jawa Tengah,Kab. Kendal,Cabai Rawit Merah,kg,20/02/2026,84000
Jawa Tengah,Kab. Kendal,Cabai Merah Besar,kg,20/02/2026,42333
Jawa Tengah,Kab. Kendal,Bawang Merah,kg,20/02/2026,39333
Jawa Tengah,Kab. Kendal,Bawang Putih Honan,kg,20/02/2026,32000
Jawa Tengah,Kab. Batang,Beras Medium,kg,20/02/2026,13200
Jawa Tengah,Kab. Batang,Beras Premium,kg,20/02/2026,14700
Jawa Tengah,Kab. Batang,Gula Pasir Curah,kg,20/02/2026,16500
Jawa Tengah,Kab. Batang,Minyak Goreng Sawit Kemasan Premium,lt,20/02/2026,19500
Jawa Tengah,Kab. Batang,Minyak Goreng Sawit Curah,lt,20/02/2026,17100
Jawa Tengah,Kab. Batang,Minyakita,lt,20/02/2026,15700
Jawa Tengah,Kab. Batang,Daging Sapi Paha Belakang,kg,20/02/2026,125000
Jawa Tengah,Kab. Batang,Daging Ayam Ras,kg,20/02/2026,40000
Jawa Tengah,Kab. Batang,Telur Ayam Ras,kg,20/02/2026,30000
Jawa Tengah,Kab. Batang,Tepung Terigu,kg,20/02/2026,11500
Jawa Tengah,Kab. Batang,Kedelai Impor,kg,20/02/2026,10400
Jawa Tengah,Kab. Batang,Cabai Merah Keriting,kg,20/02/2026,42000
Jawa Tengah,Kab. Batang,Cabai Rawit Merah,kg,20/02/2026,75000
Jawa Tengah,Kab. Batang,Cabai Merah Besar,kg,20/02/2026,38000
Jawa Tengah,Kab. Batang,Bawang Merah,kg,20/02/2026,38000
Jawa Tengah,Kab. Batang,Bawang Putih Honan,kg,20/02/2026,32000
Jawa Tengah,Kab. Pekalongan,Beras Medium,kg,20/02/2026,13200
Jawa Tengah,Kab. Pekalongan,Beras Premium,kg,20/02/2026,14500
Jawa Tengah,Kab. Pekalongan,Gula Pasir Curah,kg,20/02/2026,17000
Jawa Tengah,Kab. Pekalongan,Minyak Goreng Sawit Kemasan Premium,lt,20/02/2026,21000
Jawa Tengah,Kab. Pekalongan,Minyak Goreng Sawit Curah,lt,20/02/2026,17550
Jawa Tengah,Kab. Pekalongan,Minyakita,lt,20/02/2026,15700
Jawa Tengah,Kab. Pekalongan,Daging Sapi Paha Belakang,kg,20/02/2026,140000
Jawa Tengah,Kab. Pekalongan,Daging Ayam Ras,kg,20/02/2026,42000
Jawa Tengah,Kab. Pekalongan,Telur Ayam Ras,kg,20/02/2026,30000
Jawa Tengah,Kab. Pekalongan,Tepung Terigu,kg,20/02/2026,12000
Jawa Tengah,Kab. Pekalongan,Kedelai Impor,kg,20/02/2026,9800
Jawa Tengah,Kab. Pekalongan,Cabai Merah Keriting,kg,20/02/2026,45000
Jawa Tengah,Kab. Pekalongan,Cabai Rawit Merah,kg,20/02/2026,83000
Jawa Tengah,Kab. Pekalongan,Cabai Merah Besar,kg,20/02/2026,32000
Jawa Tengah,Kab. Pekalongan,Bawang Merah,kg,20/02/2026,38000
Jawa Tengah,Kab. Pekalongan,Bawang Putih Honan,kg,20/02/2026,33000
Jawa Tengah,Kab. Pemalang,Beras Medium,kg,20/02/2026,13000
Jawa Tengah,Kab. Pemalang,Beras Premium,kg,20/02/2026,14800
Jawa Tengah,Kab. Pemalang,Gula Pasir Curah,kg,20/02/2026,17167
Jawa Tengah,Kab. Pemalang,Minyak Goreng Sawit Kemasan Premium,lt,20/02/2026,21000
Jawa Tengah,Kab. Pemalang,Minyak Goreng Sawit Curah,lt,20/02/2026,17167
Jawa Tengah,Kab. Pemalang,Minyakita,lt,20/02/2026,15700
Jawa Tengah,Kab. Pemalang,Daging Sapi Paha Belakang,kg,20/02/2026,130000
Jawa Tengah,Kab. Pemalang,Daging Ayam Ras,kg,20/02/2026,40000
Jawa Tengah,Kab. Pemalang,Telur Ayam Ras,kg,20/02/2026,30000
Jawa Tengah,Kab. Pemalang,Tepung Terigu,kg,20/02/2026,12000
Jawa Tengah,Kab. Pemalang,Kedelai Impor,kg,20/02/2026,11500
Jawa Tengah,Kab. Pemalang,Cabai Merah Keriting,kg,20/02/2026,42667
Jawa Tengah,Kab. Pemalang,Cabai Rawit Merah,kg,20/02/2026,62000
Jawa Tengah,Kab. Pemalang,Cabai Merah Besar,kg,20/02/2026,32000
Jawa Tengah,Kab. Pemalang,Bawang Merah,kg,20/02/2026,40333
Jawa Tengah,Kab. Pemalang,Bawang Putih Honan,kg,20/02/2026,33000
Jawa Tengah,Kab. Tegal,Beras Medium,kg,20/02/2026,13000
Jawa Tengah,Kab. Tegal,Beras Premium,kg,20/02/2026,14083
Jawa Tengah,Kab. Tegal,Gula Pasir Curah,kg,20/02/2026,0
Jawa Tengah,Kab. Tegal,Minyak Goreng Sawit Kemasan Premium,lt,20/02/2026,21167
Jawa Tengah,Kab. Tegal,Minyak Goreng Sawit Curah,lt,20/02/2026,17833
Jawa Tengah,Kab. Tegal,Minyakita,lt,20/02/2026,15700
Jawa Tengah,Kab. Tegal,Daging Sapi Paha Belakang,kg,20/02/2026,138333
Jawa Tengah,Kab. Tegal,Daging Ayam Ras,kg,20/02/2026,42000
Jawa Tengah,Kab. Tegal,Telur Ayam Ras,kg,20/02/2026,30333
Jawa Tengah,Kab. Tegal,Tepung Terigu,kg,20/02/2026,11000
Jawa Tengah,Kab. Tegal,Kedelai Impor,kg,20/02/2026,9983
Jawa Tengah,Kab. Tegal,Cabai Merah Keriting,kg,20/02/2026,53500
Jawa Tengah,Kab. Tegal,Cabai Rawit Merah,kg,20/02/2026,97500
Jawa Tengah,Kab. Tegal,Cabai Merah Besar,kg,20/02/2026,33500
Jawa Tengah,Kab. Tegal,Bawang Merah,kg,20/02/2026,40000
Jawa Tengah,Kab. Tegal,Bawang Putih Honan,kg,20/02/2026,30333
Jawa Tengah,Kab. Brebes,Beras Medium,kg,20/02/2026,13333
Jawa Tengah,Kab. Brebes,Beras Premium,kg,20/02/2026,14583
Jawa Tengah,Kab. Brebes,Gula Pasir Curah,kg,20/02/2026,17000
Jawa Tengah,Kab. Brebes,Minyak Goreng Sawit Kemasan Premium,lt,20/02/2026,21000
Jawa Tengah,Kab. Brebes,Minyak Goreng Sawit Curah,lt,20/02/2026,18167
Jawa Tengah,Kab. Brebes,Minyakita,lt,20/02/2026,15700
Jawa Tengah,Kab. Brebes,Daging Sapi Paha Belakang,kg,20/02/2026,145000
Jawa Tengah,Kab. Brebes,Daging Ayam Ras,kg,20/02/2026,42000
Jawa Tengah,Kab. Brebes,Telur Ayam Ras,kg,20/02/2026,31000
Jawa Tengah,Kab. Brebes,Tepung Terigu,kg,20/02/2026,12000
Jawa Tengah,Kab. Brebes,Kedelai Impor,kg,20/02/2026,0
Jawa Tengah,Kab. Brebes,Cabai Merah Keriting,kg,20/02/2026,38667
Jawa Tengah,Kab. Brebes,Cabai Rawit Merah,kg,20/02/2026,70000
Jawa Tengah,Kab. Brebes,Cabai Merah Besar,kg,20/02/2026,38000
Jawa Tengah,Kab. Brebes,Bawang Merah,kg,20/02/2026,38000
Jawa Tengah,Kab. Brebes,Bawang Putih Honan,kg,20/02/2026,35000
Jawa Tengah,Kota Magelang,Beras Medium,kg,20/02/2026,13500
Jawa Tengah,Kota Magelang,Beras Premium,kg,20/02/2026,14833
Jawa Tengah,Kota Magelang,Gula Pasir Curah,kg,20/02/2026,16833
Jawa Tengah,Kota Magelang,Minyak Goreng Sawit Kemasan Premium,lt,20/02/2026,20333
Jawa Tengah,Kota Magelang,Minyak Goreng Sawit Curah,lt,20/02/2026,16500
Jawa Tengah,Kota Magelang,Minyakita,lt,20/02/2026,15700
Jawa Tengah,Kota Magelang,Daging Sapi Paha Belakang,kg,20/02/2026,135000
Jawa Tengah,Kota Magelang,Daging Ayam Ras,kg,20/02/2026,39333
Jawa Tengah,Kota Magelang,Telur Ayam Ras,kg,20/02/2026,28667
Jawa Tengah,Kota Magelang,Tepung Terigu,kg,20/02/2026,12000
Jawa Tengah,Kota Magelang,Kedelai Impor,kg,20/02/2026,11000
Jawa Tengah,Kota Magelang,Cabai Merah Keriting,kg,20/02/2026,43000
Jawa Tengah,Kota Magelang,Cabai Rawit Merah,kg,20/02/2026,76000
Jawa Tengah,Kota Magelang,Cabai Merah Besar,kg,20/02/2026,47000
Jawa Tengah,Kota Magelang,Bawang Merah,kg,20/02/2026,39333
Jawa Tengah,Kota Magelang,Bawang Putih Honan,kg,20/02/2026,33000
Jawa Tengah,Kota Surakarta,Beras Medium,kg,20/02/2026,14417
Jawa Tengah,Kota Surakarta,Beras Premium,kg,20/02/2026,15750
Jawa Tengah,Kota Surakarta,Gula Pasir Curah,kg,20/02/2026,17000
Jawa Tengah,Kota Surakarta,Minyak Goreng Sawit Kemasan Premium,lt,20/02/2026,21667
Jawa Tengah,Kota Surakarta,Minyak Goreng Sawit Curah,lt,20/02/2026,20000
Jawa Tengah,Kota Surakarta,Minyakita,lt,20/02/2026,15700
Jawa Tengah,Kota Surakarta,Daging Sapi Paha Belakang,kg,20/02/2026,135000
Jawa Tengah,Kota Surakarta,Daging Ayam Ras,kg,20/02/2026,40000
Jawa Tengah,Kota Surakarta,Telur Ayam Ras,kg,20/02/2026,29000
Jawa Tengah,Kota Surakarta,Tepung Terigu,kg,20/02/2026,11250
Jawa Tengah,Kota Surakarta,Kedelai Impor,kg,20/02/2026,12000
Jawa Tengah,Kota Surakarta,Cabai Merah Keriting,kg,20/02/2026,40000
Jawa Tengah,Kota Surakarta,Cabai Rawit Merah,kg,20/02/2026,100000
Jawa Tengah,Kota Surakarta,Cabai Merah Besar,kg,20/02/2026,25000
Jawa Tengah,Kota Surakarta,Bawang Merah,kg,20/02/2026,36000
Jawa Tengah,Kota Surakarta,Bawang Putih Honan,kg,20/02/2026,28000
Jawa Tengah,Kota Salatiga,Beras Medium,kg,20/02/2026,13400
Jawa Tengah,Kota Salatiga,Beras Premium,kg,20/02/2026,14267
Jawa Tengah,Kota Salatiga,Gula Pasir Curah,kg,20/02/2026,17500
Jawa Tengah,Kota Salatiga,Minyak Goreng Sawit Kemasan Premium,lt,20/02/2026,22000
Jawa Tengah,Kota Salatiga,Minyak Goreng Sawit Curah,lt,20/02/2026,17100
Jawa Tengah,Kota Salatiga,Minyakita,lt,20/02/2026,15700
Jawa Tengah,Kota Salatiga,Daging Sapi Paha Belakang,kg,20/02/2026,120000
Jawa Tengah,Kota Salatiga,Daging Ayam Ras,kg,20/02/2026,39000
Jawa Tengah,Kota Salatiga,Telur Ayam Ras,kg,20/02/2026,29000
Jawa Tengah,Kota Salatiga,Tepung Terigu,kg,20/02/2026,12000
Jawa Tengah,Kota Salatiga,Kedelai Impor,kg,20/02/2026,12000
Jawa Tengah,Kota Salatiga,Cabai Merah Keriting,kg,20/02/2026,39000
Jawa Tengah,Kota Salatiga,Cabai Rawit Merah,kg,20/02/2026,98333
Jawa Tengah,Kota Salatiga,Cabai Merah Besar,kg,20/02/2026,48333
Jawa Tengah,Kota Salatiga,Bawang Merah,kg,20/02/2026,43333
Jawa Tengah,Kota Salatiga,Bawang Putih Honan,kg,20/02/2026,32000
Jawa Tengah,Kota Semarang,Beras Medium,kg,20/02/2026,13792
Jawa Tengah,Kota Semarang,Beras Premium,kg,20/02/2026,15292
Jawa Tengah,Kota Semarang,Gula Pasir Curah,kg,20/02/2026,17000
Jawa Tengah,Kota Semarang,Minyak Goreng Sawit Kemasan Premium,lt,20/02/2026,21500
Jawa Tengah,Kota Semarang,Minyak Goreng Sawit Curah,lt,20/02/2026,19833
Jawa Tengah,Kota Semarang,Minyakita,lt,20/02/2026,15700
Jawa Tengah,Kota Semarang,Daging Sapi Paha Belakang,kg,20/02/2026,130000
Jawa Tengah,Kota Semarang,Daging Ayam Ras,kg,20/02/2026,41333
Jawa Tengah,Kota Semarang,Telur Ayam Ras,kg,20/02/2026,30000
Jawa Tengah,Kota Semarang,Tepung Terigu,kg,20/02/2026,11750
Jawa Tengah,Kota Semarang,Kedelai Impor,kg,20/02/2026,0
Jawa Tengah,Kota Semarang,Cabai Merah Keriting,kg,20/02/2026,49167
Jawa Tengah,Kota Semarang,Cabai Rawit Merah,kg,20/02/2026,96333
Jawa Tengah,Kota Semarang,Cabai Merah Besar,kg,20/02/2026,37500
Jawa Tengah,Kota Semarang,Bawang Merah,kg,20/02/2026,39667
Jawa Tengah,Kota Semarang,Bawang Putih Honan,kg,20/02/2026,0
Jawa Tengah,Kota Pekalongan,Beras Medium,kg,20/02/2026,13500
Jawa Tengah,Kota Pekalongan,Beras Premium,kg,20/02/2026,14900
Jawa Tengah,Kota Pekalongan,Gula Pasir Curah,kg,20/02/2026,17000
Jawa Tengah,Kota Pekalongan,Minyak Goreng Sawit Kemasan Premium,lt,20/02/2026,21000
Jawa Tengah,Kota Pekalongan,Minyak Goreng Sawit Curah,lt,20/02/2026,18000
Jawa Tengah,Kota Pekalongan,Minyakita,lt,20/02/2026,15700
Jawa Tengah,Kota Pekalongan,Daging Sapi Paha Belakang,kg,20/02/2026,120000
Jawa Tengah,Kota Pekalongan,Daging Ayam Ras,kg,20/02/2026,40000
Jawa Tengah,Kota Pekalongan,Telur Ayam Ras,kg,20/02/2026,29500
Jawa Tengah,Kota Pekalongan,Tepung Terigu,kg,20/02/2026,11000
Jawa Tengah,Kota Pekalongan,Kedelai Impor,kg,20/02/2026,10000
Jawa Tengah,Kota Pekalongan,Cabai Merah Keriting,kg,20/02/2026,36000
Jawa Tengah,Kota Pekalongan,Cabai Rawit Merah,kg,20/02/2026,70000
Jawa Tengah,Kota Pekalongan,Cabai Merah Besar,kg,20/02/2026,30000
Jawa Tengah,Kota Pekalongan,Bawang Merah,kg,20/02/2026,40000
Jawa Tengah,Kota Pekalongan,Bawang Putih Honan,kg,20/02/2026,0
Jawa Tengah,Kota Tegal,Beras Medium,kg,20/02/2026,13250
Jawa Tengah,Kota Tegal,Beras Premium,kg,20/02/2026,14900
Jawa Tengah,Kota Tegal,Gula Pasir Curah,kg,20/02/2026,17333
Jawa Tengah,Kota Tegal,Minyak Goreng Sawit Kemasan Premium,lt,20/02/2026,21500
Jawa Tengah,Kota Tegal,Minyak Goreng Sawit Curah,lt,20/02/2026,17700
Jawa Tengah,Kota Tegal,Minyakita,lt,20/02/2026,15700
Jawa Tengah,Kota Tegal,Daging Sapi Paha Belakang,kg,20/02/2026,140000
Jawa Tengah,Kota Tegal,Daging Ayam Ras,kg,20/02/2026,43000
Jawa Tengah,Kota Tegal,Telur Ayam Ras,kg,20/02/2026,30833
Jawa Tengah,Kota Tegal,Tepung Terigu,kg,20/02/2026,11833
Jawa Tengah,Kota Tegal,Kedelai Impor,kg,20/02/2026,10500
Jawa Tengah,Kota Tegal,Cabai Merah Keriting,kg,20/02/2026,55000
Jawa Tengah,Kota Tegal,Cabai Rawit Merah,kg,20/02/2026,100000
Jawa Tengah,Kota Tegal,Cabai Merah Besar,kg,20/02/2026,38333
Jawa Tengah,Kota Tegal,Bawang Merah,kg,20/02/2026,41667
Jawa Tengah,Kota Tegal,Bawang Putih Honan,kg,20/02/2026,34667
Jawa Tengah,Kab. Cilacap,Beras Medium,kg,21/02/2026,0
Jawa Tengah,Kab. Cilacap,Beras Premium,kg,21/02/2026,0
Jawa Tengah,Kab. Cilacap,Gula Pasir Curah,kg,21/02/2026,0
Jawa Tengah,Kab. Cilacap,Minyak Goreng Sawit Kemasan Premium,lt,21/02/2026,0
Jawa Tengah,Kab. Cilacap,Minyak Goreng Sawit Curah,lt,21/02/2026,0
Jawa Tengah,Kab. Cilacap,Minyakita,lt,21/02/2026,0
Jawa Tengah,Kab. Cilacap,Daging Sapi Paha Belakang,kg,21/02/2026,0
Jawa Tengah,Kab. Cilacap,Daging Ayam Ras,kg,21/02/2026,0
Jawa Tengah,Kab. Cilacap,Telur Ayam Ras,kg,21/02/2026,0
Jawa Tengah,Kab. Cilacap,Tepung Terigu,kg,21/02/2026,0
Jawa Tengah,Kab. Cilacap,Kedelai Impor,kg,21/02/2026,0
Jawa Tengah,Kab. Cilacap,Cabai Merah Keriting,kg,21/02/2026,0
Jawa Tengah,Kab. Cilacap,Cabai Rawit Merah,kg,21/02/2026,0
Jawa Tengah,Kab. Cilacap,Cabai Merah Besar,kg,21/02/2026,0
Jawa Tengah,Kab. Cilacap,Bawang Merah,kg,21/02/2026,0
Jawa Tengah,Kab. Cilacap,Bawang Putih Honan,kg,21/02/2026,0
Jawa Tengah,Kab. Banyumas,Beras Medium,kg,21/02/2026,0
Jawa Tengah,Kab. Banyumas,Beras Premium,kg,21/02/2026,0
Jawa Tengah,Kab. Banyumas,Gula Pasir Curah,kg,21/02/2026,0
Jawa Tengah,Kab. Banyumas,Minyak Goreng Sawit Kemasan Premium,lt,21/02/2026,0
Jawa Tengah,Kab. Banyumas,Minyak Goreng Sawit Curah,lt,21/02/2026,0
Jawa Tengah,Kab. Banyumas,Minyakita,lt,21/02/2026,0
Jawa Tengah,Kab. Banyumas,Daging Sapi Paha Belakang,kg,21/02/2026,0
Jawa Tengah,Kab. Banyumas,Daging Ayam Ras,kg,21/02/2026,0
Jawa Tengah,Kab. Banyumas,Telur Ayam Ras,kg,21/02/2026,0
Jawa Tengah,Kab. Banyumas,Tepung Terigu,kg,21/02/2026,0
Jawa Tengah,Kab. Banyumas,Kedelai Impor,kg,21/02/2026,0
Jawa Tengah,Kab. Banyumas,Cabai Merah Keriting,kg,21/02/2026,0
Jawa Tengah,Kab. Banyumas,Cabai Rawit Merah,kg,21/02/2026,0
Jawa Tengah,Kab. Banyumas,Cabai Merah Besar,kg,21/02/2026,0
Jawa Tengah,Kab. Banyumas,Bawang Merah,kg,21/02/2026,0
Jawa Tengah,Kab. Banyumas,Bawang Putih Honan,kg,21/02/2026,0
Jawa Tengah,Kab. Purbalingga,Beras Medium,kg,21/02/2026,0
Jawa Tengah,Kab. Purbalingga,Beras Premium,kg,21/02/2026,0
Jawa Tengah,Kab. Purbalingga,Gula Pasir Curah,kg,21/02/2026,0
Jawa Tengah,Kab. Purbalingga,Minyak Goreng Sawit Kemasan Premium,lt,21/02/2026,0
Jawa Tengah,Kab. Purbalingga,Minyak Goreng Sawit Curah,lt,21/02/2026,0
Jawa Tengah,Kab. Purbalingga,Minyakita,lt,21/02/2026,0
Jawa Tengah,Kab. Purbalingga,Daging Sapi Paha Belakang,kg,21/02/2026,0
Jawa Tengah,Kab. Purbalingga,Daging Ayam Ras,kg,21/02/2026,0
Jawa Tengah,Kab. Purbalingga,Telur Ayam Ras,kg,21/02/2026,0
Jawa Tengah,Kab. Purbalingga,Tepung Terigu,kg,21/02/2026,0
Jawa Tengah,Kab. Purbalingga,Kedelai Impor,kg,21/02/2026,0
Jawa Tengah,Kab. Purbalingga,Cabai Merah Keriting,kg,21/02/2026,0
Jawa Tengah,Kab. Purbalingga,Cabai Rawit Merah,kg,21/02/2026,0
Jawa Tengah,Kab. Purbalingga,Cabai Merah Besar,kg,21/02/2026,0
Jawa Tengah,Kab. Purbalingga,Bawang Merah,kg,21/02/2026,0
Jawa Tengah,Kab. Purbalingga,Bawang Putih Honan,kg,21/02/2026,0
Jawa Tengah,Kab. Banjarnegara,Beras Medium,kg,21/02/2026,0
Jawa Tengah,Kab. Banjarnegara,Beras Premium,kg,21/02/2026,0
Jawa Tengah,Kab. Banjarnegara,Gula Pasir Curah,kg,21/02/2026,0
Jawa Tengah,Kab. Banjarnegara,Minyak Goreng Sawit Kemasan Premium,lt,21/02/2026,0
Jawa Tengah,Kab. Banjarnegara,Minyak Goreng Sawit Curah,lt,21/02/2026,0
Jawa Tengah,Kab. Banjarnegara,Minyakita,lt,21/02/2026,0
Jawa Tengah,Kab. Banjarnegara,Daging Sapi Paha Belakang,kg,21/02/2026,0
Jawa Tengah,Kab. Banjarnegara,Daging Ayam Ras,kg,21/02/2026,0
Jawa Tengah,Kab. Banjarnegara,Telur Ayam Ras,kg,21/02/2026,0
Jawa Tengah,Kab. Banjarnegara,Tepung Terigu,kg,21/02/2026,0
Jawa Tengah,Kab. Banjarnegara,Kedelai Impor,kg,21/02/2026,0
Jawa Tengah,Kab. Banjarnegara,Cabai Merah Keriting,kg,21/02/2026,0
Jawa Tengah,Kab. Banjarnegara,Cabai Rawit Merah,kg,21/02/2026,0
Jawa Tengah,Kab. Banjarnegara,Cabai Merah Besar,kg,21/02/2026,0
Jawa Tengah,Kab. Banjarnegara,Bawang Merah,kg,21/02/2026,0
Jawa Tengah,Kab. Banjarnegara,Bawang Putih Honan,kg,21/02/2026,0
Jawa Tengah,Kab. Kebumen,Beras Medium,kg,21/02/2026,0
Jawa Tengah,Kab. Kebumen,Beras Premium,kg,21/02/2026,0
Jawa Tengah,Kab. Kebumen,Gula Pasir Curah,kg,21/02/2026,0
Jawa Tengah,Kab. Kebumen,Minyak Goreng Sawit Kemasan Premium,lt,21/02/2026,0
Jawa Tengah,Kab. Kebumen,Minyak Goreng Sawit Curah,lt,21/02/2026,0
Jawa Tengah,Kab. Kebumen,Minyakita,lt,21/02/2026,0
Jawa Tengah,Kab. Kebumen,Daging Sapi Paha Belakang,kg,21/02/2026,0
Jawa Tengah,Kab. Kebumen,Daging Ayam Ras,kg,21/02/2026,0
Jawa Tengah,Kab. Kebumen,Telur Ayam Ras,kg,21/02/2026,0
Jawa Tengah,Kab. Kebumen,Tepung Terigu,kg,21/02/2026,0
Jawa Tengah,Kab. Kebumen,Kedelai Impor,kg,21/02/2026,0
Jawa Tengah,Kab. Kebumen,Cabai Merah Keriting,kg,21/02/2026,0
Jawa Tengah,Kab. Kebumen,Cabai Rawit Merah,kg,21/02/2026,0
Jawa Tengah,Kab. Kebumen,Cabai Merah Besar,kg,21/02/2026,0
Jawa Tengah,Kab. Kebumen,Bawang Merah,kg,21/02/2026,0
Jawa Tengah,Kab. Kebumen,Bawang Putih Honan,kg,21/02/2026,0
Jawa Tengah,Kab. Purworejo,Beras Medium,kg,21/02/2026,0
Jawa Tengah,Kab. Purworejo,Beras Premium,kg,21/02/2026,0
Jawa Tengah,Kab. Purworejo,Gula Pasir Curah,kg,21/02/2026,0
Jawa Tengah,Kab. Purworejo,Minyak Goreng Sawit Kemasan Premium,lt,21/02/2026,0
Jawa Tengah,Kab. Purworejo,Minyak Goreng Sawit Curah,lt,21/02/2026,0
Jawa Tengah,Kab. Purworejo,Minyakita,lt,21/02/2026,0
Jawa Tengah,Kab. Purworejo,Daging Sapi Paha Belakang,kg,21/02/2026,0
Jawa Tengah,Kab. Purworejo,Daging Ayam Ras,kg,21/02/2026,0
Jawa Tengah,Kab. Purworejo,Telur Ayam Ras,kg,21/02/2026,0
Jawa Tengah,Kab. Purworejo,Tepung Terigu,kg,21/02/2026,0
Jawa Tengah,Kab. Purworejo,Kedelai Impor,kg,21/02/2026,0
Jawa Tengah,Kab. Purworejo,Cabai Merah Keriting,kg,21/02/2026,0
Jawa Tengah,Kab. Purworejo,Cabai Rawit Merah,kg,21/02/2026,0
Jawa Tengah,Kab. Purworejo,Cabai Merah Besar,kg,21/02/2026,0
Jawa Tengah,Kab. Purworejo,Bawang Merah,kg,21/02/2026,0
Jawa Tengah,Kab. Purworejo,Bawang Putih Honan,kg,21/02/2026,0
Jawa Tengah,Kab. Wonosobo,Beras Medium,kg,21/02/2026,0
Jawa Tengah,Kab. Wonosobo,Beras Premium,kg,21/02/2026,0
Jawa Tengah,Kab. Wonosobo,Gula Pasir Curah,kg,21/02/2026,0
Jawa Tengah,Kab. Wonosobo,Minyak Goreng Sawit Kemasan Premium,lt,21/02/2026,0
Jawa Tengah,Kab. Wonosobo,Minyak Goreng Sawit Curah,lt,21/02/2026,0
Jawa Tengah,Kab. Wonosobo,Minyakita,lt,21/02/2026,0
Jawa Tengah,Kab. Wonosobo,Daging Sapi Paha Belakang,kg,21/02/2026,0
Jawa Tengah,Kab. Wonosobo,Daging Ayam Ras,kg,21/02/2026,0
Jawa Tengah,Kab. Wonosobo,Telur Ayam Ras,kg,21/02/2026,0
Jawa Tengah,Kab. Wonosobo,Tepung Terigu,kg,21/02/2026,0
Jawa Tengah,Kab. Wonosobo,Kedelai Impor,kg,21/02/2026,0
Jawa Tengah,Kab. Wonosobo,Cabai Merah Keriting,kg,21/02/2026,0
Jawa Tengah,Kab. Wonosobo,Cabai Rawit Merah,kg,21/02/2026,0
Jawa Tengah,Kab. Wonosobo,Cabai Merah Besar,kg,21/02/2026,0
Jawa Tengah,Kab. Wonosobo,Bawang Merah,kg,21/02/2026,0
Jawa Tengah,Kab. Wonosobo,Bawang Putih Honan,kg,21/02/2026,0
Jawa Tengah,Kab. Magelang,Beras Medium,kg,21/02/2026,0
Jawa Tengah,Kab. Magelang,Beras Premium,kg,21/02/2026,0
Jawa Tengah,Kab. Magelang,Gula Pasir Curah,kg,21/02/2026,0
Jawa Tengah,Kab. Magelang,Minyak Goreng Sawit Kemasan Premium,lt,21/02/2026,0
Jawa Tengah,Kab. Magelang,Minyak Goreng Sawit Curah,lt,21/02/2026,0
Jawa Tengah,Kab. Magelang,Minyakita,lt,21/02/2026,0
Jawa Tengah,Kab. Magelang,Daging Sapi Paha Belakang,kg,21/02/2026,0
Jawa Tengah,Kab. Magelang,Daging Ayam Ras,kg,21/02/2026,0
Jawa Tengah,Kab. Magelang,Telur Ayam Ras,kg,21/02/2026,0
Jawa Tengah,Kab. Magelang,Tepung Terigu,kg,21/02/2026,0
Jawa Tengah,Kab. Magelang,Kedelai Impor,kg,21/02/2026,0
Jawa Tengah,Kab. Magelang,Cabai Merah Keriting,kg,21/02/2026,0
Jawa Tengah,Kab. Magelang,Cabai Rawit Merah,kg,21/02/2026,0
Jawa Tengah,Kab. Magelang,Cabai Merah Besar,kg,21/02/2026,0
Jawa Tengah,Kab. Magelang,Bawang Merah,kg,21/02/2026,0
Jawa Tengah,Kab. Magelang,Bawang Putih Honan,kg,21/02/2026,0
Jawa Tengah,Kab. Boyolali,Beras Medium,kg,21/02/2026,0
Jawa Tengah,Kab. Boyolali,Beras Premium,kg,21/02/2026,0
Jawa Tengah,Kab. Boyolali,Gula Pasir Curah,kg,21/02/2026,0
Jawa Tengah,Kab. Boyolali,Minyak Goreng Sawit Kemasan Premium,lt,21/02/2026,0
Jawa Tengah,Kab. Boyolali,Minyak Goreng Sawit Curah,lt,21/02/2026,0
Jawa Tengah,Kab. Boyolali,Minyakita,lt,21/02/2026,0
Jawa Tengah,Kab. Boyolali,Daging Sapi Paha Belakang,kg,21/02/2026,0
Jawa Tengah,Kab. Boyolali,Daging Ayam Ras,kg,21/02/2026,0
Jawa Tengah,Kab. Boyolali,Telur Ayam Ras,kg,21/02/2026,0
Jawa Tengah,Kab. Boyolali,Tepung Terigu,kg,21/02/2026,0
Jawa Tengah,Kab. Boyolali,Kedelai Impor,kg,21/02/2026,0
Jawa Tengah,Kab. Boyolali,Cabai Merah Keriting,kg,21/02/2026,0
Jawa Tengah,Kab. Boyolali,Cabai Rawit Merah,kg,21/02/2026,0
Jawa Tengah,Kab. Boyolali,Cabai Merah Besar,kg,21/02/2026,0
Jawa Tengah,Kab. Boyolali,Bawang Merah,kg,21/02/2026,0
Jawa Tengah,Kab. Boyolali,Bawang Putih Honan,kg,21/02/2026,0
Jawa Tengah,Kab. Klaten,Beras Medium,kg,21/02/2026,0
Jawa Tengah,Kab. Klaten,Beras Premium,kg,21/02/2026,0
Jawa Tengah,Kab. Klaten,Gula Pasir Curah,kg,21/02/2026,0
Jawa Tengah,Kab. Klaten,Minyak Goreng Sawit Kemasan Premium,lt,21/02/2026,0
Jawa Tengah,Kab. Klaten,Minyak Goreng Sawit Curah,lt,21/02/2026,0
Jawa Tengah,Kab. Klaten,Minyakita,lt,21/02/2026,0
Jawa Tengah,Kab. Klaten,Daging Sapi Paha Belakang,kg,21/02/2026,0
Jawa Tengah,Kab. Klaten,Daging Ayam Ras,kg,21/02/2026,0
Jawa Tengah,Kab. Klaten,Telur Ayam Ras,kg,21/02/2026,0
Jawa Tengah,Kab. Klaten,Tepung Terigu,kg,21/02/2026,0
Jawa Tengah,Kab. Klaten,Kedelai Impor,kg,21/02/2026,0
Jawa Tengah,Kab. Klaten,Cabai Merah Keriting,kg,21/02/2026,0
Jawa Tengah,Kab. Klaten,Cabai Rawit Merah,kg,21/02/2026,0
Jawa Tengah,Kab. Klaten,Cabai Merah Besar,kg,21/02/2026,0
Jawa Tengah,Kab. Klaten,Bawang Merah,kg,21/02/2026,0
Jawa Tengah,Kab. Klaten,Bawang Putih Honan,kg,21/02/2026,0
Jawa Tengah,Kab. Sukoharjo,Beras Medium,kg,21/02/2026,0
Jawa Tengah,Kab. Sukoharjo,Beras Premium,kg,21/02/2026,0
Jawa Tengah,Kab. Sukoharjo,Gula Pasir Curah,kg,21/02/2026,0
Jawa Tengah,Kab. Sukoharjo,Minyak Goreng Sawit Kemasan Premium,lt,21/02/2026,0
Jawa Tengah,Kab. Sukoharjo,Minyak Goreng Sawit Curah,lt,21/02/2026,0
Jawa Tengah,Kab. Sukoharjo,Minyakita,lt,21/02/2026,0
Jawa Tengah,Kab. Sukoharjo,Daging Sapi Paha Belakang,kg,21/02/2026,0
Jawa Tengah,Kab. Sukoharjo,Daging Ayam Ras,kg,21/02/2026,0
Jawa Tengah,Kab. Sukoharjo,Telur Ayam Ras,kg,21/02/2026,0
Jawa Tengah,Kab. Sukoharjo,Tepung Terigu,kg,21/02/2026,0
Jawa Tengah,Kab. Sukoharjo,Kedelai Impor,kg,21/02/2026,0
Jawa Tengah,Kab. Sukoharjo,Cabai Merah Keriting,kg,21/02/2026,0
Jawa Tengah,Kab. Sukoharjo,Cabai Rawit Merah,kg,21/02/2026,0
Jawa Tengah,Kab. Sukoharjo,Cabai Merah Besar,kg,21/02/2026,0
Jawa Tengah,Kab. Sukoharjo,Bawang Merah,kg,21/02/2026,0
Jawa Tengah,Kab. Sukoharjo,Bawang Putih Honan,kg,21/02/2026,0
Jawa Tengah,Kab. Wonogiri,Beras Medium,kg,21/02/2026,0
Jawa Tengah,Kab. Wonogiri,Beras Premium,kg,21/02/2026,0
Jawa Tengah,Kab. Wonogiri,Gula Pasir Curah,kg,21/02/2026,0
Jawa Tengah,Kab. Wonogiri,Minyak Goreng Sawit Kemasan Premium,lt,21/02/2026,0
Jawa Tengah,Kab. Wonogiri,Minyak Goreng Sawit Curah,lt,21/02/2026,0
Jawa Tengah,Kab. Wonogiri,Minyakita,lt,21/02/2026,0
Jawa Tengah,Kab. Wonogiri,Daging Sapi Paha Belakang,kg,21/02/2026,0
Jawa Tengah,Kab. Wonogiri,Daging Ayam Ras,kg,21/02/2026,0
Jawa Tengah,Kab. Wonogiri,Telur Ayam Ras,kg,21/02/2026,0
Jawa Tengah,Kab. Wonogiri,Tepung Terigu,kg,21/02/2026,0
Jawa Tengah,Kab. Wonogiri,Kedelai Impor,kg,21/02/2026,0
Jawa Tengah,Kab. Wonogiri,Cabai Merah Keriting,kg,21/02/2026,0
Jawa Tengah,Kab. Wonogiri,Cabai Rawit Merah,kg,21/02/2026,0
Jawa Tengah,Kab. Wonogiri,Cabai Merah Besar,kg,21/02/2026,0
Jawa Tengah,Kab. Wonogiri,Bawang Merah,kg,21/02/2026,0
Jawa Tengah,Kab. Wonogiri,Bawang Putih Honan,kg,21/02/2026,0
Jawa Tengah,Kab. Karanganyar,Beras Medium,kg,21/02/2026,0
Jawa Tengah,Kab. Karanganyar,Beras Premium,kg,21/02/2026,0
Jawa Tengah,Kab. Karanganyar,Gula Pasir Curah,kg,21/02/2026,0
Jawa Tengah,Kab. Karanganyar,Minyak Goreng Sawit Kemasan Premium,lt,21/02/2026,0
Jawa Tengah,Kab. Karanganyar,Minyak Goreng Sawit Curah,lt,21/02/2026,0
Jawa Tengah,Kab. Karanganyar,Minyakita,lt,21/02/2026,0
Jawa Tengah,Kab. Karanganyar,Daging Sapi Paha Belakang,kg,21/02/2026,0
Jawa Tengah,Kab. Karanganyar,Daging Ayam Ras,kg,21/02/2026,0
Jawa Tengah,Kab. Karanganyar,Telur Ayam Ras,kg,21/02/2026,0
Jawa Tengah,Kab. Karanganyar,Tepung Terigu,kg,21/02/2026,0
Jawa Tengah,Kab. Karanganyar,Kedelai Impor,kg,21/02/2026,0
Jawa Tengah,Kab. Karanganyar,Cabai Merah Keriting,kg,21/02/2026,0
Jawa Tengah,Kab. Karanganyar,Cabai Rawit Merah,kg,21/02/2026,0
Jawa Tengah,Kab. Karanganyar,Cabai Merah Besar,kg,21/02/2026,0
Jawa Tengah,Kab. Karanganyar,Bawang Merah,kg,21/02/2026,0
Jawa Tengah,Kab. Karanganyar,Bawang Putih Honan,kg,21/02/2026,0
Jawa Tengah,Kab. Sragen,Beras Medium,kg,21/02/2026,0
Jawa Tengah,Kab. Sragen,Beras Premium,kg,21/02/2026,0
Jawa Tengah,Kab. Sragen,Gula Pasir Curah,kg,21/02/2026,0
Jawa Tengah,Kab. Sragen,Minyak Goreng Sawit Kemasan Premium,lt,21/02/2026,0
Jawa Tengah,Kab. Sragen,Minyak Goreng Sawit Curah,lt,21/02/2026,0
Jawa Tengah,Kab. Sragen,Minyakita,lt,21/02/2026,0
Jawa Tengah,Kab. Sragen,Daging Sapi Paha Belakang,kg,21/02/2026,0
Jawa Tengah,Kab. Sragen,Daging Ayam Ras,kg,21/02/2026,0
Jawa Tengah,Kab. Sragen,Telur Ayam Ras,kg,21/02/2026,0
Jawa Tengah,Kab. Sragen,Tepung Terigu,kg,21/02/2026,0
Jawa Tengah,Kab. Sragen,Kedelai Impor,kg,21/02/2026,0
Jawa Tengah,Kab. Sragen,Cabai Merah Keriting,kg,21/02/2026,0
Jawa Tengah,Kab. Sragen,Cabai Rawit Merah,kg,21/02/2026,0
Jawa Tengah,Kab. Sragen,Cabai Merah Besar,kg,21/02/2026,0
Jawa Tengah,Kab. Sragen,Bawang Merah,kg,21/02/2026,0
Jawa Tengah,Kab. Sragen,Bawang Putih Honan,kg,21/02/2026,0
Jawa Tengah,Kab. Grobogan,Beras Medium,kg,21/02/2026,0
Jawa Tengah,Kab. Grobogan,Beras Premium,kg,21/02/2026,0
Jawa Tengah,Kab. Grobogan,Gula Pasir Curah,kg,21/02/2026,0
Jawa Tengah,Kab. Grobogan,Minyak Goreng Sawit Kemasan Premium,lt,21/02/2026,0
Jawa Tengah,Kab. Grobogan,Minyak Goreng Sawit Curah,lt,21/02/2026,0
Jawa Tengah,Kab. Grobogan,Minyakita,lt,21/02/2026,0
Jawa Tengah,Kab. Grobogan,Daging Sapi Paha Belakang,kg,21/02/2026,0
Jawa Tengah,Kab. Grobogan,Daging Ayam Ras,kg,21/02/2026,0
Jawa Tengah,Kab. Grobogan,Telur Ayam Ras,kg,21/02/2026,0
Jawa Tengah,Kab. Grobogan,Tepung Terigu,kg,21/02/2026,0
Jawa Tengah,Kab. Grobogan,Kedelai Impor,kg,21/02/2026,0
Jawa Tengah,Kab. Grobogan,Cabai Merah Keriting,kg,21/02/2026,0
Jawa Tengah,Kab. Grobogan,Cabai Rawit Merah,kg,21/02/2026,0
Jawa Tengah,Kab. Grobogan,Cabai Merah Besar,kg,21/02/2026,0
Jawa Tengah,Kab. Grobogan,Bawang Merah,kg,21/02/2026,0
Jawa Tengah,Kab. Grobogan,Bawang Putih Honan,kg,21/02/2026,0
Jawa Tengah,Kab. Blora,Beras Medium,kg,21/02/2026,0
Jawa Tengah,Kab. Blora,Beras Premium,kg,21/02/2026,0
Jawa Tengah,Kab. Blora,Gula Pasir Curah,kg,21/02/2026,0
Jawa Tengah,Kab. Blora,Minyak Goreng Sawit Kemasan Premium,lt,21/02/2026,0
Jawa Tengah,Kab. Blora,Minyak Goreng Sawit Curah,lt,21/02/2026,0
Jawa Tengah,Kab. Blora,Minyakita,lt,21/02/2026,0
Jawa Tengah,Kab. Blora,Daging Sapi Paha Belakang,kg,21/02/2026,0
Jawa Tengah,Kab. Blora,Daging Ayam Ras,kg,21/02/2026,0
Jawa Tengah,Kab. Blora,Telur Ayam Ras,kg,21/02/2026,0
Jawa Tengah,Kab. Blora,Tepung Terigu,kg,21/02/2026,0
Jawa Tengah,Kab. Blora,Kedelai Impor,kg,21/02/2026,0
Jawa Tengah,Kab. Blora,Cabai Merah Keriting,kg,21/02/2026,0
Jawa Tengah,Kab. Blora,Cabai Rawit Merah,kg,21/02/2026,0
Jawa Tengah,Kab. Blora,Cabai Merah Besar,kg,21/02/2026,0
Jawa Tengah,Kab. Blora,Bawang Merah,kg,21/02/2026,0
Jawa Tengah,Kab. Blora,Bawang Putih Honan,kg,21/02/2026,0
Jawa Tengah,Kab. Rembang,Beras Medium,kg,21/02/2026,0
Jawa Tengah,Kab. Rembang,Beras Premium,kg,21/02/2026,0
Jawa Tengah,Kab. Rembang,Gula Pasir Curah,kg,21/02/2026,0
Jawa Tengah,Kab. Rembang,Minyak Goreng Sawit Kemasan Premium,lt,21/02/2026,0
Jawa Tengah,Kab. Rembang,Minyak Goreng Sawit Curah,lt,21/02/2026,0
Jawa Tengah,Kab. Rembang,Minyakita,lt,21/02/2026,0
Jawa Tengah,Kab. Rembang,Daging Sapi Paha Belakang,kg,21/02/2026,0
Jawa Tengah,Kab. Rembang,Daging Ayam Ras,kg,21/02/2026,0
Jawa Tengah,Kab. Rembang,Telur Ayam Ras,kg,21/02/2026,0
Jawa Tengah,Kab. Rembang,Tepung Terigu,kg,21/02/2026,0
Jawa Tengah,Kab. Rembang,Kedelai Impor,kg,21/02/2026,0
Jawa Tengah,Kab. Rembang,Cabai Merah Keriting,kg,21/02/2026,0
Jawa Tengah,Kab. Rembang,Cabai Rawit Merah,kg,21/02/2026,0
Jawa Tengah,Kab. Rembang,Cabai Merah Besar,kg,21/02/2026,0
Jawa Tengah,Kab. Rembang,Bawang Merah,kg,21/02/2026,0
Jawa Tengah,Kab. Rembang,Bawang Putih Honan,kg,21/02/2026,0
Jawa Tengah,Kab. Pati,Beras Medium,kg,21/02/2026,0
Jawa Tengah,Kab. Pati,Beras Premium,kg,21/02/2026,0
Jawa Tengah,Kab. Pati,Gula Pasir Curah,kg,21/02/2026,0
Jawa Tengah,Kab. Pati,Minyak Goreng Sawit Kemasan Premium,lt,21/02/2026,0
Jawa Tengah,Kab. Pati,Minyak Goreng Sawit Curah,lt,21/02/2026,0
Jawa Tengah,Kab. Pati,Minyakita,lt,21/02/2026,0
Jawa Tengah,Kab. Pati,Daging Sapi Paha Belakang,kg,21/02/2026,0
Jawa Tengah,Kab. Pati,Daging Ayam Ras,kg,21/02/2026,0
Jawa Tengah,Kab. Pati,Telur Ayam Ras,kg,21/02/2026,0
Jawa Tengah,Kab. Pati,Tepung Terigu,kg,21/02/2026,0
Jawa Tengah,Kab. Pati,Kedelai Impor,kg,21/02/2026,0
Jawa Tengah,Kab. Pati,Cabai Merah Keriting,kg,21/02/2026,0
Jawa Tengah,Kab. Pati,Cabai Rawit Merah,kg,21/02/2026,0
Jawa Tengah,Kab. Pati,Cabai Merah Besar,kg,21/02/2026,0
Jawa Tengah,Kab. Pati,Bawang Merah,kg,21/02/2026,0
Jawa Tengah,Kab. Pati,Bawang Putih Honan,kg,21/02/2026,0
Jawa Tengah,Kab. Kudus,Beras Medium,kg,21/02/2026,0
Jawa Tengah,Kab. Kudus,Beras Premium,kg,21/02/2026,0
Jawa Tengah,Kab. Kudus,Gula Pasir Curah,kg,21/02/2026,0
Jawa Tengah,Kab. Kudus,Minyak Goreng Sawit Kemasan Premium,lt,21/02/2026,0
Jawa Tengah,Kab. Kudus,Minyak Goreng Sawit Curah,lt,21/02/2026,0
Jawa Tengah,Kab. Kudus,Minyakita,lt,21/02/2026,0
Jawa Tengah,Kab. Kudus,Daging Sapi Paha Belakang,kg,21/02/2026,0
Jawa Tengah,Kab. Kudus,Daging Ayam Ras,kg,21/02/2026,0
Jawa Tengah,Kab. Kudus,Telur Ayam Ras,kg,21/02/2026,0
Jawa Tengah,Kab. Kudus,Tepung Terigu,kg,21/02/2026,0
Jawa Tengah,Kab. Kudus,Kedelai Impor,kg,21/02/2026,0
Jawa Tengah,Kab. Kudus,Cabai Merah Keriting,kg,21/02/2026,0
Jawa Tengah,Kab. Kudus,Cabai Rawit Merah,kg,21/02/2026,0
Jawa Tengah,Kab. Kudus,Cabai Merah Besar,kg,21/02/2026,0
Jawa Tengah,Kab. Kudus,Bawang Merah,kg,21/02/2026,0
Jawa Tengah,Kab. Kudus,Bawang Putih Honan,kg,21/02/2026,0
Jawa Tengah,Kab. Jepara,Beras Medium,kg,21/02/2026,0
Jawa Tengah,Kab. Jepara,Beras Premium,kg,21/02/2026,0
Jawa Tengah,Kab. Jepara,Gula Pasir Curah,kg,21/02/2026,0
Jawa Tengah,Kab. Jepara,Minyak Goreng Sawit Kemasan Premium,lt,21/02/2026,0
Jawa Tengah,Kab. Jepara,Minyak Goreng Sawit Curah,lt,21/02/2026,0
Jawa Tengah,Kab. Jepara,Minyakita,lt,21/02/2026,0
Jawa Tengah,Kab. Jepara,Daging Sapi Paha Belakang,kg,21/02/2026,0
Jawa Tengah,Kab. Jepara,Daging Ayam Ras,kg,21/02/2026,0
Jawa Tengah,Kab. Jepara,Telur Ayam Ras,kg,21/02/2026,0
Jawa Tengah,Kab. Jepara,Tepung Terigu,kg,21/02/2026,0
Jawa Tengah,Kab. Jepara,Kedelai Impor,kg,21/02/2026,0
Jawa Tengah,Kab. Jepara,Cabai Merah Keriting,kg,21/02/2026,0
Jawa Tengah,Kab. Jepara,Cabai Rawit Merah,kg,21/02/2026,0
Jawa Tengah,Kab. Jepara,Cabai Merah Besar,kg,21/02/2026,0
Jawa Tengah,Kab. Jepara,Bawang Merah,kg,21/02/2026,0
Jawa Tengah,Kab. Jepara,Bawang Putih Honan,kg,21/02/2026,0
Jawa Tengah,Kab. Demak,Beras Medium,kg,21/02/2026,0
Jawa Tengah,Kab. Demak,Beras Premium,kg,21/02/2026,0
Jawa Tengah,Kab. Demak,Gula Pasir Curah,kg,21/02/2026,0
Jawa Tengah,Kab. Demak,Minyak Goreng Sawit Kemasan Premium,lt,21/02/2026,0
Jawa Tengah,Kab. Demak,Minyak Goreng Sawit Curah,lt,21/02/2026,0
Jawa Tengah,Kab. Demak,Minyakita,lt,21/02/2026,0
Jawa Tengah,Kab. Demak,Daging Sapi Paha Belakang,kg,21/02/2026,0
Jawa Tengah,Kab. Demak,Daging Ayam Ras,kg,21/02/2026,0
Jawa Tengah,Kab. Demak,Telur Ayam Ras,kg,21/02/2026,0
Jawa Tengah,Kab. Demak,Tepung Terigu,kg,21/02/2026,0
Jawa Tengah,Kab. Demak,Kedelai Impor,kg,21/02/2026,0
Jawa Tengah,Kab. Demak,Cabai Merah Keriting,kg,21/02/2026,0
Jawa Tengah,Kab. Demak,Cabai Rawit Merah,kg,21/02/2026,0
Jawa Tengah,Kab. Demak,Cabai Merah Besar,kg,21/02/2026,0
Jawa Tengah,Kab. Demak,Bawang Merah,kg,21/02/2026,0
Jawa Tengah,Kab. Demak,Bawang Putih Honan,kg,21/02/2026,0
Jawa Tengah,Kab. Semarang,Beras Medium,kg,21/02/2026,0
Jawa Tengah,Kab. Semarang,Beras Premium,kg,21/02/2026,0
Jawa Tengah,Kab. Semarang,Gula Pasir Curah,kg,21/02/2026,0
Jawa Tengah,Kab. Semarang,Minyak Goreng Sawit Kemasan Premium,lt,21/02/2026,0
Jawa Tengah,Kab. Semarang,Minyak Goreng Sawit Curah,lt,21/02/2026,0
Jawa Tengah,Kab. Semarang,Minyakita,lt,21/02/2026,0
Jawa Tengah,Kab. Semarang,Daging Sapi Paha Belakang,kg,21/02/2026,0
Jawa Tengah,Kab. Semarang,Daging Ayam Ras,kg,21/02/2026,0
Jawa Tengah,Kab. Semarang,Telur Ayam Ras,kg,21/02/2026,0
Jawa Tengah,Kab. Semarang,Tepung Terigu,kg,21/02/2026,0
Jawa Tengah,Kab. Semarang,Kedelai Impor,kg,21/02/2026,0
Jawa Tengah,Kab. Semarang,Cabai Merah Keriting,kg,21/02/2026,0
Jawa Tengah,Kab. Semarang,Cabai Rawit Merah,kg,21/02/2026,0
Jawa Tengah,Kab. Semarang,Cabai Merah Besar,kg,21/02/2026,0
Jawa Tengah,Kab. Semarang,Bawang Merah,kg,21/02/2026,0
Jawa Tengah,Kab. Semarang,Bawang Putih Honan,kg,21/02/2026,0
Jawa Tengah,Kab. Temanggung,Beras Medium,kg,21/02/2026,0
Jawa Tengah,Kab. Temanggung,Beras Premium,kg,21/02/2026,0
Jawa Tengah,Kab. Temanggung,Gula Pasir Curah,kg,21/02/2026,0
Jawa Tengah,Kab. Temanggung,Minyak Goreng Sawit Kemasan Premium,lt,21/02/2026,0
Jawa Tengah,Kab. Temanggung,Minyak Goreng Sawit Curah,lt,21/02/2026,0
Jawa Tengah,Kab. Temanggung,Minyakita,lt,21/02/2026,0
Jawa Tengah,Kab. Temanggung,Daging Sapi Paha Belakang,kg,21/02/2026,0
Jawa Tengah,Kab. Temanggung,Daging Ayam Ras,kg,21/02/2026,0
Jawa Tengah,Kab. Temanggung,Telur Ayam Ras,kg,21/02/2026,0
Jawa Tengah,Kab. Temanggung,Tepung Terigu,kg,21/02/2026,0
Jawa Tengah,Kab. Temanggung,Kedelai Impor,kg,21/02/2026,0
Jawa Tengah,Kab. Temanggung,Cabai Merah Keriting,kg,21/02/2026,0
Jawa Tengah,Kab. Temanggung,Cabai Rawit Merah,kg,21/02/2026,0
Jawa Tengah,Kab. Temanggung,Cabai Merah Besar,kg,21/02/2026,0
Jawa Tengah,Kab. Temanggung,Bawang Merah,kg,21/02/2026,0
Jawa Tengah,Kab. Temanggung,Bawang Putih Honan,kg,21/02/2026,0
Jawa Tengah,Kab. Kendal,Beras Medium,kg,21/02/2026,0
Jawa Tengah,Kab. Kendal,Beras Premium,kg,21/02/2026,0
Jawa Tengah,Kab. Kendal,Gula Pasir Curah,kg,21/02/2026,0
Jawa Tengah,Kab. Kendal,Minyak Goreng Sawit Kemasan Premium,lt,21/02/2026,0
Jawa Tengah,Kab. Kendal,Minyak Goreng Sawit Curah,lt,21/02/2026,0
Jawa Tengah,Kab. Kendal,Minyakita,lt,21/02/2026,0
Jawa Tengah,Kab. Kendal,Daging Sapi Paha Belakang,kg,21/02/2026,0
Jawa Tengah,Kab. Kendal,Daging Ayam Ras,kg,21/02/2026,0
Jawa Tengah,Kab. Kendal,Telur Ayam Ras,kg,21/02/2026,0
Jawa Tengah,Kab. Kendal,Tepung Terigu,kg,21/02/2026,0
Jawa Tengah,Kab. Kendal,Kedelai Impor,kg,21/02/2026,0
Jawa Tengah,Kab. Kendal,Cabai Merah Keriting,kg,21/02/2026,0
Jawa Tengah,Kab. Kendal,Cabai Rawit Merah,kg,21/02/2026,0
Jawa Tengah,Kab. Kendal,Cabai Merah Besar,kg,21/02/2026,0
Jawa Tengah,Kab. Kendal,Bawang Merah,kg,21/02/2026,0
Jawa Tengah,Kab. Kendal,Bawang Putih Honan,kg,21/02/2026,0
Jawa Tengah,Kab. Batang,Beras Medium,kg,21/02/2026,0
Jawa Tengah,Kab. Batang,Beras Premium,kg,21/02/2026,0
Jawa Tengah,Kab. Batang,Gula Pasir Curah,kg,21/02/2026,0
Jawa Tengah,Kab. Batang,Minyak Goreng Sawit Kemasan Premium,lt,21/02/2026,0
Jawa Tengah,Kab. Batang,Minyak Goreng Sawit Curah,lt,21/02/2026,0
Jawa Tengah,Kab. Batang,Minyakita,lt,21/02/2026,0
Jawa Tengah,Kab. Batang,Daging Sapi Paha Belakang,kg,21/02/2026,0
Jawa Tengah,Kab. Batang,Daging Ayam Ras,kg,21/02/2026,0
Jawa Tengah,Kab. Batang,Telur Ayam Ras,kg,21/02/2026,0
Jawa Tengah,Kab. Batang,Tepung Terigu,kg,21/02/2026,0
Jawa Tengah,Kab. Batang,Kedelai Impor,kg,21/02/2026,0
Jawa Tengah,Kab. Batang,Cabai Merah Keriting,kg,21/02/2026,0
Jawa Tengah,Kab. Batang,Cabai Rawit Merah,kg,21/02/2026,0
Jawa Tengah,Kab. Batang,Cabai Merah Besar,kg,21/02/2026,0
Jawa Tengah,Kab. Batang,Bawang Merah,kg,21/02/2026,0
Jawa Tengah,Kab. Batang,Bawang Putih Honan,kg,21/02/2026,0
Jawa Tengah,Kab. Pekalongan,Beras Medium,kg,21/02/2026,0
Jawa Tengah,Kab. Pekalongan,Beras Premium,kg,21/02/2026,0
Jawa Tengah,Kab. Pekalongan,Gula Pasir Curah,kg,21/02/2026,0
Jawa Tengah,Kab. Pekalongan,Minyak Goreng Sawit Kemasan Premium,lt,21/02/2026,0
Jawa Tengah,Kab. Pekalongan,Minyak Goreng Sawit Curah,lt,21/02/2026,0
Jawa Tengah,Kab. Pekalongan,Minyakita,lt,21/02/2026,0
Jawa Tengah,Kab. Pekalongan,Daging Sapi Paha Belakang,kg,21/02/2026,0
Jawa Tengah,Kab. Pekalongan,Daging Ayam Ras,kg,21/02/2026,0
Jawa Tengah,Kab. Pekalongan,Telur Ayam Ras,kg,21/02/2026,0
Jawa Tengah,Kab. Pekalongan,Tepung Terigu,kg,21/02/2026,0
Jawa Tengah,Kab. Pekalongan,Kedelai Impor,kg,21/02/2026,0
Jawa Tengah,Kab. Pekalongan,Cabai Merah Keriting,kg,21/02/2026,0
Jawa Tengah,Kab. Pekalongan,Cabai Rawit Merah,kg,21/02/2026,0
Jawa Tengah,Kab. Pekalongan,Cabai Merah Besar,kg,21/02/2026,0
Jawa Tengah,Kab. Pekalongan,Bawang Merah,kg,21/02/2026,0
Jawa Tengah,Kab. Pekalongan,Bawang Putih Honan,kg,21/02/2026,0
Jawa Tengah,Kab. Pemalang,Beras Medium,kg,21/02/2026,0
Jawa Tengah,Kab. Pemalang,Beras Premium,kg,21/02/2026,0
Jawa Tengah,Kab. Pemalang,Gula Pasir Curah,kg,21/02/2026,0
Jawa Tengah,Kab. Pemalang,Minyak Goreng Sawit Kemasan Premium,lt,21/02/2026,0
Jawa Tengah,Kab. Pemalang,Minyak Goreng Sawit Curah,lt,21/02/2026,0
Jawa Tengah,Kab. Pemalang,Minyakita,lt,21/02/2026,0
Jawa Tengah,Kab. Pemalang,Daging Sapi Paha Belakang,kg,21/02/2026,0
Jawa Tengah,Kab. Pemalang,Daging Ayam Ras,kg,21/02/2026,0
Jawa Tengah,Kab. Pemalang,Telur Ayam Ras,kg,21/02/2026,0
Jawa Tengah,Kab. Pemalang,Tepung Terigu,kg,21/02/2026,0
Jawa Tengah,Kab. Pemalang,Kedelai Impor,kg,21/02/2026,0
Jawa Tengah,Kab. Pemalang,Cabai Merah Keriting,kg,21/02/2026,0
Jawa Tengah,Kab. Pemalang,Cabai Rawit Merah,kg,21/02/2026,0
Jawa Tengah,Kab. Pemalang,Cabai Merah Besar,kg,21/02/2026,0
Jawa Tengah,Kab. Pemalang,Bawang Merah,kg,21/02/2026,0
Jawa Tengah,Kab. Pemalang,Bawang Putih Honan,kg,21/02/2026,0
Jawa Tengah,Kab. Tegal,Beras Medium,kg,21/02/2026,0
Jawa Tengah,Kab. Tegal,Beras Premium,kg,21/02/2026,0
Jawa Tengah,Kab. Tegal,Gula Pasir Curah,kg,21/02/2026,0
Jawa Tengah,Kab. Tegal,Minyak Goreng Sawit Kemasan Premium,lt,21/02/2026,0
Jawa Tengah,Kab. Tegal,Minyak Goreng Sawit Curah,lt,21/02/2026,0
Jawa Tengah,Kab. Tegal,Minyakita,lt,21/02/2026,0
Jawa Tengah,Kab. Tegal,Daging Sapi Paha Belakang,kg,21/02/2026,0
Jawa Tengah,Kab. Tegal,Daging Ayam Ras,kg,21/02/2026,0
Jawa Tengah,Kab. Tegal,Telur Ayam Ras,kg,21/02/2026,0
Jawa Tengah,Kab. Tegal,Tepung Terigu,kg,21/02/2026,0
Jawa Tengah,Kab. Tegal,Kedelai Impor,kg,21/02/2026,0
Jawa Tengah,Kab. Tegal,Cabai Merah Keriting,kg,21/02/2026,0
Jawa Tengah,Kab. Tegal,Cabai Rawit Merah,kg,21/02/2026,0
Jawa Tengah,Kab. Tegal,Cabai Merah Besar,kg,21/02/2026,0
Jawa Tengah,Kab. Tegal,Bawang Merah,kg,21/02/2026,0
Jawa Tengah,Kab. Tegal,Bawang Putih Honan,kg,21/02/2026,0
Jawa Tengah,Kab. Brebes,Beras Medium,kg,21/02/2026,0
Jawa Tengah,Kab. Brebes,Beras Premium,kg,21/02/2026,0
Jawa Tengah,Kab. Brebes,Gula Pasir Curah,kg,21/02/2026,0
Jawa Tengah,Kab. Brebes,Minyak Goreng Sawit Kemasan Premium,lt,21/02/2026,0
Jawa Tengah,Kab. Brebes,Minyak Goreng Sawit Curah,lt,21/02/2026,0
Jawa Tengah,Kab. Brebes,Minyakita,lt,21/02/2026,0
Jawa Tengah,Kab. Brebes,Daging Sapi Paha Belakang,kg,21/02/2026,0
Jawa Tengah,Kab. Brebes,Daging Ayam Ras,kg,21/02/2026,0
Jawa Tengah,Kab. Brebes,Telur Ayam Ras,kg,21/02/2026,0
Jawa Tengah,Kab. Brebes,Tepung Terigu,kg,21/02/2026,0
Jawa Tengah,Kab. Brebes,Kedelai Impor,kg,21/02/2026,0
Jawa Tengah,Kab. Brebes,Cabai Merah Keriting,kg,21/02/2026,0
Jawa Tengah,Kab. Brebes,Cabai Rawit Merah,kg,21/02/2026,0
Jawa Tengah,Kab. Brebes,Cabai Merah Besar,kg,21/02/2026,0
Jawa Tengah,Kab. Brebes,Bawang Merah,kg,21/02/2026,0
Jawa Tengah,Kab. Brebes,Bawang Putih Honan,kg,21/02/2026,0
Jawa Tengah,Kota Magelang,Beras Medium,kg,21/02/2026,0
Jawa Tengah,Kota Magelang,Beras Premium,kg,21/02/2026,0
Jawa Tengah,Kota Magelang,Gula Pasir Curah,kg,21/02/2026,0
Jawa Tengah,Kota Magelang,Minyak Goreng Sawit Kemasan Premium,lt,21/02/2026,0
Jawa Tengah,Kota Magelang,Minyak Goreng Sawit Curah,lt,21/02/2026,0
Jawa Tengah,Kota Magelang,Minyakita,lt,21/02/2026,0
Jawa Tengah,Kota Magelang,Daging Sapi Paha Belakang,kg,21/02/2026,0
Jawa Tengah,Kota Magelang,Daging Ayam Ras,kg,21/02/2026,0
Jawa Tengah,Kota Magelang,Telur Ayam Ras,kg,21/02/2026,0
Jawa Tengah,Kota Magelang,Tepung Terigu,kg,21/02/2026,0
Jawa Tengah,Kota Magelang,Kedelai Impor,kg,21/02/2026,0
Jawa Tengah,Kota Magelang,Cabai Merah Keriting,kg,21/02/2026,0
Jawa Tengah,Kota Magelang,Cabai Rawit Merah,kg,21/02/2026,0
Jawa Tengah,Kota Magelang,Cabai Merah Besar,kg,21/02/2026,0
Jawa Tengah,Kota Magelang,Bawang Merah,kg,21/02/2026,0
Jawa Tengah,Kota Magelang,Bawang Putih Honan,kg,21/02/2026,0
Jawa Tengah,Kota Surakarta,Beras Medium,kg,21/02/2026,0
Jawa Tengah,Kota Surakarta,Beras Premium,kg,21/02/2026,0
Jawa Tengah,Kota Surakarta,Gula Pasir Curah,kg,21/02/2026,0
Jawa Tengah,Kota Surakarta,Minyak Goreng Sawit Kemasan Premium,lt,21/02/2026,0
Jawa Tengah,Kota Surakarta,Minyak Goreng Sawit Curah,lt,21/02/2026,0
Jawa Tengah,Kota Surakarta,Minyakita,lt,21/02/2026,0
Jawa Tengah,Kota Surakarta,Daging Sapi Paha Belakang,kg,21/02/2026,0
Jawa Tengah,Kota Surakarta,Daging Ayam Ras,kg,21/02/2026,0
Jawa Tengah,Kota Surakarta,Telur Ayam Ras,kg,21/02/2026,0
Jawa Tengah,Kota Surakarta,Tepung Terigu,kg,21/02/2026,0
Jawa Tengah,Kota Surakarta,Kedelai Impor,kg,21/02/2026,0
Jawa Tengah,Kota Surakarta,Cabai Merah Keriting,kg,21/02/2026,0
Jawa Tengah,Kota Surakarta,Cabai Rawit Merah,kg,21/02/2026,0
Jawa Tengah,Kota Surakarta,Cabai Merah Besar,kg,21/02/2026,0
Jawa Tengah,Kota Surakarta,Bawang Merah,kg,21/02/2026,0
Jawa Tengah,Kota Surakarta,Bawang Putih Honan,kg,21/02/2026,0
Jawa Tengah,Kota Salatiga,Beras Medium,kg,21/02/2026,0
Jawa Tengah,Kota Salatiga,Beras Premium,kg,21/02/2026,0
Jawa Tengah,Kota Salatiga,Gula Pasir Curah,kg,21/02/2026,0
Jawa Tengah,Kota Salatiga,Minyak Goreng Sawit Kemasan Premium,lt,21/02/2026,0
Jawa Tengah,Kota Salatiga,Minyak Goreng Sawit Curah,lt,21/02/2026,0
Jawa Tengah,Kota Salatiga,Minyakita,lt,21/02/2026,0
Jawa Tengah,Kota Salatiga,Daging Sapi Paha Belakang,kg,21/02/2026,0
Jawa Tengah,Kota Salatiga,Daging Ayam Ras,kg,21/02/2026,0
Jawa Tengah,Kota Salatiga,Telur Ayam Ras,kg,21/02/2026,0
Jawa Tengah,Kota Salatiga,Tepung Terigu,kg,21/02/2026,0
Jawa Tengah,Kota Salatiga,Kedelai Impor,kg,21/02/2026,0
Jawa Tengah,Kota Salatiga,Cabai Merah Keriting,kg,21/02/2026,0
Jawa Tengah,Kota Salatiga,Cabai Rawit Merah,kg,21/02/2026,0
Jawa Tengah,Kota Salatiga,Cabai Merah Besar,kg,21/02/2026,0
Jawa Tengah,Kota Salatiga,Bawang Merah,kg,21/02/2026,0
Jawa Tengah,Kota Salatiga,Bawang Putih Honan,kg,21/02/2026,0
Jawa Tengah,Kota Semarang,Beras Medium,kg,21/02/2026,0
Jawa Tengah,Kota Semarang,Beras Premium,kg,21/02/2026,0
Jawa Tengah,Kota Semarang,Gula Pasir Curah,kg,21/02/2026,0
Jawa Tengah,Kota Semarang,Minyak Goreng Sawit Kemasan Premium,lt,21/02/2026,0
Jawa Tengah,Kota Semarang,Minyak Goreng Sawit Curah,lt,21/02/2026,0
Jawa Tengah,Kota Semarang,Minyakita,lt,21/02/2026,0
Jawa Tengah,Kota Semarang,Daging Sapi Paha Belakang,kg,21/02/2026,0
Jawa Tengah,Kota Semarang,Daging Ayam Ras,kg,21/02/2026,0
Jawa Tengah,Kota Semarang,Telur Ayam Ras,kg,21/02/2026,0
Jawa Tengah,Kota Semarang,Tepung Terigu,kg,21/02/2026,0
Jawa Tengah,Kota Semarang,Kedelai Impor,kg,21/02/2026,0
Jawa Tengah,Kota Semarang,Cabai Merah Keriting,kg,21/02/2026,0
Jawa Tengah,Kota Semarang,Cabai Rawit Merah,kg,21/02/2026,0
Jawa Tengah,Kota Semarang,Cabai Merah Besar,kg,21/02/2026,0
Jawa Tengah,Kota Semarang,Bawang Merah,kg,21/02/2026,0
Jawa Tengah,Kota Semarang,Bawang Putih Honan,kg,21/02/2026,0
Jawa Tengah,Kota Pekalongan,Beras Medium,kg,21/02/2026,0
Jawa Tengah,Kota Pekalongan,Beras Premium,kg,21/02/2026,0
Jawa Tengah,Kota Pekalongan,Gula Pasir Curah,kg,21/02/2026,0
Jawa Tengah,Kota Pekalongan,Minyak Goreng Sawit Kemasan Premium,lt,21/02/2026,0
Jawa Tengah,Kota Pekalongan,Minyak Goreng Sawit Curah,lt,21/02/2026,0
Jawa Tengah,Kota Pekalongan,Minyakita,lt,21/02/2026,0
Jawa Tengah,Kota Pekalongan,Daging Sapi Paha Belakang,kg,21/02/2026,0
Jawa Tengah,Kota Pekalongan,Daging Ayam Ras,kg,21/02/2026,0
Jawa Tengah,Kota Pekalongan,Telur Ayam Ras,kg,21/02/2026,0
Jawa Tengah,Kota Pekalongan,Tepung Terigu,kg,21/02/2026,0
Jawa Tengah,Kota Pekalongan,Kedelai Impor,kg,21/02/2026,0
Jawa Tengah,Kota Pekalongan,Cabai Merah Keriting,kg,21/02/2026,0
Jawa Tengah,Kota Pekalongan,Cabai Rawit Merah,kg,21/02/2026,0
Jawa Tengah,Kota Pekalongan,Cabai Merah Besar,kg,21/02/2026,0
Jawa Tengah,Kota Pekalongan,Bawang Merah,kg,21/02/2026,0
Jawa Tengah,Kota Pekalongan,Bawang Putih Honan,kg,21/02/2026,0
Jawa Tengah,Kota Tegal,Beras Medium,kg,21/02/2026,0
Jawa Tengah,Kota Tegal,Beras Premium,kg,21/02/2026,0
Jawa Tengah,Kota Tegal,Gula Pasir Curah,kg,21/02/2026,0
Jawa Tengah,Kota Tegal,Minyak Goreng Sawit Kemasan Premium,lt,21/02/2026,0
Jawa Tengah,Kota Tegal,Minyak Goreng Sawit Curah,lt,21/02/2026,0
Jawa Tengah,Kota Tegal,Minyakita,lt,21/02/2026,0
Jawa Tengah,Kota Tegal,Daging Sapi Paha Belakang,kg,21/02/2026,0
Jawa Tengah,Kota Tegal,Daging Ayam Ras,kg,21/02/2026,0
Jawa Tengah,Kota Tegal,Telur Ayam Ras,kg,21/02/2026,0
Jawa Tengah,Kota Tegal,Tepung Terigu,kg,21/02/2026,0
Jawa Tengah,Kota Tegal,Kedelai Impor,kg,21/02/2026,0
Jawa Tengah,Kota Tegal,Cabai Merah Keriting,kg,21/02/2026,0
Jawa Tengah,Kota Tegal,Cabai Rawit Merah,kg,21/02/2026,0
Jawa Tengah,Kota Tegal,Cabai Merah Besar,kg,21/02/2026,0
Jawa Tengah,Kota Tegal,Bawang Merah,kg,21/02/2026,0
Jawa Tengah,Kota Tegal,Bawang Putih Honan,kg,21/02/2026,0
Jawa Tengah,Kab. Cilacap,Beras Medium,kg,22/02/2026,0
Jawa Tengah,Kab. Cilacap,Beras Premium,kg,22/02/2026,0
Jawa Tengah,Kab. Cilacap,Gula Pasir Curah,kg,22/02/2026,0
Jawa Tengah,Kab. Cilacap,Minyak Goreng Sawit Kemasan Premium,lt,22/02/2026,0
Jawa Tengah,Kab. Cilacap,Minyak Goreng Sawit Curah,lt,22/02/2026,0
Jawa Tengah,Kab. Cilacap,Minyakita,lt,22/02/2026,0
Jawa Tengah,Kab. Cilacap,Daging Sapi Paha Belakang,kg,22/02/2026,0
Jawa Tengah,Kab. Cilacap,Daging Ayam Ras,kg,22/02/2026,0
Jawa Tengah,Kab. Cilacap,Telur Ayam Ras,kg,22/02/2026,0
Jawa Tengah,Kab. Cilacap,Tepung Terigu,kg,22/02/2026,0
Jawa Tengah,Kab. Cilacap,Kedelai Impor,kg,22/02/2026,0
Jawa Tengah,Kab. Cilacap,Cabai Merah Keriting,kg,22/02/2026,0
Jawa Tengah,Kab. Cilacap,Cabai Rawit Merah,kg,22/02/2026,0
Jawa Tengah,Kab. Cilacap,Cabai Merah Besar,kg,22/02/2026,0
Jawa Tengah,Kab. Cilacap,Bawang Merah,kg,22/02/2026,0
Jawa Tengah,Kab. Cilacap,Bawang Putih Honan,kg,22/02/2026,0
Jawa Tengah,Kab. Banyumas,Beras Medium,kg,22/02/2026,0
Jawa Tengah,Kab. Banyumas,Beras Premium,kg,22/02/2026,0
Jawa Tengah,Kab. Banyumas,Gula Pasir Curah,kg,22/02/2026,0
Jawa Tengah,Kab. Banyumas,Minyak Goreng Sawit Kemasan Premium,lt,22/02/2026,0
Jawa Tengah,Kab. Banyumas,Minyak Goreng Sawit Curah,lt,22/02/2026,0
Jawa Tengah,Kab. Banyumas,Minyakita,lt,22/02/2026,0
Jawa Tengah,Kab. Banyumas,Daging Sapi Paha Belakang,kg,22/02/2026,0
Jawa Tengah,Kab. Banyumas,Daging Ayam Ras,kg,22/02/2026,0
Jawa Tengah,Kab. Banyumas,Telur Ayam Ras,kg,22/02/2026,0
Jawa Tengah,Kab. Banyumas,Tepung Terigu,kg,22/02/2026,0
Jawa Tengah,Kab. Banyumas,Kedelai Impor,kg,22/02/2026,0
Jawa Tengah,Kab. Banyumas,Cabai Merah Keriting,kg,22/02/2026,0
Jawa Tengah,Kab. Banyumas,Cabai Rawit Merah,kg,22/02/2026,0
Jawa Tengah,Kab. Banyumas,Cabai Merah Besar,kg,22/02/2026,0
Jawa Tengah,Kab. Banyumas,Bawang Merah,kg,22/02/2026,0
Jawa Tengah,Kab. Banyumas,Bawang Putih Honan,kg,22/02/2026,0
Jawa Tengah,Kab. Purbalingga,Beras Medium,kg,22/02/2026,0
Jawa Tengah,Kab. Purbalingga,Beras Premium,kg,22/02/2026,0
Jawa Tengah,Kab. Purbalingga,Gula Pasir Curah,kg,22/02/2026,0
Jawa Tengah,Kab. Purbalingga,Minyak Goreng Sawit Kemasan Premium,lt,22/02/2026,0
Jawa Tengah,Kab. Purbalingga,Minyak Goreng Sawit Curah,lt,22/02/2026,0
Jawa Tengah,Kab. Purbalingga,Minyakita,lt,22/02/2026,0
Jawa Tengah,Kab. Purbalingga,Daging Sapi Paha Belakang,kg,22/02/2026,0
Jawa Tengah,Kab. Purbalingga,Daging Ayam Ras,kg,22/02/2026,0
Jawa Tengah,Kab. Purbalingga,Telur Ayam Ras,kg,22/02/2026,0
Jawa Tengah,Kab. Purbalingga,Tepung Terigu,kg,22/02/2026,0
Jawa Tengah,Kab. Purbalingga,Kedelai Impor,kg,22/02/2026,0
Jawa Tengah,Kab. Purbalingga,Cabai Merah Keriting,kg,22/02/2026,0
Jawa Tengah,Kab. Purbalingga,Cabai Rawit Merah,kg,22/02/2026,0
Jawa Tengah,Kab. Purbalingga,Cabai Merah Besar,kg,22/02/2026,0
Jawa Tengah,Kab. Purbalingga,Bawang Merah,kg,22/02/2026,0
Jawa Tengah,Kab. Purbalingga,Bawang Putih Honan,kg,22/02/2026,0
Jawa Tengah,Kab. Banjarnegara,Beras Medium,kg,22/02/2026,0
Jawa Tengah,Kab. Banjarnegara,Beras Premium,kg,22/02/2026,0
Jawa Tengah,Kab. Banjarnegara,Gula Pasir Curah,kg,22/02/2026,0
Jawa Tengah,Kab. Banjarnegara,Minyak Goreng Sawit Kemasan Premium,lt,22/02/2026,0
Jawa Tengah,Kab. Banjarnegara,Minyak Goreng Sawit Curah,lt,22/02/2026,0
Jawa Tengah,Kab. Banjarnegara,Minyakita,lt,22/02/2026,0
Jawa Tengah,Kab. Banjarnegara,Daging Sapi Paha Belakang,kg,22/02/2026,0
Jawa Tengah,Kab. Banjarnegara,Daging Ayam Ras,kg,22/02/2026,0
Jawa Tengah,Kab. Banjarnegara,Telur Ayam Ras,kg,22/02/2026,0
Jawa Tengah,Kab. Banjarnegara,Tepung Terigu,kg,22/02/2026,0
Jawa Tengah,Kab. Banjarnegara,Kedelai Impor,kg,22/02/2026,0
Jawa Tengah,Kab. Banjarnegara,Cabai Merah Keriting,kg,22/02/2026,0
Jawa Tengah,Kab. Banjarnegara,Cabai Rawit Merah,kg,22/02/2026,0
Jawa Tengah,Kab. Banjarnegara,Cabai Merah Besar,kg,22/02/2026,0
Jawa Tengah,Kab. Banjarnegara,Bawang Merah,kg,22/02/2026,0
Jawa Tengah,Kab. Banjarnegara,Bawang Putih Honan,kg,22/02/2026,0
Jawa Tengah,Kab. Kebumen,Beras Medium,kg,22/02/2026,0
Jawa Tengah,Kab. Kebumen,Beras Premium,kg,22/02/2026,0
Jawa Tengah,Kab. Kebumen,Gula Pasir Curah,kg,22/02/2026,0
Jawa Tengah,Kab. Kebumen,Minyak Goreng Sawit Kemasan Premium,lt,22/02/2026,0
Jawa Tengah,Kab. Kebumen,Minyak Goreng Sawit Curah,lt,22/02/2026,0
Jawa Tengah,Kab. Kebumen,Minyakita,lt,22/02/2026,0
Jawa Tengah,Kab. Kebumen,Daging Sapi Paha Belakang,kg,22/02/2026,0
Jawa Tengah,Kab. Kebumen,Daging Ayam Ras,kg,22/02/2026,0
Jawa Tengah,Kab. Kebumen,Telur Ayam Ras,kg,22/02/2026,0
Jawa Tengah,Kab. Kebumen,Tepung Terigu,kg,22/02/2026,0
Jawa Tengah,Kab. Kebumen,Kedelai Impor,kg,22/02/2026,0
Jawa Tengah,Kab. Kebumen,Cabai Merah Keriting,kg,22/02/2026,0
Jawa Tengah,Kab. Kebumen,Cabai Rawit Merah,kg,22/02/2026,0
Jawa Tengah,Kab. Kebumen,Cabai Merah Besar,kg,22/02/2026,0
Jawa Tengah,Kab. Kebumen,Bawang Merah,kg,22/02/2026,0
Jawa Tengah,Kab. Kebumen,Bawang Putih Honan,kg,22/02/2026,0
Jawa Tengah,Kab. Purworejo,Beras Medium,kg,22/02/2026,0
Jawa Tengah,Kab. Purworejo,Beras Premium,kg,22/02/2026,0
Jawa Tengah,Kab. Purworejo,Gula Pasir Curah,kg,22/02/2026,0
Jawa Tengah,Kab. Purworejo,Minyak Goreng Sawit Kemasan Premium,lt,22/02/2026,0
Jawa Tengah,Kab. Purworejo,Minyak Goreng Sawit Curah,lt,22/02/2026,0
Jawa Tengah,Kab. Purworejo,Minyakita,lt,22/02/2026,0
Jawa Tengah,Kab. Purworejo,Daging Sapi Paha Belakang,kg,22/02/2026,0
Jawa Tengah,Kab. Purworejo,Daging Ayam Ras,kg,22/02/2026,0
Jawa Tengah,Kab. Purworejo,Telur Ayam Ras,kg,22/02/2026,0
Jawa Tengah,Kab. Purworejo,Tepung Terigu,kg,22/02/2026,0
Jawa Tengah,Kab. Purworejo,Kedelai Impor,kg,22/02/2026,0
Jawa Tengah,Kab. Purworejo,Cabai Merah Keriting,kg,22/02/2026,0
Jawa Tengah,Kab. Purworejo,Cabai Rawit Merah,kg,22/02/2026,0
Jawa Tengah,Kab. Purworejo,Cabai Merah Besar,kg,22/02/2026,0
Jawa Tengah,Kab. Purworejo,Bawang Merah,kg,22/02/2026,0
Jawa Tengah,Kab. Purworejo,Bawang Putih Honan,kg,22/02/2026,0
Jawa Tengah,Kab. Wonosobo,Beras Medium,kg,22/02/2026,0
Jawa Tengah,Kab. Wonosobo,Beras Premium,kg,22/02/2026,0
Jawa Tengah,Kab. Wonosobo,Gula Pasir Curah,kg,22/02/2026,0
Jawa Tengah,Kab. Wonosobo,Minyak Goreng Sawit Kemasan Premium,lt,22/02/2026,0
Jawa Tengah,Kab. Wonosobo,Minyak Goreng Sawit Curah,lt,22/02/2026,0
Jawa Tengah,Kab. Wonosobo,Minyakita,lt,22/02/2026,0
Jawa Tengah,Kab. Wonosobo,Daging Sapi Paha Belakang,kg,22/02/2026,0
Jawa Tengah,Kab. Wonosobo,Daging Ayam Ras,kg,22/02/2026,0
Jawa Tengah,Kab. Wonosobo,Telur Ayam Ras,kg,22/02/2026,0
Jawa Tengah,Kab. Wonosobo,Tepung Terigu,kg,22/02/2026,0
Jawa Tengah,Kab. Wonosobo,Kedelai Impor,kg,22/02/2026,0
Jawa Tengah,Kab. Wonosobo,Cabai Merah Keriting,kg,22/02/2026,0
Jawa Tengah,Kab. Wonosobo,Cabai Rawit Merah,kg,22/02/2026,0
Jawa Tengah,Kab. Wonosobo,Cabai Merah Besar,kg,22/02/2026,0
Jawa Tengah,Kab. Wonosobo,Bawang Merah,kg,22/02/2026,0
Jawa Tengah,Kab. Wonosobo,Bawang Putih Honan,kg,22/02/2026,0
Jawa Tengah,Kab. Magelang,Beras Medium,kg,22/02/2026,0
Jawa Tengah,Kab. Magelang,Beras Premium,kg,22/02/2026,0
Jawa Tengah,Kab. Magelang,Gula Pasir Curah,kg,22/02/2026,0
Jawa Tengah,Kab. Magelang,Minyak Goreng Sawit Kemasan Premium,lt,22/02/2026,0
Jawa Tengah,Kab. Magelang,Minyak Goreng Sawit Curah,lt,22/02/2026,0
Jawa Tengah,Kab. Magelang,Minyakita,lt,22/02/2026,0
Jawa Tengah,Kab. Magelang,Daging Sapi Paha Belakang,kg,22/02/2026,0
Jawa Tengah,Kab. Magelang,Daging Ayam Ras,kg,22/02/2026,0
Jawa Tengah,Kab. Magelang,Telur Ayam Ras,kg,22/02/2026,0
Jawa Tengah,Kab. Magelang,Tepung Terigu,kg,22/02/2026,0
Jawa Tengah,Kab. Magelang,Kedelai Impor,kg,22/02/2026,0
Jawa Tengah,Kab. Magelang,Cabai Merah Keriting,kg,22/02/2026,0
Jawa Tengah,Kab. Magelang,Cabai Rawit Merah,kg,22/02/2026,0
Jawa Tengah,Kab. Magelang,Cabai Merah Besar,kg,22/02/2026,0
Jawa Tengah,Kab. Magelang,Bawang Merah,kg,22/02/2026,0
Jawa Tengah,Kab. Magelang,Bawang Putih Honan,kg,22/02/2026,0
Jawa Tengah,Kab. Boyolali,Beras Medium,kg,22/02/2026,0
Jawa Tengah,Kab. Boyolali,Beras Premium,kg,22/02/2026,0
Jawa Tengah,Kab. Boyolali,Gula Pasir Curah,kg,22/02/2026,0
Jawa Tengah,Kab. Boyolali,Minyak Goreng Sawit Kemasan Premium,lt,22/02/2026,0
Jawa Tengah,Kab. Boyolali,Minyak Goreng Sawit Curah,lt,22/02/2026,0
Jawa Tengah,Kab. Boyolali,Minyakita,lt,22/02/2026,0
Jawa Tengah,Kab. Boyolali,Daging Sapi Paha Belakang,kg,22/02/2026,0
Jawa Tengah,Kab. Boyolali,Daging Ayam Ras,kg,22/02/2026,0
Jawa Tengah,Kab. Boyolali,Telur Ayam Ras,kg,22/02/2026,0
Jawa Tengah,Kab. Boyolali,Tepung Terigu,kg,22/02/2026,0
Jawa Tengah,Kab. Boyolali,Kedelai Impor,kg,22/02/2026,0
Jawa Tengah,Kab. Boyolali,Cabai Merah Keriting,kg,22/02/2026,0
Jawa Tengah,Kab. Boyolali,Cabai Rawit Merah,kg,22/02/2026,0
Jawa Tengah,Kab. Boyolali,Cabai Merah Besar,kg,22/02/2026,0
Jawa Tengah,Kab. Boyolali,Bawang Merah,kg,22/02/2026,0
Jawa Tengah,Kab. Boyolali,Bawang Putih Honan,kg,22/02/2026,0
Jawa Tengah,Kab. Klaten,Beras Medium,kg,22/02/2026,0
Jawa Tengah,Kab. Klaten,Beras Premium,kg,22/02/2026,0
Jawa Tengah,Kab. Klaten,Gula Pasir Curah,kg,22/02/2026,0
Jawa Tengah,Kab. Klaten,Minyak Goreng Sawit Kemasan Premium,lt,22/02/2026,0
Jawa Tengah,Kab. Klaten,Minyak Goreng Sawit Curah,lt,22/02/2026,0
Jawa Tengah,Kab. Klaten,Minyakita,lt,22/02/2026,0
Jawa Tengah,Kab. Klaten,Daging Sapi Paha Belakang,kg,22/02/2026,0
Jawa Tengah,Kab. Klaten,Daging Ayam Ras,kg,22/02/2026,0
Jawa Tengah,Kab. Klaten,Telur Ayam Ras,kg,22/02/2026,0
Jawa Tengah,Kab. Klaten,Tepung Terigu,kg,22/02/2026,0
Jawa Tengah,Kab. Klaten,Kedelai Impor,kg,22/02/2026,0
Jawa Tengah,Kab. Klaten,Cabai Merah Keriting,kg,22/02/2026,0
Jawa Tengah,Kab. Klaten,Cabai Rawit Merah,kg,22/02/2026,0
Jawa Tengah,Kab. Klaten,Cabai Merah Besar,kg,22/02/2026,0
Jawa Tengah,Kab. Klaten,Bawang Merah,kg,22/02/2026,0
Jawa Tengah,Kab. Klaten,Bawang Putih Honan,kg,22/02/2026,0
Jawa Tengah,Kab. Sukoharjo,Beras Medium,kg,22/02/2026,0
Jawa Tengah,Kab. Sukoharjo,Beras Premium,kg,22/02/2026,0
Jawa Tengah,Kab. Sukoharjo,Gula Pasir Curah,kg,22/02/2026,0
Jawa Tengah,Kab. Sukoharjo,Minyak Goreng Sawit Kemasan Premium,lt,22/02/2026,0
Jawa Tengah,Kab. Sukoharjo,Minyak Goreng Sawit Curah,lt,22/02/2026,0
Jawa Tengah,Kab. Sukoharjo,Minyakita,lt,22/02/2026,0
Jawa Tengah,Kab. Sukoharjo,Daging Sapi Paha Belakang,kg,22/02/2026,0
Jawa Tengah,Kab. Sukoharjo,Daging Ayam Ras,kg,22/02/2026,0
Jawa Tengah,Kab. Sukoharjo,Telur Ayam Ras,kg,22/02/2026,0
Jawa Tengah,Kab. Sukoharjo,Tepung Terigu,kg,22/02/2026,0
Jawa Tengah,Kab. Sukoharjo,Kedelai Impor,kg,22/02/2026,0
Jawa Tengah,Kab. Sukoharjo,Cabai Merah Keriting,kg,22/02/2026,0
Jawa Tengah,Kab. Sukoharjo,Cabai Rawit Merah,kg,22/02/2026,0
Jawa Tengah,Kab. Sukoharjo,Cabai Merah Besar,kg,22/02/2026,0
Jawa Tengah,Kab. Sukoharjo,Bawang Merah,kg,22/02/2026,0
Jawa Tengah,Kab. Sukoharjo,Bawang Putih Honan,kg,22/02/2026,0
Jawa Tengah,Kab. Wonogiri,Beras Medium,kg,22/02/2026,0
Jawa Tengah,Kab. Wonogiri,Beras Premium,kg,22/02/2026,0
Jawa Tengah,Kab. Wonogiri,Gula Pasir Curah,kg,22/02/2026,0
Jawa Tengah,Kab. Wonogiri,Minyak Goreng Sawit Kemasan Premium,lt,22/02/2026,0
Jawa Tengah,Kab. Wonogiri,Minyak Goreng Sawit Curah,lt,22/02/2026,0
Jawa Tengah,Kab. Wonogiri,Minyakita,lt,22/02/2026,0
Jawa Tengah,Kab. Wonogiri,Daging Sapi Paha Belakang,kg,22/02/2026,0
Jawa Tengah,Kab. Wonogiri,Daging Ayam Ras,kg,22/02/2026,0
Jawa Tengah,Kab. Wonogiri,Telur Ayam Ras,kg,22/02/2026,0
Jawa Tengah,Kab. Wonogiri,Tepung Terigu,kg,22/02/2026,0
Jawa Tengah,Kab. Wonogiri,Kedelai Impor,kg,22/02/2026,0
Jawa Tengah,Kab. Wonogiri,Cabai Merah Keriting,kg,22/02/2026,0
Jawa Tengah,Kab. Wonogiri,Cabai Rawit Merah,kg,22/02/2026,0
Jawa Tengah,Kab. Wonogiri,Cabai Merah Besar,kg,22/02/2026,0
Jawa Tengah,Kab. Wonogiri,Bawang Merah,kg,22/02/2026,0
Jawa Tengah,Kab. Wonogiri,Bawang Putih Honan,kg,22/02/2026,0
Jawa Tengah,Kab. Karanganyar,Beras Medium,kg,22/02/2026,0
Jawa Tengah,Kab. Karanganyar,Beras Premium,kg,22/02/2026,0
Jawa Tengah,Kab. Karanganyar,Gula Pasir Curah,kg,22/02/2026,0
Jawa Tengah,Kab. Karanganyar,Minyak Goreng Sawit Kemasan Premium,lt,22/02/2026,0
Jawa Tengah,Kab. Karanganyar,Minyak Goreng Sawit Curah,lt,22/02/2026,0
Jawa Tengah,Kab. Karanganyar,Minyakita,lt,22/02/2026,0
Jawa Tengah,Kab. Karanganyar,Daging Sapi Paha Belakang,kg,22/02/2026,0
Jawa Tengah,Kab. Karanganyar,Daging Ayam Ras,kg,22/02/2026,0
Jawa Tengah,Kab. Karanganyar,Telur Ayam Ras,kg,22/02/2026,0
Jawa Tengah,Kab. Karanganyar,Tepung Terigu,kg,22/02/2026,0
Jawa Tengah,Kab. Karanganyar,Kedelai Impor,kg,22/02/2026,0
Jawa Tengah,Kab. Karanganyar,Cabai Merah Keriting,kg,22/02/2026,0
Jawa Tengah,Kab. Karanganyar,Cabai Rawit Merah,kg,22/02/2026,0
Jawa Tengah,Kab. Karanganyar,Cabai Merah Besar,kg,22/02/2026,0
Jawa Tengah,Kab. Karanganyar,Bawang Merah,kg,22/02/2026,0
Jawa Tengah,Kab. Karanganyar,Bawang Putih Honan,kg,22/02/2026,0
Jawa Tengah,Kab. Sragen,Beras Medium,kg,22/02/2026,0
Jawa Tengah,Kab. Sragen,Beras Premium,kg,22/02/2026,0
Jawa Tengah,Kab. Sragen,Gula Pasir Curah,kg,22/02/2026,0
Jawa Tengah,Kab. Sragen,Minyak Goreng Sawit Kemasan Premium,lt,22/02/2026,0
Jawa Tengah,Kab. Sragen,Minyak Goreng Sawit Curah,lt,22/02/2026,0
Jawa Tengah,Kab. Sragen,Minyakita,lt,22/02/2026,0
Jawa Tengah,Kab. Sragen,Daging Sapi Paha Belakang,kg,22/02/2026,0
Jawa Tengah,Kab. Sragen,Daging Ayam Ras,kg,22/02/2026,0
Jawa Tengah,Kab. Sragen,Telur Ayam Ras,kg,22/02/2026,0
Jawa Tengah,Kab. Sragen,Tepung Terigu,kg,22/02/2026,0
Jawa Tengah,Kab. Sragen,Kedelai Impor,kg,22/02/2026,0
Jawa Tengah,Kab. Sragen,Cabai Merah Keriting,kg,22/02/2026,0
Jawa Tengah,Kab. Sragen,Cabai Rawit Merah,kg,22/02/2026,0
Jawa Tengah,Kab. Sragen,Cabai Merah Besar,kg,22/02/2026,0
Jawa Tengah,Kab. Sragen,Bawang Merah,kg,22/02/2026,0
Jawa Tengah,Kab. Sragen,Bawang Putih Honan,kg,22/02/2026,0
Jawa Tengah,Kab. Grobogan,Beras Medium,kg,22/02/2026,0
Jawa Tengah,Kab. Grobogan,Beras Premium,kg,22/02/2026,0
Jawa Tengah,Kab. Grobogan,Gula Pasir Curah,kg,22/02/2026,0
Jawa Tengah,Kab. Grobogan,Minyak Goreng Sawit Kemasan Premium,lt,22/02/2026,0
Jawa Tengah,Kab. Grobogan,Minyak Goreng Sawit Curah,lt,22/02/2026,0
Jawa Tengah,Kab. Grobogan,Minyakita,lt,22/02/2026,0
Jawa Tengah,Kab. Grobogan,Daging Sapi Paha Belakang,kg,22/02/2026,0
Jawa Tengah,Kab. Grobogan,Daging Ayam Ras,kg,22/02/2026,0
Jawa Tengah,Kab. Grobogan,Telur Ayam Ras,kg,22/02/2026,0
Jawa Tengah,Kab. Grobogan,Tepung Terigu,kg,22/02/2026,0
Jawa Tengah,Kab. Grobogan,Kedelai Impor,kg,22/02/2026,0
Jawa Tengah,Kab. Grobogan,Cabai Merah Keriting,kg,22/02/2026,0
Jawa Tengah,Kab. Grobogan,Cabai Rawit Merah,kg,22/02/2026,0
Jawa Tengah,Kab. Grobogan,Cabai Merah Besar,kg,22/02/2026,0
Jawa Tengah,Kab. Grobogan,Bawang Merah,kg,22/02/2026,0
Jawa Tengah,Kab. Grobogan,Bawang Putih Honan,kg,22/02/2026,0
Jawa Tengah,Kab. Blora,Beras Medium,kg,22/02/2026,0
Jawa Tengah,Kab. Blora,Beras Premium,kg,22/02/2026,0
Jawa Tengah,Kab. Blora,Gula Pasir Curah,kg,22/02/2026,0
Jawa Tengah,Kab. Blora,Minyak Goreng Sawit Kemasan Premium,lt,22/02/2026,0
Jawa Tengah,Kab. Blora,Minyak Goreng Sawit Curah,lt,22/02/2026,0
Jawa Tengah,Kab. Blora,Minyakita,lt,22/02/2026,0
Jawa Tengah,Kab. Blora,Daging Sapi Paha Belakang,kg,22/02/2026,0
Jawa Tengah,Kab. Blora,Daging Ayam Ras,kg,22/02/2026,0
Jawa Tengah,Kab. Blora,Telur Ayam Ras,kg,22/02/2026,0
Jawa Tengah,Kab. Blora,Tepung Terigu,kg,22/02/2026,0
Jawa Tengah,Kab. Blora,Kedelai Impor,kg,22/02/2026,0
Jawa Tengah,Kab. Blora,Cabai Merah Keriting,kg,22/02/2026,0
Jawa Tengah,Kab. Blora,Cabai Rawit Merah,kg,22/02/2026,0
Jawa Tengah,Kab. Blora,Cabai Merah Besar,kg,22/02/2026,0
Jawa Tengah,Kab. Blora,Bawang Merah,kg,22/02/2026,0
Jawa Tengah,Kab. Blora,Bawang Putih Honan,kg,22/02/2026,0
Jawa Tengah,Kab. Rembang,Beras Medium,kg,22/02/2026,0
Jawa Tengah,Kab. Rembang,Beras Premium,kg,22/02/2026,0
Jawa Tengah,Kab. Rembang,Gula Pasir Curah,kg,22/02/2026,0
Jawa Tengah,Kab. Rembang,Minyak Goreng Sawit Kemasan Premium,lt,22/02/2026,0
Jawa Tengah,Kab. Rembang,Minyak Goreng Sawit Curah,lt,22/02/2026,0
Jawa Tengah,Kab. Rembang,Minyakita,lt,22/02/2026,0
Jawa Tengah,Kab. Rembang,Daging Sapi Paha Belakang,kg,22/02/2026,0
Jawa Tengah,Kab. Rembang,Daging Ayam Ras,kg,22/02/2026,0
Jawa Tengah,Kab. Rembang,Telur Ayam Ras,kg,22/02/2026,0
Jawa Tengah,Kab. Rembang,Tepung Terigu,kg,22/02/2026,0
Jawa Tengah,Kab. Rembang,Kedelai Impor,kg,22/02/2026,0
Jawa Tengah,Kab. Rembang,Cabai Merah Keriting,kg,22/02/2026,0
Jawa Tengah,Kab. Rembang,Cabai Rawit Merah,kg,22/02/2026,0
Jawa Tengah,Kab. Rembang,Cabai Merah Besar,kg,22/02/2026,0
Jawa Tengah,Kab. Rembang,Bawang Merah,kg,22/02/2026,0
Jawa Tengah,Kab. Rembang,Bawang Putih Honan,kg,22/02/2026,0
Jawa Tengah,Kab. Pati,Beras Medium,kg,22/02/2026,0
Jawa Tengah,Kab. Pati,Beras Premium,kg,22/02/2026,0
Jawa Tengah,Kab. Pati,Gula Pasir Curah,kg,22/02/2026,0
Jawa Tengah,Kab. Pati,Minyak Goreng Sawit Kemasan Premium,lt,22/02/2026,0
Jawa Tengah,Kab. Pati,Minyak Goreng Sawit Curah,lt,22/02/2026,0
Jawa Tengah,Kab. Pati,Minyakita,lt,22/02/2026,0
Jawa Tengah,Kab. Pati,Daging Sapi Paha Belakang,kg,22/02/2026,0
Jawa Tengah,Kab. Pati,Daging Ayam Ras,kg,22/02/2026,0
Jawa Tengah,Kab. Pati,Telur Ayam Ras,kg,22/02/2026,0
Jawa Tengah,Kab. Pati,Tepung Terigu,kg,22/02/2026,0
Jawa Tengah,Kab. Pati,Kedelai Impor,kg,22/02/2026,0
Jawa Tengah,Kab. Pati,Cabai Merah Keriting,kg,22/02/2026,0
Jawa Tengah,Kab. Pati,Cabai Rawit Merah,kg,22/02/2026,0
Jawa Tengah,Kab. Pati,Cabai Merah Besar,kg,22/02/2026,0
Jawa Tengah,Kab. Pati,Bawang Merah,kg,22/02/2026,0
Jawa Tengah,Kab. Pati,Bawang Putih Honan,kg,22/02/2026,0
Jawa Tengah,Kab. Kudus,Beras Medium,kg,22/02/2026,0
Jawa Tengah,Kab. Kudus,Beras Premium,kg,22/02/2026,0
Jawa Tengah,Kab. Kudus,Gula Pasir Curah,kg,22/02/2026,0
Jawa Tengah,Kab. Kudus,Minyak Goreng Sawit Kemasan Premium,lt,22/02/2026,0
Jawa Tengah,Kab. Kudus,Minyak Goreng Sawit Curah,lt,22/02/2026,0
Jawa Tengah,Kab. Kudus,Minyakita,lt,22/02/2026,0
Jawa Tengah,Kab. Kudus,Daging Sapi Paha Belakang,kg,22/02/2026,0
Jawa Tengah,Kab. Kudus,Daging Ayam Ras,kg,22/02/2026,0
Jawa Tengah,Kab. Kudus,Telur Ayam Ras,kg,22/02/2026,0
Jawa Tengah,Kab. Kudus,Tepung Terigu,kg,22/02/2026,0
Jawa Tengah,Kab. Kudus,Kedelai Impor,kg,22/02/2026,0
Jawa Tengah,Kab. Kudus,Cabai Merah Keriting,kg,22/02/2026,0
Jawa Tengah,Kab. Kudus,Cabai Rawit Merah,kg,22/02/2026,0
Jawa Tengah,Kab. Kudus,Cabai Merah Besar,kg,22/02/2026,0
Jawa Tengah,Kab. Kudus,Bawang Merah,kg,22/02/2026,0
Jawa Tengah,Kab. Kudus,Bawang Putih Honan,kg,22/02/2026,0
Jawa Tengah,Kab. Jepara,Beras Medium,kg,22/02/2026,0
Jawa Tengah,Kab. Jepara,Beras Premium,kg,22/02/2026,0
Jawa Tengah,Kab. Jepara,Gula Pasir Curah,kg,22/02/2026,0
Jawa Tengah,Kab. Jepara,Minyak Goreng Sawit Kemasan Premium,lt,22/02/2026,0
Jawa Tengah,Kab. Jepara,Minyak Goreng Sawit Curah,lt,22/02/2026,0
Jawa Tengah,Kab. Jepara,Minyakita,lt,22/02/2026,0
Jawa Tengah,Kab. Jepara,Daging Sapi Paha Belakang,kg,22/02/2026,0
Jawa Tengah,Kab. Jepara,Daging Ayam Ras,kg,22/02/2026,0
Jawa Tengah,Kab. Jepara,Telur Ayam Ras,kg,22/02/2026,0
Jawa Tengah,Kab. Jepara,Tepung Terigu,kg,22/02/2026,0
Jawa Tengah,Kab. Jepara,Kedelai Impor,kg,22/02/2026,0
Jawa Tengah,Kab. Jepara,Cabai Merah Keriting,kg,22/02/2026,0
Jawa Tengah,Kab. Jepara,Cabai Rawit Merah,kg,22/02/2026,0
Jawa Tengah,Kab. Jepara,Cabai Merah Besar,kg,22/02/2026,0
Jawa Tengah,Kab. Jepara,Bawang Merah,kg,22/02/2026,0
Jawa Tengah,Kab. Jepara,Bawang Putih Honan,kg,22/02/2026,0
Jawa Tengah,Kab. Demak,Beras Medium,kg,22/02/2026,0
Jawa Tengah,Kab. Demak,Beras Premium,kg,22/02/2026,0
Jawa Tengah,Kab. Demak,Gula Pasir Curah,kg,22/02/2026,0
Jawa Tengah,Kab. Demak,Minyak Goreng Sawit Kemasan Premium,lt,22/02/2026,0
Jawa Tengah,Kab. Demak,Minyak Goreng Sawit Curah,lt,22/02/2026,0
Jawa Tengah,Kab. Demak,Minyakita,lt,22/02/2026,0
Jawa Tengah,Kab. Demak,Daging Sapi Paha Belakang,kg,22/02/2026,0
Jawa Tengah,Kab. Demak,Daging Ayam Ras,kg,22/02/2026,0
Jawa Tengah,Kab. Demak,Telur Ayam Ras,kg,22/02/2026,0
Jawa Tengah,Kab. Demak,Tepung Terigu,kg,22/02/2026,0
Jawa Tengah,Kab. Demak,Kedelai Impor,kg,22/02/2026,0
Jawa Tengah,Kab. Demak,Cabai Merah Keriting,kg,22/02/2026,0
Jawa Tengah,Kab. Demak,Cabai Rawit Merah,kg,22/02/2026,0
Jawa Tengah,Kab. Demak,Cabai Merah Besar,kg,22/02/2026,0
Jawa Tengah,Kab. Demak,Bawang Merah,kg,22/02/2026,0
Jawa Tengah,Kab. Demak,Bawang Putih Honan,kg,22/02/2026,0
Jawa Tengah,Kab. Semarang,Beras Medium,kg,22/02/2026,0
Jawa Tengah,Kab. Semarang,Beras Premium,kg,22/02/2026,0
Jawa Tengah,Kab. Semarang,Gula Pasir Curah,kg,22/02/2026,0
Jawa Tengah,Kab. Semarang,Minyak Goreng Sawit Kemasan Premium,lt,22/02/2026,0
Jawa Tengah,Kab. Semarang,Minyak Goreng Sawit Curah,lt,22/02/2026,0
Jawa Tengah,Kab. Semarang,Minyakita,lt,22/02/2026,0
Jawa Tengah,Kab. Semarang,Daging Sapi Paha Belakang,kg,22/02/2026,0
Jawa Tengah,Kab. Semarang,Daging Ayam Ras,kg,22/02/2026,0
Jawa Tengah,Kab. Semarang,Telur Ayam Ras,kg,22/02/2026,0
Jawa Tengah,Kab. Semarang,Tepung Terigu,kg,22/02/2026,0
Jawa Tengah,Kab. Semarang,Kedelai Impor,kg,22/02/2026,0
Jawa Tengah,Kab. Semarang,Cabai Merah Keriting,kg,22/02/2026,0
Jawa Tengah,Kab. Semarang,Cabai Rawit Merah,kg,22/02/2026,0
Jawa Tengah,Kab. Semarang,Cabai Merah Besar,kg,22/02/2026,0
Jawa Tengah,Kab. Semarang,Bawang Merah,kg,22/02/2026,0
Jawa Tengah,Kab. Semarang,Bawang Putih Honan,kg,22/02/2026,0
Jawa Tengah,Kab. Temanggung,Beras Medium,kg,22/02/2026,0
Jawa Tengah,Kab. Temanggung,Beras Premium,kg,22/02/2026,0
Jawa Tengah,Kab. Temanggung,Gula Pasir Curah,kg,22/02/2026,0
Jawa Tengah,Kab. Temanggung,Minyak Goreng Sawit Kemasan Premium,lt,22/02/2026,0
Jawa Tengah,Kab. Temanggung,Minyak Goreng Sawit Curah,lt,22/02/2026,0
Jawa Tengah,Kab. Temanggung,Minyakita,lt,22/02/2026,0
Jawa Tengah,Kab. Temanggung,Daging Sapi Paha Belakang,kg,22/02/2026,0
Jawa Tengah,Kab. Temanggung,Daging Ayam Ras,kg,22/02/2026,0
Jawa Tengah,Kab. Temanggung,Telur Ayam Ras,kg,22/02/2026,0
Jawa Tengah,Kab. Temanggung,Tepung Terigu,kg,22/02/2026,0
Jawa Tengah,Kab. Temanggung,Kedelai Impor,kg,22/02/2026,0
Jawa Tengah,Kab. Temanggung,Cabai Merah Keriting,kg,22/02/2026,0
Jawa Tengah,Kab. Temanggung,Cabai Rawit Merah,kg,22/02/2026,0
Jawa Tengah,Kab. Temanggung,Cabai Merah Besar,kg,22/02/2026,0
Jawa Tengah,Kab. Temanggung,Bawang Merah,kg,22/02/2026,0
Jawa Tengah,Kab. Temanggung,Bawang Putih Honan,kg,22/02/2026,0
Jawa Tengah,Kab. Kendal,Beras Medium,kg,22/02/2026,0
Jawa Tengah,Kab. Kendal,Beras Premium,kg,22/02/2026,0
Jawa Tengah,Kab. Kendal,Gula Pasir Curah,kg,22/02/2026,0
Jawa Tengah,Kab. Kendal,Minyak Goreng Sawit Kemasan Premium,lt,22/02/2026,0
Jawa Tengah,Kab. Kendal,Minyak Goreng Sawit Curah,lt,22/02/2026,0
Jawa Tengah,Kab. Kendal,Minyakita,lt,22/02/2026,0
Jawa Tengah,Kab. Kendal,Daging Sapi Paha Belakang,kg,22/02/2026,0
Jawa Tengah,Kab. Kendal,Daging Ayam Ras,kg,22/02/2026,0
Jawa Tengah,Kab. Kendal,Telur Ayam Ras,kg,22/02/2026,0
Jawa Tengah,Kab. Kendal,Tepung Terigu,kg,22/02/2026,0
Jawa Tengah,Kab. Kendal,Kedelai Impor,kg,22/02/2026,0
Jawa Tengah,Kab. Kendal,Cabai Merah Keriting,kg,22/02/2026,0
Jawa Tengah,Kab. Kendal,Cabai Rawit Merah,kg,22/02/2026,0
Jawa Tengah,Kab. Kendal,Cabai Merah Besar,kg,22/02/2026,0
Jawa Tengah,Kab. Kendal,Bawang Merah,kg,22/02/2026,0
Jawa Tengah,Kab. Kendal,Bawang Putih Honan,kg,22/02/2026,0
Jawa Tengah,Kab. Batang,Beras Medium,kg,22/02/2026,0
Jawa Tengah,Kab. Batang,Beras Premium,kg,22/02/2026,0
Jawa Tengah,Kab. Batang,Gula Pasir Curah,kg,22/02/2026,0
Jawa Tengah,Kab. Batang,Minyak Goreng Sawit Kemasan Premium,lt,22/02/2026,0
Jawa Tengah,Kab. Batang,Minyak Goreng Sawit Curah,lt,22/02/2026,0
Jawa Tengah,Kab. Batang,Minyakita,lt,22/02/2026,0
Jawa Tengah,Kab. Batang,Daging Sapi Paha Belakang,kg,22/02/2026,0
Jawa Tengah,Kab. Batang,Daging Ayam Ras,kg,22/02/2026,0
Jawa Tengah,Kab. Batang,Telur Ayam Ras,kg,22/02/2026,0
Jawa Tengah,Kab. Batang,Tepung Terigu,kg,22/02/2026,0
Jawa Tengah,Kab. Batang,Kedelai Impor,kg,22/02/2026,0
Jawa Tengah,Kab. Batang,Cabai Merah Keriting,kg,22/02/2026,0
Jawa Tengah,Kab. Batang,Cabai Rawit Merah,kg,22/02/2026,0
Jawa Tengah,Kab. Batang,Cabai Merah Besar,kg,22/02/2026,0
Jawa Tengah,Kab. Batang,Bawang Merah,kg,22/02/2026,0
Jawa Tengah,Kab. Batang,Bawang Putih Honan,kg,22/02/2026,0
Jawa Tengah,Kab. Pekalongan,Beras Medium,kg,22/02/2026,0
Jawa Tengah,Kab. Pekalongan,Beras Premium,kg,22/02/2026,0
Jawa Tengah,Kab. Pekalongan,Gula Pasir Curah,kg,22/02/2026,0
Jawa Tengah,Kab. Pekalongan,Minyak Goreng Sawit Kemasan Premium,lt,22/02/2026,0
Jawa Tengah,Kab. Pekalongan,Minyak Goreng Sawit Curah,lt,22/02/2026,0
Jawa Tengah,Kab. Pekalongan,Minyakita,lt,22/02/2026,0
Jawa Tengah,Kab. Pekalongan,Daging Sapi Paha Belakang,kg,22/02/2026,0
Jawa Tengah,Kab. Pekalongan,Daging Ayam Ras,kg,22/02/2026,0
Jawa Tengah,Kab. Pekalongan,Telur Ayam Ras,kg,22/02/2026,0
Jawa Tengah,Kab. Pekalongan,Tepung Terigu,kg,22/02/2026,0
Jawa Tengah,Kab. Pekalongan,Kedelai Impor,kg,22/02/2026,0
Jawa Tengah,Kab. Pekalongan,Cabai Merah Keriting,kg,22/02/2026,0
Jawa Tengah,Kab. Pekalongan,Cabai Rawit Merah,kg,22/02/2026,0
Jawa Tengah,Kab. Pekalongan,Cabai Merah Besar,kg,22/02/2026,0
Jawa Tengah,Kab. Pekalongan,Bawang Merah,kg,22/02/2026,0
Jawa Tengah,Kab. Pekalongan,Bawang Putih Honan,kg,22/02/2026,0
Jawa Tengah,Kab. Pemalang,Beras Medium,kg,22/02/2026,0
Jawa Tengah,Kab. Pemalang,Beras Premium,kg,22/02/2026,0
Jawa Tengah,Kab. Pemalang,Gula Pasir Curah,kg,22/02/2026,0
Jawa Tengah,Kab. Pemalang,Minyak Goreng Sawit Kemasan Premium,lt,22/02/2026,0
Jawa Tengah,Kab. Pemalang,Minyak Goreng Sawit Curah,lt,22/02/2026,0
Jawa Tengah,Kab. Pemalang,Minyakita,lt,22/02/2026,0
Jawa Tengah,Kab. Pemalang,Daging Sapi Paha Belakang,kg,22/02/2026,0
Jawa Tengah,Kab. Pemalang,Daging Ayam Ras,kg,22/02/2026,0
Jawa Tengah,Kab. Pemalang,Telur Ayam Ras,kg,22/02/2026,0
Jawa Tengah,Kab. Pemalang,Tepung Terigu,kg,22/02/2026,0
Jawa Tengah,Kab. Pemalang,Kedelai Impor,kg,22/02/2026,0
Jawa Tengah,Kab. Pemalang,Cabai Merah Keriting,kg,22/02/2026,0
Jawa Tengah,Kab. Pemalang,Cabai Rawit Merah,kg,22/02/2026,0
Jawa Tengah,Kab. Pemalang,Cabai Merah Besar,kg,22/02/2026,0
Jawa Tengah,Kab. Pemalang,Bawang Merah,kg,22/02/2026,0
Jawa Tengah,Kab. Pemalang,Bawang Putih Honan,kg,22/02/2026,0
Jawa Tengah,Kab. Tegal,Beras Medium,kg,22/02/2026,0
Jawa Tengah,Kab. Tegal,Beras Premium,kg,22/02/2026,0
Jawa Tengah,Kab. Tegal,Gula Pasir Curah,kg,22/02/2026,0
Jawa Tengah,Kab. Tegal,Minyak Goreng Sawit Kemasan Premium,lt,22/02/2026,0
Jawa Tengah,Kab. Tegal,Minyak Goreng Sawit Curah,lt,22/02/2026,0
Jawa Tengah,Kab. Tegal,Minyakita,lt,22/02/2026,0
Jawa Tengah,Kab. Tegal,Daging Sapi Paha Belakang,kg,22/02/2026,0
Jawa Tengah,Kab. Tegal,Daging Ayam Ras,kg,22/02/2026,0
Jawa Tengah,Kab. Tegal,Telur Ayam Ras,kg,22/02/2026,0
Jawa Tengah,Kab. Tegal,Tepung Terigu,kg,22/02/2026,0
Jawa Tengah,Kab. Tegal,Kedelai Impor,kg,22/02/2026,0
Jawa Tengah,Kab. Tegal,Cabai Merah Keriting,kg,22/02/2026,0
Jawa Tengah,Kab. Tegal,Cabai Rawit Merah,kg,22/02/2026,0
Jawa Tengah,Kab. Tegal,Cabai Merah Besar,kg,22/02/2026,0
Jawa Tengah,Kab. Tegal,Bawang Merah,kg,22/02/2026,0
Jawa Tengah,Kab. Tegal,Bawang Putih Honan,kg,22/02/2026,0
Jawa Tengah,Kab. Brebes,Beras Medium,kg,22/02/2026,0
Jawa Tengah,Kab. Brebes,Beras Premium,kg,22/02/2026,0
Jawa Tengah,Kab. Brebes,Gula Pasir Curah,kg,22/02/2026,0
Jawa Tengah,Kab. Brebes,Minyak Goreng Sawit Kemasan Premium,lt,22/02/2026,0
Jawa Tengah,Kab. Brebes,Minyak Goreng Sawit Curah,lt,22/02/2026,0
Jawa Tengah,Kab. Brebes,Minyakita,lt,22/02/2026,0
Jawa Tengah,Kab. Brebes,Daging Sapi Paha Belakang,kg,22/02/2026,0
Jawa Tengah,Kab. Brebes,Daging Ayam Ras,kg,22/02/2026,0
Jawa Tengah,Kab. Brebes,Telur Ayam Ras,kg,22/02/2026,0
Jawa Tengah,Kab. Brebes,Tepung Terigu,kg,22/02/2026,0
Jawa Tengah,Kab. Brebes,Kedelai Impor,kg,22/02/2026,0
Jawa Tengah,Kab. Brebes,Cabai Merah Keriting,kg,22/02/2026,0
Jawa Tengah,Kab. Brebes,Cabai Rawit Merah,kg,22/02/2026,0
Jawa Tengah,Kab. Brebes,Cabai Merah Besar,kg,22/02/2026,0
Jawa Tengah,Kab. Brebes,Bawang Merah,kg,22/02/2026,0
Jawa Tengah,Kab. Brebes,Bawang Putih Honan,kg,22/02/2026,0
Jawa Tengah,Kota Magelang,Beras Medium,kg,22/02/2026,0
Jawa Tengah,Kota Magelang,Beras Premium,kg,22/02/2026,0
Jawa Tengah,Kota Magelang,Gula Pasir Curah,kg,22/02/2026,0
Jawa Tengah,Kota Magelang,Minyak Goreng Sawit Kemasan Premium,lt,22/02/2026,0
Jawa Tengah,Kota Magelang,Minyak Goreng Sawit Curah,lt,22/02/2026,0
Jawa Tengah,Kota Magelang,Minyakita,lt,22/02/2026,0
Jawa Tengah,Kota Magelang,Daging Sapi Paha Belakang,kg,22/02/2026,0
Jawa Tengah,Kota Magelang,Daging Ayam Ras,kg,22/02/2026,0
Jawa Tengah,Kota Magelang,Telur Ayam Ras,kg,22/02/2026,0
Jawa Tengah,Kota Magelang,Tepung Terigu,kg,22/02/2026,0
Jawa Tengah,Kota Magelang,Kedelai Impor,kg,22/02/2026,0
Jawa Tengah,Kota Magelang,Cabai Merah Keriting,kg,22/02/2026,0
Jawa Tengah,Kota Magelang,Cabai Rawit Merah,kg,22/02/2026,0
Jawa Tengah,Kota Magelang,Cabai Merah Besar,kg,22/02/2026,0
Jawa Tengah,Kota Magelang,Bawang Merah,kg,22/02/2026,0
Jawa Tengah,Kota Magelang,Bawang Putih Honan,kg,22/02/2026,0
Jawa Tengah,Kota Surakarta,Beras Medium,kg,22/02/2026,0
Jawa Tengah,Kota Surakarta,Beras Premium,kg,22/02/2026,0
Jawa Tengah,Kota Surakarta,Gula Pasir Curah,kg,22/02/2026,0
Jawa Tengah,Kota Surakarta,Minyak Goreng Sawit Kemasan Premium,lt,22/02/2026,0
Jawa Tengah,Kota Surakarta,Minyak Goreng Sawit Curah,lt,22/02/2026,0
Jawa Tengah,Kota Surakarta,Minyakita,lt,22/02/2026,0
Jawa Tengah,Kota Surakarta,Daging Sapi Paha Belakang,kg,22/02/2026,0
Jawa Tengah,Kota Surakarta,Daging Ayam Ras,kg,22/02/2026,0
Jawa Tengah,Kota Surakarta,Telur Ayam Ras,kg,22/02/2026,0
Jawa Tengah,Kota Surakarta,Tepung Terigu,kg,22/02/2026,0
Jawa Tengah,Kota Surakarta,Kedelai Impor,kg,22/02/2026,0
Jawa Tengah,Kota Surakarta,Cabai Merah Keriting,kg,22/02/2026,0
Jawa Tengah,Kota Surakarta,Cabai Rawit Merah,kg,22/02/2026,0
Jawa Tengah,Kota Surakarta,Cabai Merah Besar,kg,22/02/2026,0
Jawa Tengah,Kota Surakarta,Bawang Merah,kg,22/02/2026,0
Jawa Tengah,Kota Surakarta,Bawang Putih Honan,kg,22/02/2026,0
Jawa Tengah,Kota Salatiga,Beras Medium,kg,22/02/2026,0
Jawa Tengah,Kota Salatiga,Beras Premium,kg,22/02/2026,0
Jawa Tengah,Kota Salatiga,Gula Pasir Curah,kg,22/02/2026,0
Jawa Tengah,Kota Salatiga,Minyak Goreng Sawit Kemasan Premium,lt,22/02/2026,0
Jawa Tengah,Kota Salatiga,Minyak Goreng Sawit Curah,lt,22/02/2026,0
Jawa Tengah,Kota Salatiga,Minyakita,lt,22/02/2026,0
Jawa Tengah,Kota Salatiga,Daging Sapi Paha Belakang,kg,22/02/2026,0
Jawa Tengah,Kota Salatiga,Daging Ayam Ras,kg,22/02/2026,0
Jawa Tengah,Kota Salatiga,Telur Ayam Ras,kg,22/02/2026,0
Jawa Tengah,Kota Salatiga,Tepung Terigu,kg,22/02/2026,0
Jawa Tengah,Kota Salatiga,Kedelai Impor,kg,22/02/2026,0
Jawa Tengah,Kota Salatiga,Cabai Merah Keriting,kg,22/02/2026,0
Jawa Tengah,Kota Salatiga,Cabai Rawit Merah,kg,22/02/2026,0
Jawa Tengah,Kota Salatiga,Cabai Merah Besar,kg,22/02/2026,0
Jawa Tengah,Kota Salatiga,Bawang Merah,kg,22/02/2026,0
Jawa Tengah,Kota Salatiga,Bawang Putih Honan,kg,22/02/2026,0
Jawa Tengah,Kota Semarang,Beras Medium,kg,22/02/2026,0
Jawa Tengah,Kota Semarang,Beras Premium,kg,22/02/2026,0
Jawa Tengah,Kota Semarang,Gula Pasir Curah,kg,22/02/2026,0
Jawa Tengah,Kota Semarang,Minyak Goreng Sawit Kemasan Premium,lt,22/02/2026,0
Jawa Tengah,Kota Semarang,Minyak Goreng Sawit Curah,lt,22/02/2026,0
Jawa Tengah,Kota Semarang,Minyakita,lt,22/02/2026,0
Jawa Tengah,Kota Semarang,Daging Sapi Paha Belakang,kg,22/02/2026,0
Jawa Tengah,Kota Semarang,Daging Ayam Ras,kg,22/02/2026,0
Jawa Tengah,Kota Semarang,Telur Ayam Ras,kg,22/02/2026,0
Jawa Tengah,Kota Semarang,Tepung Terigu,kg,22/02/2026,0
Jawa Tengah,Kota Semarang,Kedelai Impor,kg,22/02/2026,0
Jawa Tengah,Kota Semarang,Cabai Merah Keriting,kg,22/02/2026,0
Jawa Tengah,Kota Semarang,Cabai Rawit Merah,kg,22/02/2026,0
Jawa Tengah,Kota Semarang,Cabai Merah Besar,kg,22/02/2026,0
Jawa Tengah,Kota Semarang,Bawang Merah,kg,22/02/2026,0
Jawa Tengah,Kota Semarang,Bawang Putih Honan,kg,22/02/2026,0
Jawa Tengah,Kota Pekalongan,Beras Medium,kg,22/02/2026,0
Jawa Tengah,Kota Pekalongan,Beras Premium,kg,22/02/2026,0
Jawa Tengah,Kota Pekalongan,Gula Pasir Curah,kg,22/02/2026,0
Jawa Tengah,Kota Pekalongan,Minyak Goreng Sawit Kemasan Premium,lt,22/02/2026,0
Jawa Tengah,Kota Pekalongan,Minyak Goreng Sawit Curah,lt,22/02/2026,0
Jawa Tengah,Kota Pekalongan,Minyakita,lt,22/02/2026,0
Jawa Tengah,Kota Pekalongan,Daging Sapi Paha Belakang,kg,22/02/2026,0
Jawa Tengah,Kota Pekalongan,Daging Ayam Ras,kg,22/02/2026,0
Jawa Tengah,Kota Pekalongan,Telur Ayam Ras,kg,22/02/2026,0
Jawa Tengah,Kota Pekalongan,Tepung Terigu,kg,22/02/2026,0
Jawa Tengah,Kota Pekalongan,Kedelai Impor,kg,22/02/2026,0
Jawa Tengah,Kota Pekalongan,Cabai Merah Keriting,kg,22/02/2026,0
Jawa Tengah,Kota Pekalongan,Cabai Rawit Merah,kg,22/02/2026,0
Jawa Tengah,Kota Pekalongan,Cabai Merah Besar,kg,22/02/2026,0
Jawa Tengah,Kota Pekalongan,Bawang Merah,kg,22/02/2026,0
Jawa Tengah,Kota Pekalongan,Bawang Putih Honan,kg,22/02/2026,0
Jawa Tengah,Kota Tegal,Beras Medium,kg,22/02/2026,0
Jawa Tengah,Kota Tegal,Beras Premium,kg,22/02/2026,0
Jawa Tengah,Kota Tegal,Gula Pasir Curah,kg,22/02/2026,0
Jawa Tengah,Kota Tegal,Minyak Goreng Sawit Kemasan Premium,lt,22/02/2026,0
Jawa Tengah,Kota Tegal,Minyak Goreng Sawit Curah,lt,22/02/2026,0
Jawa Tengah,Kota Tegal,Minyakita,lt,22/02/2026,0
Jawa Tengah,Kota Tegal,Daging Sapi Paha Belakang,kg,22/02/2026,0
Jawa Tengah,Kota Tegal,Daging Ayam Ras,kg,22/02/2026,0
Jawa Tengah,Kota Tegal,Telur Ayam Ras,kg,22/02/2026,0
Jawa Tengah,Kota Tegal,Tepung Terigu,kg,22/02/2026,0
Jawa Tengah,Kota Tegal,Kedelai Impor,kg,22/02/2026,0
Jawa Tengah,Kota Tegal,Cabai Merah Keriting,kg,22/02/2026,0
Jawa Tengah,Kota Tegal,Cabai Rawit Merah,kg,22/02/2026,0
Jawa Tengah,Kota Tegal,Cabai Merah Besar,kg,22/02/2026,0
Jawa Tengah,Kota Tegal,Bawang Merah,kg,22/02/2026,0
Jawa Tengah,Kota Tegal,Bawang Putih Honan,kg,22/02/2026,0
Jawa Tengah,Kab. Cilacap,Beras Medium,kg,23/02/2026,13500
Jawa Tengah,Kab. Cilacap,Beras Premium,kg,23/02/2026,14500
Jawa Tengah,Kab. Cilacap,Gula Pasir Curah,kg,23/02/2026,17333
Jawa Tengah,Kab. Cilacap,Minyak Goreng Sawit Kemasan Premium,lt,23/02/2026,22000
Jawa Tengah,Kab. Cilacap,Minyak Goreng Sawit Curah,lt,23/02/2026,18000
Jawa Tengah,Kab. Cilacap,Minyakita,lt,23/02/2026,15700
Jawa Tengah,Kab. Cilacap,Daging Sapi Paha Belakang,kg,23/02/2026,140000
Jawa Tengah,Kab. Cilacap,Daging Ayam Ras,kg,23/02/2026,41333
Jawa Tengah,Kab. Cilacap,Telur Ayam Ras,kg,23/02/2026,31000
Jawa Tengah,Kab. Cilacap,Tepung Terigu,kg,23/02/2026,12000
Jawa Tengah,Kab. Cilacap,Kedelai Impor,kg,23/02/2026,11667
Jawa Tengah,Kab. Cilacap,Cabai Merah Keriting,kg,23/02/2026,36333
Jawa Tengah,Kab. Cilacap,Cabai Rawit Merah,kg,23/02/2026,75333
Jawa Tengah,Kab. Cilacap,Cabai Merah Besar,kg,23/02/2026,33333
Jawa Tengah,Kab. Cilacap,Bawang Merah,kg,23/02/2026,40000
Jawa Tengah,Kab. Cilacap,Bawang Putih Honan,kg,23/02/2026,33667
Jawa Tengah,Kab. Banyumas,Beras Medium,kg,23/02/2026,13250
Jawa Tengah,Kab. Banyumas,Beras Premium,kg,23/02/2026,14900
Jawa Tengah,Kab. Banyumas,Gula Pasir Curah,kg,23/02/2026,16833
Jawa Tengah,Kab. Banyumas,Minyak Goreng Sawit Kemasan Premium,lt,23/02/2026,21000
Jawa Tengah,Kab. Banyumas,Minyak Goreng Sawit Curah,lt,23/02/2026,18000
Jawa Tengah,Kab. Banyumas,Minyakita,lt,23/02/2026,15700
Jawa Tengah,Kab. Banyumas,Daging Sapi Paha Belakang,kg,23/02/2026,133333
Jawa Tengah,Kab. Banyumas,Daging Ayam Ras,kg,23/02/2026,41333
Jawa Tengah,Kab. Banyumas,Telur Ayam Ras,kg,23/02/2026,31333
Jawa Tengah,Kab. Banyumas,Tepung Terigu,kg,23/02/2026,12000
Jawa Tengah,Kab. Banyumas,Kedelai Impor,kg,23/02/2026,10000
Jawa Tengah,Kab. Banyumas,Cabai Merah Keriting,kg,23/02/2026,42667
Jawa Tengah,Kab. Banyumas,Cabai Rawit Merah,kg,23/02/2026,78667
Jawa Tengah,Kab. Banyumas,Cabai Merah Besar,kg,23/02/2026,36667
Jawa Tengah,Kab. Banyumas,Bawang Merah,kg,23/02/2026,40000
Jawa Tengah,Kab. Banyumas,Bawang Putih Honan,kg,23/02/2026,0
Jawa Tengah,Kab. Purbalingga,Beras Medium,kg,23/02/2026,13000
Jawa Tengah,Kab. Purbalingga,Beras Premium,kg,23/02/2026,14200
Jawa Tengah,Kab. Purbalingga,Gula Pasir Curah,kg,23/02/2026,17000
Jawa Tengah,Kab. Purbalingga,Minyak Goreng Sawit Kemasan Premium,lt,23/02/2026,21000
Jawa Tengah,Kab. Purbalingga,Minyak Goreng Sawit Curah,lt,23/02/2026,18000
Jawa Tengah,Kab. Purbalingga,Minyakita,lt,23/02/2026,15700
Jawa Tengah,Kab. Purbalingga,Daging Sapi Paha Belakang,kg,23/02/2026,140000
Jawa Tengah,Kab. Purbalingga,Daging Ayam Ras,kg,23/02/2026,41000
Jawa Tengah,Kab. Purbalingga,Telur Ayam Ras,kg,23/02/2026,31000
Jawa Tengah,Kab. Purbalingga,Tepung Terigu,kg,23/02/2026,12000
Jawa Tengah,Kab. Purbalingga,Kedelai Impor,kg,23/02/2026,9800
Jawa Tengah,Kab. Purbalingga,Cabai Merah Keriting,kg,23/02/2026,49000
Jawa Tengah,Kab. Purbalingga,Cabai Rawit Merah,kg,23/02/2026,89000
Jawa Tengah,Kab. Purbalingga,Cabai Merah Besar,kg,23/02/2026,40000
Jawa Tengah,Kab. Purbalingga,Bawang Merah,kg,23/02/2026,45000
Jawa Tengah,Kab. Purbalingga,Bawang Putih Honan,kg,23/02/2026,33000
Jawa Tengah,Kab. Banjarnegara,Beras Medium,kg,23/02/2026,13333
Jawa Tengah,Kab. Banjarnegara,Beras Premium,kg,23/02/2026,14533
Jawa Tengah,Kab. Banjarnegara,Gula Pasir Curah,kg,23/02/2026,17000
Jawa Tengah,Kab. Banjarnegara,Minyak Goreng Sawit Kemasan Premium,lt,23/02/2026,20666
Jawa Tengah,Kab. Banjarnegara,Minyak Goreng Sawit Curah,lt,23/02/2026,18450
Jawa Tengah,Kab. Banjarnegara,Minyakita,lt,23/02/2026,15700
Jawa Tengah,Kab. Banjarnegara,Daging Sapi Paha Belakang,kg,23/02/2026,135000
Jawa Tengah,Kab. Banjarnegara,Daging Ayam Ras,kg,23/02/2026,39000
Jawa Tengah,Kab. Banjarnegara,Telur Ayam Ras,kg,23/02/2026,30000
Jawa Tengah,Kab. Banjarnegara,Tepung Terigu,kg,23/02/2026,11666
Jawa Tengah,Kab. Banjarnegara,Kedelai Impor,kg,23/02/2026,10433
Jawa Tengah,Kab. Banjarnegara,Cabai Merah Keriting,kg,23/02/2026,50000
Jawa Tengah,Kab. Banjarnegara,Cabai Rawit Merah,kg,23/02/2026,75000
Jawa Tengah,Kab. Banjarnegara,Cabai Merah Besar,kg,23/02/2026,0
Jawa Tengah,Kab. Banjarnegara,Bawang Merah,kg,23/02/2026,40000
Jawa Tengah,Kab. Banjarnegara,Bawang Putih Honan,kg,23/02/2026,33666
Jawa Tengah,Kab. Kebumen,Beras Medium,kg,23/02/2026,12250
Jawa Tengah,Kab. Kebumen,Beras Premium,kg,23/02/2026,14450
Jawa Tengah,Kab. Kebumen,Gula Pasir Curah,kg,23/02/2026,16000
Jawa Tengah,Kab. Kebumen,Minyak Goreng Sawit Kemasan Premium,lt,23/02/2026,20500
Jawa Tengah,Kab. Kebumen,Minyak Goreng Sawit Curah,lt,23/02/2026,17500
Jawa Tengah,Kab. Kebumen,Minyakita,lt,23/02/2026,15700
Jawa Tengah,Kab. Kebumen,Daging Sapi Paha Belakang,kg,23/02/2026,120000
Jawa Tengah,Kab. Kebumen,Daging Ayam Ras,kg,23/02/2026,33750
Jawa Tengah,Kab. Kebumen,Telur Ayam Ras,kg,23/02/2026,28500
Jawa Tengah,Kab. Kebumen,Tepung Terigu,kg,23/02/2026,11000
Jawa Tengah,Kab. Kebumen,Kedelai Impor,kg,23/02/2026,9500
Jawa Tengah,Kab. Kebumen,Cabai Merah Keriting,kg,23/02/2026,31167
Jawa Tengah,Kab. Kebumen,Cabai Rawit Merah,kg,23/02/2026,40167
Jawa Tengah,Kab. Kebumen,Cabai Merah Besar,kg,23/02/2026,31667
Jawa Tengah,Kab. Kebumen,Bawang Merah,kg,23/02/2026,35000
Jawa Tengah,Kab. Kebumen,Bawang Putih Honan,kg,23/02/2026,0
Jawa Tengah,Kab. Purworejo,Beras Medium,kg,23/02/2026,12800
Jawa Tengah,Kab. Purworejo,Beras Premium,kg,23/02/2026,14500
Jawa Tengah,Kab. Purworejo,Gula Pasir Curah,kg,23/02/2026,17333
Jawa Tengah,Kab. Purworejo,Minyak Goreng Sawit Kemasan Premium,lt,23/02/2026,20333
Jawa Tengah,Kab. Purworejo,Minyak Goreng Sawit Curah,lt,23/02/2026,17400
Jawa Tengah,Kab. Purworejo,Minyakita,lt,23/02/2026,15700
Jawa Tengah,Kab. Purworejo,Daging Sapi Paha Belakang,kg,23/02/2026,135500
Jawa Tengah,Kab. Purworejo,Daging Ayam Ras,kg,23/02/2026,39000
Jawa Tengah,Kab. Purworejo,Telur Ayam Ras,kg,23/02/2026,29667
Jawa Tengah,Kab. Purworejo,Tepung Terigu,kg,23/02/2026,11333
Jawa Tengah,Kab. Purworejo,Kedelai Impor,kg,23/02/2026,10000
Jawa Tengah,Kab. Purworejo,Cabai Merah Keriting,kg,23/02/2026,43000
Jawa Tengah,Kab. Purworejo,Cabai Rawit Merah,kg,23/02/2026,75667
Jawa Tengah,Kab. Purworejo,Cabai Merah Besar,kg,23/02/2026,47000
Jawa Tengah,Kab. Purworejo,Bawang Merah,kg,23/02/2026,43000
Jawa Tengah,Kab. Purworejo,Bawang Putih Honan,kg,23/02/2026,33333
Jawa Tengah,Kab. Wonosobo,Beras Medium,kg,23/02/2026,13000
Jawa Tengah,Kab. Wonosobo,Beras Premium,kg,23/02/2026,14867
Jawa Tengah,Kab. Wonosobo,Gula Pasir Curah,kg,23/02/2026,16933
Jawa Tengah,Kab. Wonosobo,Minyak Goreng Sawit Kemasan Premium,lt,23/02/2026,21500
Jawa Tengah,Kab. Wonosobo,Minyak Goreng Sawit Curah,lt,23/02/2026,16933
Jawa Tengah,Kab. Wonosobo,Minyakita,lt,23/02/2026,15700
Jawa Tengah,Kab. Wonosobo,Daging Sapi Paha Belakang,kg,23/02/2026,135000
Jawa Tengah,Kab. Wonosobo,Daging Ayam Ras,kg,23/02/2026,38000
Jawa Tengah,Kab. Wonosobo,Telur Ayam Ras,kg,23/02/2026,29667
Jawa Tengah,Kab. Wonosobo,Tepung Terigu,kg,23/02/2026,11500
Jawa Tengah,Kab. Wonosobo,Kedelai Impor,kg,23/02/2026,9400
Jawa Tengah,Kab. Wonosobo,Cabai Merah Keriting,kg,23/02/2026,46667
Jawa Tengah,Kab. Wonosobo,Cabai Rawit Merah,kg,23/02/2026,76667
Jawa Tengah,Kab. Wonosobo,Cabai Merah Besar,kg,23/02/2026,0
Jawa Tengah,Kab. Wonosobo,Bawang Merah,kg,23/02/2026,38000
Jawa Tengah,Kab. Wonosobo,Bawang Putih Honan,kg,23/02/2026,35000
Jawa Tengah,Kab. Magelang,Beras Medium,kg,23/02/2026,13400
Jawa Tengah,Kab. Magelang,Beras Premium,kg,23/02/2026,14900
Jawa Tengah,Kab. Magelang,Gula Pasir Curah,kg,23/02/2026,17000
Jawa Tengah,Kab. Magelang,Minyak Goreng Sawit Kemasan Premium,lt,23/02/2026,20000
Jawa Tengah,Kab. Magelang,Minyak Goreng Sawit Curah,lt,23/02/2026,17800
Jawa Tengah,Kab. Magelang,Minyakita,lt,23/02/2026,15700
Jawa Tengah,Kab. Magelang,Daging Sapi Paha Belakang,kg,23/02/2026,138000
Jawa Tengah,Kab. Magelang,Daging Ayam Ras,kg,23/02/2026,39000
Jawa Tengah,Kab. Magelang,Telur Ayam Ras,kg,23/02/2026,29000
Jawa Tengah,Kab. Magelang,Tepung Terigu,kg,23/02/2026,11500
Jawa Tengah,Kab. Magelang,Kedelai Impor,kg,23/02/2026,11700
Jawa Tengah,Kab. Magelang,Cabai Merah Keriting,kg,23/02/2026,40000
Jawa Tengah,Kab. Magelang,Cabai Rawit Merah,kg,23/02/2026,85000
Jawa Tengah,Kab. Magelang,Cabai Merah Besar,kg,23/02/2026,40000
Jawa Tengah,Kab. Magelang,Bawang Merah,kg,23/02/2026,40000
Jawa Tengah,Kab. Magelang,Bawang Putih Honan,kg,23/02/2026,34000
Jawa Tengah,Kab. Boyolali,Beras Medium,kg,23/02/2026,13000
Jawa Tengah,Kab. Boyolali,Beras Premium,kg,23/02/2026,14867
Jawa Tengah,Kab. Boyolali,Gula Pasir Curah,kg,23/02/2026,16500
Jawa Tengah,Kab. Boyolali,Minyak Goreng Sawit Kemasan Premium,lt,23/02/2026,21000
Jawa Tengah,Kab. Boyolali,Minyak Goreng Sawit Curah,lt,23/02/2026,17500
Jawa Tengah,Kab. Boyolali,Minyakita,lt,23/02/2026,15700
Jawa Tengah,Kab. Boyolali,Daging Sapi Paha Belakang,kg,23/02/2026,130000
Jawa Tengah,Kab. Boyolali,Daging Ayam Ras,kg,23/02/2026,40000
Jawa Tengah,Kab. Boyolali,Telur Ayam Ras,kg,23/02/2026,30000
Jawa Tengah,Kab. Boyolali,Tepung Terigu,kg,23/02/2026,11667
Jawa Tengah,Kab. Boyolali,Kedelai Impor,kg,23/02/2026,11667
Jawa Tengah,Kab. Boyolali,Cabai Merah Keriting,kg,23/02/2026,41667
Jawa Tengah,Kab. Boyolali,Cabai Rawit Merah,kg,23/02/2026,91667
Jawa Tengah,Kab. Boyolali,Cabai Merah Besar,kg,23/02/2026,40000
Jawa Tengah,Kab. Boyolali,Bawang Merah,kg,23/02/2026,40000
Jawa Tengah,Kab. Boyolali,Bawang Putih Honan,kg,23/02/2026,33000
Jawa Tengah,Kab. Klaten,Beras Medium,kg,23/02/2026,13500
Jawa Tengah,Kab. Klaten,Beras Premium,kg,23/02/2026,14900
Jawa Tengah,Kab. Klaten,Gula Pasir Curah,kg,23/02/2026,17500
Jawa Tengah,Kab. Klaten,Minyak Goreng Sawit Kemasan Premium,lt,23/02/2026,21000
Jawa Tengah,Kab. Klaten,Minyak Goreng Sawit Curah,lt,23/02/2026,17500
Jawa Tengah,Kab. Klaten,Minyakita,lt,23/02/2026,15700
Jawa Tengah,Kab. Klaten,Daging Sapi Paha Belakang,kg,23/02/2026,125000
Jawa Tengah,Kab. Klaten,Daging Ayam Ras,kg,23/02/2026,38000
Jawa Tengah,Kab. Klaten,Telur Ayam Ras,kg,23/02/2026,30000
Jawa Tengah,Kab. Klaten,Tepung Terigu,kg,23/02/2026,11333
Jawa Tengah,Kab. Klaten,Kedelai Impor,kg,23/02/2026,10333
Jawa Tengah,Kab. Klaten,Cabai Merah Keriting,kg,23/02/2026,40000
Jawa Tengah,Kab. Klaten,Cabai Rawit Merah,kg,23/02/2026,85000
Jawa Tengah,Kab. Klaten,Cabai Merah Besar,kg,23/02/2026,37667
Jawa Tengah,Kab. Klaten,Bawang Merah,kg,23/02/2026,40000
Jawa Tengah,Kab. Klaten,Bawang Putih Honan,kg,23/02/2026,30000
Jawa Tengah,Kab. Sukoharjo,Beras Medium,kg,23/02/2026,13000
Jawa Tengah,Kab. Sukoharjo,Beras Premium,kg,23/02/2026,14500
Jawa Tengah,Kab. Sukoharjo,Gula Pasir Curah,kg,23/02/2026,17000
Jawa Tengah,Kab. Sukoharjo,Minyak Goreng Sawit Kemasan Premium,lt,23/02/2026,20667
Jawa Tengah,Kab. Sukoharjo,Minyak Goreng Sawit Curah,lt,23/02/2026,17000
Jawa Tengah,Kab. Sukoharjo,Minyakita,lt,23/02/2026,15700
Jawa Tengah,Kab. Sukoharjo,Daging Sapi Paha Belakang,kg,23/02/2026,125000
Jawa Tengah,Kab. Sukoharjo,Daging Ayam Ras,kg,23/02/2026,40000
Jawa Tengah,Kab. Sukoharjo,Telur Ayam Ras,kg,23/02/2026,29000
Jawa Tengah,Kab. Sukoharjo,Tepung Terigu,kg,23/02/2026,12000
Jawa Tengah,Kab. Sukoharjo,Kedelai Impor,kg,23/02/2026,10000
Jawa Tengah,Kab. Sukoharjo,Cabai Merah Keriting,kg,23/02/2026,41667
Jawa Tengah,Kab. Sukoharjo,Cabai Rawit Merah,kg,23/02/2026,98333
Jawa Tengah,Kab. Sukoharjo,Cabai Merah Besar,kg,23/02/2026,33333
Jawa Tengah,Kab. Sukoharjo,Bawang Merah,kg,23/02/2026,40333
Jawa Tengah,Kab. Sukoharjo,Bawang Putih Honan,kg,23/02/2026,31333
Jawa Tengah,Kab. Wonogiri,Beras Medium,kg,23/02/2026,13583
Jawa Tengah,Kab. Wonogiri,Beras Premium,kg,23/02/2026,14500
Jawa Tengah,Kab. Wonogiri,Gula Pasir Curah,kg,23/02/2026,17000
Jawa Tengah,Kab. Wonogiri,Minyak Goreng Sawit Kemasan Premium,lt,23/02/2026,21000
Jawa Tengah,Kab. Wonogiri,Minyak Goreng Sawit Curah,lt,23/02/2026,19500
Jawa Tengah,Kab. Wonogiri,Minyakita,lt,23/02/2026,15700
Jawa Tengah,Kab. Wonogiri,Daging Sapi Paha Belakang,kg,23/02/2026,130000
Jawa Tengah,Kab. Wonogiri,Daging Ayam Ras,kg,23/02/2026,40667
Jawa Tengah,Kab. Wonogiri,Telur Ayam Ras,kg,23/02/2026,29333
Jawa Tengah,Kab. Wonogiri,Tepung Terigu,kg,23/02/2026,11833
Jawa Tengah,Kab. Wonogiri,Kedelai Impor,kg,23/02/2026,11167
Jawa Tengah,Kab. Wonogiri,Cabai Merah Keriting,kg,23/02/2026,35000
Jawa Tengah,Kab. Wonogiri,Cabai Rawit Merah,kg,23/02/2026,85667
Jawa Tengah,Kab. Wonogiri,Cabai Merah Besar,kg,23/02/2026,30333
Jawa Tengah,Kab. Wonogiri,Bawang Merah,kg,23/02/2026,40667
Jawa Tengah,Kab. Wonogiri,Bawang Putih Honan,kg,23/02/2026,0
Jawa Tengah,Kab. Karanganyar,Beras Medium,kg,23/02/2026,13000
Jawa Tengah,Kab. Karanganyar,Beras Premium,kg,23/02/2026,14667
Jawa Tengah,Kab. Karanganyar,Gula Pasir Curah,kg,23/02/2026,16500
Jawa Tengah,Kab. Karanganyar,Minyak Goreng Sawit Kemasan Premium,lt,23/02/2026,20000
Jawa Tengah,Kab. Karanganyar,Minyak Goreng Sawit Curah,lt,23/02/2026,19000
Jawa Tengah,Kab. Karanganyar,Minyakita,lt,23/02/2026,15500
Jawa Tengah,Kab. Karanganyar,Daging Sapi Paha Belakang,kg,23/02/2026,125000
Jawa Tengah,Kab. Karanganyar,Daging Ayam Ras,kg,23/02/2026,40000
Jawa Tengah,Kab. Karanganyar,Telur Ayam Ras,kg,23/02/2026,30000
Jawa Tengah,Kab. Karanganyar,Tepung Terigu,kg,23/02/2026,12000
Jawa Tengah,Kab. Karanganyar,Kedelai Impor,kg,23/02/2026,9600
Jawa Tengah,Kab. Karanganyar,Cabai Merah Keriting,kg,23/02/2026,40000
Jawa Tengah,Kab. Karanganyar,Cabai Rawit Merah,kg,23/02/2026,100000
Jawa Tengah,Kab. Karanganyar,Cabai Merah Besar,kg,23/02/2026,40000
Jawa Tengah,Kab. Karanganyar,Bawang Merah,kg,23/02/2026,40000
Jawa Tengah,Kab. Karanganyar,Bawang Putih Honan,kg,23/02/2026,30000
Jawa Tengah,Kab. Sragen,Beras Medium,kg,23/02/2026,13400
Jawa Tengah,Kab. Sragen,Beras Premium,kg,23/02/2026,14400
Jawa Tengah,Kab. Sragen,Gula Pasir Curah,kg,23/02/2026,16750
Jawa Tengah,Kab. Sragen,Minyak Goreng Sawit Kemasan Premium,lt,23/02/2026,19750
Jawa Tengah,Kab. Sragen,Minyak Goreng Sawit Curah,lt,23/02/2026,18600
Jawa Tengah,Kab. Sragen,Minyakita,lt,23/02/2026,15700
Jawa Tengah,Kab. Sragen,Daging Sapi Paha Belakang,kg,23/02/2026,120000
Jawa Tengah,Kab. Sragen,Daging Ayam Ras,kg,23/02/2026,40000
Jawa Tengah,Kab. Sragen,Telur Ayam Ras,kg,23/02/2026,29167
Jawa Tengah,Kab. Sragen,Tepung Terigu,kg,23/02/2026,12000
Jawa Tengah,Kab. Sragen,Kedelai Impor,kg,23/02/2026,9650
Jawa Tengah,Kab. Sragen,Cabai Merah Keriting,kg,23/02/2026,34000
Jawa Tengah,Kab. Sragen,Cabai Rawit Merah,kg,23/02/2026,83333
Jawa Tengah,Kab. Sragen,Cabai Merah Besar,kg,23/02/2026,20000
Jawa Tengah,Kab. Sragen,Bawang Merah,kg,23/02/2026,40000
Jawa Tengah,Kab. Sragen,Bawang Putih Honan,kg,23/02/2026,31333
Jawa Tengah,Kab. Grobogan,Beras Medium,kg,23/02/2026,13000
Jawa Tengah,Kab. Grobogan,Beras Premium,kg,23/02/2026,14825
Jawa Tengah,Kab. Grobogan,Gula Pasir Curah,kg,23/02/2026,17000
Jawa Tengah,Kab. Grobogan,Minyak Goreng Sawit Kemasan Premium,lt,23/02/2026,19000
Jawa Tengah,Kab. Grobogan,Minyak Goreng Sawit Curah,lt,23/02/2026,16000
Jawa Tengah,Kab. Grobogan,Minyakita,lt,23/02/2026,15700
Jawa Tengah,Kab. Grobogan,Daging Sapi Paha Belakang,kg,23/02/2026,130000
Jawa Tengah,Kab. Grobogan,Daging Ayam Ras,kg,23/02/2026,40000
Jawa Tengah,Kab. Grobogan,Telur Ayam Ras,kg,23/02/2026,30000
Jawa Tengah,Kab. Grobogan,Tepung Terigu,kg,23/02/2026,10500
Jawa Tengah,Kab. Grobogan,Kedelai Impor,kg,23/02/2026,11000
Jawa Tengah,Kab. Grobogan,Cabai Merah Keriting,kg,23/02/2026,30000
Jawa Tengah,Kab. Grobogan,Cabai Rawit Merah,kg,23/02/2026,62000
Jawa Tengah,Kab. Grobogan,Cabai Merah Besar,kg,23/02/2026,50000
Jawa Tengah,Kab. Grobogan,Bawang Merah,kg,23/02/2026,36000
Jawa Tengah,Kab. Grobogan,Bawang Putih Honan,kg,23/02/2026,31000
Jawa Tengah,Kab. Blora,Beras Medium,kg,23/02/2026,11642
Jawa Tengah,Kab. Blora,Beras Premium,kg,23/02/2026,13575
Jawa Tengah,Kab. Blora,Gula Pasir Curah,kg,23/02/2026,16500
Jawa Tengah,Kab. Blora,Minyak Goreng Sawit Kemasan Premium,lt,23/02/2026,19300
Jawa Tengah,Kab. Blora,Minyak Goreng Sawit Curah,lt,23/02/2026,16300
Jawa Tengah,Kab. Blora,Minyakita,lt,23/02/2026,15700
Jawa Tengah,Kab. Blora,Daging Sapi Paha Belakang,kg,23/02/2026,125000
Jawa Tengah,Kab. Blora,Daging Ayam Ras,kg,23/02/2026,40000
Jawa Tengah,Kab. Blora,Telur Ayam Ras,kg,23/02/2026,29667
Jawa Tengah,Kab. Blora,Tepung Terigu,kg,23/02/2026,12300
Jawa Tengah,Kab. Blora,Kedelai Impor,kg,23/02/2026,11500
Jawa Tengah,Kab. Blora,Cabai Merah Keriting,kg,23/02/2026,29333
Jawa Tengah,Kab. Blora,Cabai Rawit Merah,kg,23/02/2026,60333
Jawa Tengah,Kab. Blora,Cabai Merah Besar,kg,23/02/2026,0
Jawa Tengah,Kab. Blora,Bawang Merah,kg,23/02/2026,35333
Jawa Tengah,Kab. Blora,Bawang Putih Honan,kg,23/02/2026,30333
Jawa Tengah,Kab. Rembang,Beras Medium,kg,23/02/2026,13333
Jawa Tengah,Kab. Rembang,Beras Premium,kg,23/02/2026,14900
Jawa Tengah,Kab. Rembang,Gula Pasir Curah,kg,23/02/2026,16333
Jawa Tengah,Kab. Rembang,Minyak Goreng Sawit Kemasan Premium,lt,23/02/2026,21000
Jawa Tengah,Kab. Rembang,Minyak Goreng Sawit Curah,lt,23/02/2026,18822
Jawa Tengah,Kab. Rembang,Minyakita,lt,23/02/2026,15633
Jawa Tengah,Kab. Rembang,Daging Sapi Paha Belakang,kg,23/02/2026,125000
Jawa Tengah,Kab. Rembang,Daging Ayam Ras,kg,23/02/2026,39000
Jawa Tengah,Kab. Rembang,Telur Ayam Ras,kg,23/02/2026,31000
Jawa Tengah,Kab. Rembang,Tepung Terigu,kg,23/02/2026,11500
Jawa Tengah,Kab. Rembang,Kedelai Impor,kg,23/02/2026,11167
Jawa Tengah,Kab. Rembang,Cabai Merah Keriting,kg,23/02/2026,35333
Jawa Tengah,Kab. Rembang,Cabai Rawit Merah,kg,23/02/2026,90000
Jawa Tengah,Kab. Rembang,Cabai Merah Besar,kg,23/02/2026,61667
Jawa Tengah,Kab. Rembang,Bawang Merah,kg,23/02/2026,42333
Jawa Tengah,Kab. Rembang,Bawang Putih Honan,kg,23/02/2026,34000
Jawa Tengah,Kab. Pati,Beras Medium,kg,23/02/2026,13500
Jawa Tengah,Kab. Pati,Beras Premium,kg,23/02/2026,14650
Jawa Tengah,Kab. Pati,Gula Pasir Curah,kg,23/02/2026,17000
Jawa Tengah,Kab. Pati,Minyak Goreng Sawit Kemasan Premium,lt,23/02/2026,20000
Jawa Tengah,Kab. Pati,Minyak Goreng Sawit Curah,lt,23/02/2026,18000
Jawa Tengah,Kab. Pati,Minyakita,lt,23/02/2026,15700
Jawa Tengah,Kab. Pati,Daging Sapi Paha Belakang,kg,23/02/2026,120000
Jawa Tengah,Kab. Pati,Daging Ayam Ras,kg,23/02/2026,40000
Jawa Tengah,Kab. Pati,Telur Ayam Ras,kg,23/02/2026,32000
Jawa Tengah,Kab. Pati,Tepung Terigu,kg,23/02/2026,12500
Jawa Tengah,Kab. Pati,Kedelai Impor,kg,23/02/2026,10500
Jawa Tengah,Kab. Pati,Cabai Merah Keriting,kg,23/02/2026,40000
Jawa Tengah,Kab. Pati,Cabai Rawit Merah,kg,23/02/2026,90000
Jawa Tengah,Kab. Pati,Cabai Merah Besar,kg,23/02/2026,50000
Jawa Tengah,Kab. Pati,Bawang Merah,kg,23/02/2026,40000
Jawa Tengah,Kab. Pati,Bawang Putih Honan,kg,23/02/2026,36000
Jawa Tengah,Kab. Kudus,Beras Medium,kg,23/02/2026,13500
Jawa Tengah,Kab. Kudus,Beras Premium,kg,23/02/2026,14900
Jawa Tengah,Kab. Kudus,Gula Pasir Curah,kg,23/02/2026,16500
Jawa Tengah,Kab. Kudus,Minyak Goreng Sawit Kemasan Premium,lt,23/02/2026,19833
Jawa Tengah,Kab. Kudus,Minyak Goreng Sawit Curah,lt,23/02/2026,17000
Jawa Tengah,Kab. Kudus,Minyakita,lt,23/02/2026,15700
Jawa Tengah,Kab. Kudus,Daging Sapi Paha Belakang,kg,23/02/2026,125000
Jawa Tengah,Kab. Kudus,Daging Ayam Ras,kg,23/02/2026,36000
Jawa Tengah,Kab. Kudus,Telur Ayam Ras,kg,23/02/2026,30000
Jawa Tengah,Kab. Kudus,Tepung Terigu,kg,23/02/2026,12000
Jawa Tengah,Kab. Kudus,Kedelai Impor,kg,23/02/2026,11500
Jawa Tengah,Kab. Kudus,Cabai Merah Keriting,kg,23/02/2026,30000
Jawa Tengah,Kab. Kudus,Cabai Rawit Merah,kg,23/02/2026,71667
Jawa Tengah,Kab. Kudus,Cabai Merah Besar,kg,23/02/2026,40000
Jawa Tengah,Kab. Kudus,Bawang Merah,kg,23/02/2026,41000
Jawa Tengah,Kab. Kudus,Bawang Putih Honan,kg,23/02/2026,0
Jawa Tengah,Kab. Jepara,Beras Medium,kg,23/02/2026,13000
Jawa Tengah,Kab. Jepara,Beras Premium,kg,23/02/2026,14900
Jawa Tengah,Kab. Jepara,Gula Pasir Curah,kg,23/02/2026,17000
Jawa Tengah,Kab. Jepara,Minyak Goreng Sawit Kemasan Premium,lt,23/02/2026,21000
Jawa Tengah,Kab. Jepara,Minyak Goreng Sawit Curah,lt,23/02/2026,17500
Jawa Tengah,Kab. Jepara,Minyakita,lt,23/02/2026,15500
Jawa Tengah,Kab. Jepara,Daging Sapi Paha Belakang,kg,23/02/2026,130000
Jawa Tengah,Kab. Jepara,Daging Ayam Ras,kg,23/02/2026,42000
Jawa Tengah,Kab. Jepara,Telur Ayam Ras,kg,23/02/2026,30000
Jawa Tengah,Kab. Jepara,Tepung Terigu,kg,23/02/2026,12000
Jawa Tengah,Kab. Jepara,Kedelai Impor,kg,23/02/2026,10500
Jawa Tengah,Kab. Jepara,Cabai Merah Keriting,kg,23/02/2026,38000
Jawa Tengah,Kab. Jepara,Cabai Rawit Merah,kg,23/02/2026,75000
Jawa Tengah,Kab. Jepara,Cabai Merah Besar,kg,23/02/2026,40000
Jawa Tengah,Kab. Jepara,Bawang Merah,kg,23/02/2026,38000
Jawa Tengah,Kab. Jepara,Bawang Putih Honan,kg,23/02/2026,32000
Jawa Tengah,Kab. Demak,Beras Medium,kg,23/02/2026,12800
Jawa Tengah,Kab. Demak,Beras Premium,kg,23/02/2026,14250
Jawa Tengah,Kab. Demak,Gula Pasir Curah,kg,23/02/2026,16500
Jawa Tengah,Kab. Demak,Minyak Goreng Sawit Kemasan Premium,lt,23/02/2026,20250
Jawa Tengah,Kab. Demak,Minyak Goreng Sawit Curah,lt,23/02/2026,16167
Jawa Tengah,Kab. Demak,Minyakita,lt,23/02/2026,15350
Jawa Tengah,Kab. Demak,Daging Sapi Paha Belakang,kg,23/02/2026,130000
Jawa Tengah,Kab. Demak,Daging Ayam Ras,kg,23/02/2026,35000
Jawa Tengah,Kab. Demak,Telur Ayam Ras,kg,23/02/2026,28000
Jawa Tengah,Kab. Demak,Tepung Terigu,kg,23/02/2026,11250
Jawa Tengah,Kab. Demak,Kedelai Impor,kg,23/02/2026,10000
Jawa Tengah,Kab. Demak,Cabai Merah Keriting,kg,23/02/2026,30000
Jawa Tengah,Kab. Demak,Cabai Rawit Merah,kg,23/02/2026,40000
Jawa Tengah,Kab. Demak,Cabai Merah Besar,kg,23/02/2026,34667
Jawa Tengah,Kab. Demak,Bawang Merah,kg,23/02/2026,34333
Jawa Tengah,Kab. Demak,Bawang Putih Honan,kg,23/02/2026,30000
Jawa Tengah,Kab. Semarang,Beras Medium,kg,23/02/2026,13750
Jawa Tengah,Kab. Semarang,Beras Premium,kg,23/02/2026,15083
Jawa Tengah,Kab. Semarang,Gula Pasir Curah,kg,23/02/2026,17417
Jawa Tengah,Kab. Semarang,Minyak Goreng Sawit Kemasan Premium,lt,23/02/2026,21500
Jawa Tengah,Kab. Semarang,Minyak Goreng Sawit Curah,lt,23/02/2026,18900
Jawa Tengah,Kab. Semarang,Minyakita,lt,23/02/2026,15600
Jawa Tengah,Kab. Semarang,Daging Sapi Paha Belakang,kg,23/02/2026,136667
Jawa Tengah,Kab. Semarang,Daging Ayam Ras,kg,23/02/2026,36500
Jawa Tengah,Kab. Semarang,Telur Ayam Ras,kg,23/02/2026,29750
Jawa Tengah,Kab. Semarang,Tepung Terigu,kg,23/02/2026,12000
Jawa Tengah,Kab. Semarang,Kedelai Impor,kg,23/02/2026,10000
Jawa Tengah,Kab. Semarang,Cabai Merah Keriting,kg,23/02/2026,45000
Jawa Tengah,Kab. Semarang,Cabai Rawit Merah,kg,23/02/2026,89167
Jawa Tengah,Kab. Semarang,Cabai Merah Besar,kg,23/02/2026,45000
Jawa Tengah,Kab. Semarang,Bawang Merah,kg,23/02/2026,43333
Jawa Tengah,Kab. Semarang,Bawang Putih Honan,kg,23/02/2026,32667
Jawa Tengah,Kab. Temanggung,Beras Medium,kg,23/02/2026,13500
Jawa Tengah,Kab. Temanggung,Beras Premium,kg,23/02/2026,14800
Jawa Tengah,Kab. Temanggung,Gula Pasir Curah,kg,23/02/2026,16750
Jawa Tengah,Kab. Temanggung,Minyak Goreng Sawit Kemasan Premium,lt,23/02/2026,19000
Jawa Tengah,Kab. Temanggung,Minyak Goreng Sawit Curah,lt,23/02/2026,19000
Jawa Tengah,Kab. Temanggung,Minyakita,lt,23/02/2026,15700
Jawa Tengah,Kab. Temanggung,Daging Sapi Paha Belakang,kg,23/02/2026,135000
Jawa Tengah,Kab. Temanggung,Daging Ayam Ras,kg,23/02/2026,39000
Jawa Tengah,Kab. Temanggung,Telur Ayam Ras,kg,23/02/2026,29333
Jawa Tengah,Kab. Temanggung,Tepung Terigu,kg,23/02/2026,11750
Jawa Tengah,Kab. Temanggung,Kedelai Impor,kg,23/02/2026,9700
Jawa Tengah,Kab. Temanggung,Cabai Merah Keriting,kg,23/02/2026,42500
Jawa Tengah,Kab. Temanggung,Cabai Rawit Merah,kg,23/02/2026,85000
Jawa Tengah,Kab. Temanggung,Cabai Merah Besar,kg,23/02/2026,45000
Jawa Tengah,Kab. Temanggung,Bawang Merah,kg,23/02/2026,44667
Jawa Tengah,Kab. Temanggung,Bawang Putih Honan,kg,23/02/2026,35000
Jawa Tengah,Kab. Kendal,Beras Medium,kg,23/02/2026,13500
Jawa Tengah,Kab. Kendal,Beras Premium,kg,23/02/2026,14900
Jawa Tengah,Kab. Kendal,Gula Pasir Curah,kg,23/02/2026,17167
Jawa Tengah,Kab. Kendal,Minyak Goreng Sawit Kemasan Premium,lt,23/02/2026,21000
Jawa Tengah,Kab. Kendal,Minyak Goreng Sawit Curah,lt,23/02/2026,17700
Jawa Tengah,Kab. Kendal,Minyakita,lt,23/02/2026,15700
Jawa Tengah,Kab. Kendal,Daging Sapi Paha Belakang,kg,23/02/2026,135000
Jawa Tengah,Kab. Kendal,Daging Ayam Ras,kg,23/02/2026,40333
Jawa Tengah,Kab. Kendal,Telur Ayam Ras,kg,23/02/2026,29500
Jawa Tengah,Kab. Kendal,Tepung Terigu,kg,23/02/2026,11667
Jawa Tengah,Kab. Kendal,Kedelai Impor,kg,23/02/2026,9800
Jawa Tengah,Kab. Kendal,Cabai Merah Keriting,kg,23/02/2026,38000
Jawa Tengah,Kab. Kendal,Cabai Rawit Merah,kg,23/02/2026,83000
Jawa Tengah,Kab. Kendal,Cabai Merah Besar,kg,23/02/2026,30000
Jawa Tengah,Kab. Kendal,Bawang Merah,kg,23/02/2026,39333
Jawa Tengah,Kab. Kendal,Bawang Putih Honan,kg,23/02/2026,31333
Jawa Tengah,Kab. Batang,Beras Medium,kg,23/02/2026,13200
Jawa Tengah,Kab. Batang,Beras Premium,kg,23/02/2026,14700
Jawa Tengah,Kab. Batang,Gula Pasir Curah,kg,23/02/2026,16500
Jawa Tengah,Kab. Batang,Minyak Goreng Sawit Kemasan Premium,lt,23/02/2026,19500
Jawa Tengah,Kab. Batang,Minyak Goreng Sawit Curah,lt,23/02/2026,17100
Jawa Tengah,Kab. Batang,Minyakita,lt,23/02/2026,15700
Jawa Tengah,Kab. Batang,Daging Sapi Paha Belakang,kg,23/02/2026,130000
Jawa Tengah,Kab. Batang,Daging Ayam Ras,kg,23/02/2026,40000
Jawa Tengah,Kab. Batang,Telur Ayam Ras,kg,23/02/2026,30000
Jawa Tengah,Kab. Batang,Tepung Terigu,kg,23/02/2026,11500
Jawa Tengah,Kab. Batang,Kedelai Impor,kg,23/02/2026,10400
Jawa Tengah,Kab. Batang,Cabai Merah Keriting,kg,23/02/2026,42000
Jawa Tengah,Kab. Batang,Cabai Rawit Merah,kg,23/02/2026,74000
Jawa Tengah,Kab. Batang,Cabai Merah Besar,kg,23/02/2026,38000
Jawa Tengah,Kab. Batang,Bawang Merah,kg,23/02/2026,38000
Jawa Tengah,Kab. Batang,Bawang Putih Honan,kg,23/02/2026,32000
Jawa Tengah,Kab. Pekalongan,Beras Medium,kg,23/02/2026,13200
Jawa Tengah,Kab. Pekalongan,Beras Premium,kg,23/02/2026,14500
Jawa Tengah,Kab. Pekalongan,Gula Pasir Curah,kg,23/02/2026,17000
Jawa Tengah,Kab. Pekalongan,Minyak Goreng Sawit Kemasan Premium,lt,23/02/2026,21000
Jawa Tengah,Kab. Pekalongan,Minyak Goreng Sawit Curah,lt,23/02/2026,17550
Jawa Tengah,Kab. Pekalongan,Minyakita,lt,23/02/2026,15700
Jawa Tengah,Kab. Pekalongan,Daging Sapi Paha Belakang,kg,23/02/2026,140000
Jawa Tengah,Kab. Pekalongan,Daging Ayam Ras,kg,23/02/2026,42000
Jawa Tengah,Kab. Pekalongan,Telur Ayam Ras,kg,23/02/2026,30000
Jawa Tengah,Kab. Pekalongan,Tepung Terigu,kg,23/02/2026,12000
Jawa Tengah,Kab. Pekalongan,Kedelai Impor,kg,23/02/2026,9800
Jawa Tengah,Kab. Pekalongan,Cabai Merah Keriting,kg,23/02/2026,45000
Jawa Tengah,Kab. Pekalongan,Cabai Rawit Merah,kg,23/02/2026,75000
Jawa Tengah,Kab. Pekalongan,Cabai Merah Besar,kg,23/02/2026,30000
Jawa Tengah,Kab. Pekalongan,Bawang Merah,kg,23/02/2026,39000
Jawa Tengah,Kab. Pekalongan,Bawang Putih Honan,kg,23/02/2026,33000
Jawa Tengah,Kab. Pemalang,Beras Medium,kg,23/02/2026,13000
Jawa Tengah,Kab. Pemalang,Beras Premium,kg,23/02/2026,14800
Jawa Tengah,Kab. Pemalang,Gula Pasir Curah,kg,23/02/2026,17167
Jawa Tengah,Kab. Pemalang,Minyak Goreng Sawit Kemasan Premium,lt,23/02/2026,21000
Jawa Tengah,Kab. Pemalang,Minyak Goreng Sawit Curah,lt,23/02/2026,17167
Jawa Tengah,Kab. Pemalang,Minyakita,lt,23/02/2026,15700
Jawa Tengah,Kab. Pemalang,Daging Sapi Paha Belakang,kg,23/02/2026,130000
Jawa Tengah,Kab. Pemalang,Daging Ayam Ras,kg,23/02/2026,40000
Jawa Tengah,Kab. Pemalang,Telur Ayam Ras,kg,23/02/2026,30000
Jawa Tengah,Kab. Pemalang,Tepung Terigu,kg,23/02/2026,12000
Jawa Tengah,Kab. Pemalang,Kedelai Impor,kg,23/02/2026,11500
Jawa Tengah,Kab. Pemalang,Cabai Merah Keriting,kg,23/02/2026,42667
Jawa Tengah,Kab. Pemalang,Cabai Rawit Merah,kg,23/02/2026,62000
Jawa Tengah,Kab. Pemalang,Cabai Merah Besar,kg,23/02/2026,33000
Jawa Tengah,Kab. Pemalang,Bawang Merah,kg,23/02/2026,40333
Jawa Tengah,Kab. Pemalang,Bawang Putih Honan,kg,23/02/2026,33000
Jawa Tengah,Kab. Tegal,Beras Medium,kg,23/02/2026,13167
Jawa Tengah,Kab. Tegal,Beras Premium,kg,23/02/2026,14300
Jawa Tengah,Kab. Tegal,Gula Pasir Curah,kg,23/02/2026,16833
Jawa Tengah,Kab. Tegal,Minyak Goreng Sawit Kemasan Premium,lt,23/02/2026,21167
Jawa Tengah,Kab. Tegal,Minyak Goreng Sawit Curah,lt,23/02/2026,18000
Jawa Tengah,Kab. Tegal,Minyakita,lt,23/02/2026,15700
Jawa Tengah,Kab. Tegal,Daging Sapi Paha Belakang,kg,23/02/2026,138333
Jawa Tengah,Kab. Tegal,Daging Ayam Ras,kg,23/02/2026,40667
Jawa Tengah,Kab. Tegal,Telur Ayam Ras,kg,23/02/2026,30000
Jawa Tengah,Kab. Tegal,Tepung Terigu,kg,23/02/2026,11000
Jawa Tengah,Kab. Tegal,Kedelai Impor,kg,23/02/2026,9983
Jawa Tengah,Kab. Tegal,Cabai Merah Keriting,kg,23/02/2026,42500
Jawa Tengah,Kab. Tegal,Cabai Rawit Merah,kg,23/02/2026,77500
Jawa Tengah,Kab. Tegal,Cabai Merah Besar,kg,23/02/2026,29000
Jawa Tengah,Kab. Tegal,Bawang Merah,kg,23/02/2026,40000
Jawa Tengah,Kab. Tegal,Bawang Putih Honan,kg,23/02/2026,30333
Jawa Tengah,Kab. Brebes,Beras Medium,kg,23/02/2026,13333
Jawa Tengah,Kab. Brebes,Beras Premium,kg,23/02/2026,14750
Jawa Tengah,Kab. Brebes,Gula Pasir Curah,kg,23/02/2026,17000
Jawa Tengah,Kab. Brebes,Minyak Goreng Sawit Kemasan Premium,lt,23/02/2026,21000
Jawa Tengah,Kab. Brebes,Minyak Goreng Sawit Curah,lt,23/02/2026,18500
Jawa Tengah,Kab. Brebes,Minyakita,lt,23/02/2026,15700
Jawa Tengah,Kab. Brebes,Daging Sapi Paha Belakang,kg,23/02/2026,146667
Jawa Tengah,Kab. Brebes,Daging Ayam Ras,kg,23/02/2026,43000
Jawa Tengah,Kab. Brebes,Telur Ayam Ras,kg,23/02/2026,30500
Jawa Tengah,Kab. Brebes,Tepung Terigu,kg,23/02/2026,12000
Jawa Tengah,Kab. Brebes,Kedelai Impor,kg,23/02/2026,0
Jawa Tengah,Kab. Brebes,Cabai Merah Keriting,kg,23/02/2026,35000
Jawa Tengah,Kab. Brebes,Cabai Rawit Merah,kg,23/02/2026,70000
Jawa Tengah,Kab. Brebes,Cabai Merah Besar,kg,23/02/2026,33333
Jawa Tengah,Kab. Brebes,Bawang Merah,kg,23/02/2026,36000
Jawa Tengah,Kab. Brebes,Bawang Putih Honan,kg,23/02/2026,35000
Jawa Tengah,Kota Magelang,Beras Medium,kg,23/02/2026,13500
Jawa Tengah,Kota Magelang,Beras Premium,kg,23/02/2026,14833
Jawa Tengah,Kota Magelang,Gula Pasir Curah,kg,23/02/2026,16833
Jawa Tengah,Kota Magelang,Minyak Goreng Sawit Kemasan Premium,lt,23/02/2026,20333
Jawa Tengah,Kota Magelang,Minyak Goreng Sawit Curah,lt,23/02/2026,16500
Jawa Tengah,Kota Magelang,Minyakita,lt,23/02/2026,15700
Jawa Tengah,Kota Magelang,Daging Sapi Paha Belakang,kg,23/02/2026,135000
Jawa Tengah,Kota Magelang,Daging Ayam Ras,kg,23/02/2026,39333
Jawa Tengah,Kota Magelang,Telur Ayam Ras,kg,23/02/2026,28667
Jawa Tengah,Kota Magelang,Tepung Terigu,kg,23/02/2026,12000
Jawa Tengah,Kota Magelang,Kedelai Impor,kg,23/02/2026,11000
Jawa Tengah,Kota Magelang,Cabai Merah Keriting,kg,23/02/2026,43667
Jawa Tengah,Kota Magelang,Cabai Rawit Merah,kg,23/02/2026,76000
Jawa Tengah,Kota Magelang,Cabai Merah Besar,kg,23/02/2026,47000
Jawa Tengah,Kota Magelang,Bawang Merah,kg,23/02/2026,40000
Jawa Tengah,Kota Magelang,Bawang Putih Honan,kg,23/02/2026,33000
Jawa Tengah,Kota Surakarta,Beras Medium,kg,23/02/2026,14417
Jawa Tengah,Kota Surakarta,Beras Premium,kg,23/02/2026,15750
Jawa Tengah,Kota Surakarta,Gula Pasir Curah,kg,23/02/2026,17000
Jawa Tengah,Kota Surakarta,Minyak Goreng Sawit Kemasan Premium,lt,23/02/2026,21667
Jawa Tengah,Kota Surakarta,Minyak Goreng Sawit Curah,lt,23/02/2026,20000
Jawa Tengah,Kota Surakarta,Minyakita,lt,23/02/2026,15700
Jawa Tengah,Kota Surakarta,Daging Sapi Paha Belakang,kg,23/02/2026,135000
Jawa Tengah,Kota Surakarta,Daging Ayam Ras,kg,23/02/2026,40000
Jawa Tengah,Kota Surakarta,Telur Ayam Ras,kg,23/02/2026,29000
Jawa Tengah,Kota Surakarta,Tepung Terigu,kg,23/02/2026,11250
Jawa Tengah,Kota Surakarta,Kedelai Impor,kg,23/02/2026,12000
Jawa Tengah,Kota Surakarta,Cabai Merah Keriting,kg,23/02/2026,25000
Jawa Tengah,Kota Surakarta,Cabai Rawit Merah,kg,23/02/2026,80000
Jawa Tengah,Kota Surakarta,Cabai Merah Besar,kg,23/02/2026,23000
Jawa Tengah,Kota Surakarta,Bawang Merah,kg,23/02/2026,36000
Jawa Tengah,Kota Surakarta,Bawang Putih Honan,kg,23/02/2026,29000
Jawa Tengah,Kota Salatiga,Beras Medium,kg,23/02/2026,13433
Jawa Tengah,Kota Salatiga,Beras Premium,kg,23/02/2026,14267
Jawa Tengah,Kota Salatiga,Gula Pasir Curah,kg,23/02/2026,17500
Jawa Tengah,Kota Salatiga,Minyak Goreng Sawit Kemasan Premium,lt,23/02/2026,22000
Jawa Tengah,Kota Salatiga,Minyak Goreng Sawit Curah,lt,23/02/2026,17100
Jawa Tengah,Kota Salatiga,Minyakita,lt,23/02/2026,15700
Jawa Tengah,Kota Salatiga,Daging Sapi Paha Belakang,kg,23/02/2026,120000
Jawa Tengah,Kota Salatiga,Daging Ayam Ras,kg,23/02/2026,39333
Jawa Tengah,Kota Salatiga,Telur Ayam Ras,kg,23/02/2026,29000
Jawa Tengah,Kota Salatiga,Tepung Terigu,kg,23/02/2026,12000
Jawa Tengah,Kota Salatiga,Kedelai Impor,kg,23/02/2026,12000
Jawa Tengah,Kota Salatiga,Cabai Merah Keriting,kg,23/02/2026,40000
Jawa Tengah,Kota Salatiga,Cabai Rawit Merah,kg,23/02/2026,80000
Jawa Tengah,Kota Salatiga,Cabai Merah Besar,kg,23/02/2026,48333
Jawa Tengah,Kota Salatiga,Bawang Merah,kg,23/02/2026,45000
Jawa Tengah,Kota Salatiga,Bawang Putih Honan,kg,23/02/2026,32000
Jawa Tengah,Kota Semarang,Beras Medium,kg,23/02/2026,13792
Jawa Tengah,Kota Semarang,Beras Premium,kg,23/02/2026,15292
Jawa Tengah,Kota Semarang,Gula Pasir Curah,kg,23/02/2026,17000
Jawa Tengah,Kota Semarang,Minyak Goreng Sawit Kemasan Premium,lt,23/02/2026,21500
Jawa Tengah,Kota Semarang,Minyak Goreng Sawit Curah,lt,23/02/2026,19833
Jawa Tengah,Kota Semarang,Minyakita,lt,23/02/2026,15700
Jawa Tengah,Kota Semarang,Daging Sapi Paha Belakang,kg,23/02/2026,130000
Jawa Tengah,Kota Semarang,Daging Ayam Ras,kg,23/02/2026,41333
Jawa Tengah,Kota Semarang,Telur Ayam Ras,kg,23/02/2026,30000
Jawa Tengah,Kota Semarang,Tepung Terigu,kg,23/02/2026,11750
Jawa Tengah,Kota Semarang,Kedelai Impor,kg,23/02/2026,0
Jawa Tengah,Kota Semarang,Cabai Merah Keriting,kg,23/02/2026,32500
Jawa Tengah,Kota Semarang,Cabai Rawit Merah,kg,23/02/2026,78333
Jawa Tengah,Kota Semarang,Cabai Merah Besar,kg,23/02/2026,36500
Jawa Tengah,Kota Semarang,Bawang Merah,kg,23/02/2026,44500
Jawa Tengah,Kota Semarang,Bawang Putih Honan,kg,23/02/2026,0
Jawa Tengah,Kota Pekalongan,Beras Medium,kg,23/02/2026,13500
Jawa Tengah,Kota Pekalongan,Beras Premium,kg,23/02/2026,14900
Jawa Tengah,Kota Pekalongan,Gula Pasir Curah,kg,23/02/2026,17000
Jawa Tengah,Kota Pekalongan,Minyak Goreng Sawit Kemasan Premium,lt,23/02/2026,21000
Jawa Tengah,Kota Pekalongan,Minyak Goreng Sawit Curah,lt,23/02/2026,18000
Jawa Tengah,Kota Pekalongan,Minyakita,lt,23/02/2026,15700
Jawa Tengah,Kota Pekalongan,Daging Sapi Paha Belakang,kg,23/02/2026,120000
Jawa Tengah,Kota Pekalongan,Daging Ayam Ras,kg,23/02/2026,42000
Jawa Tengah,Kota Pekalongan,Telur Ayam Ras,kg,23/02/2026,29000
Jawa Tengah,Kota Pekalongan,Tepung Terigu,kg,23/02/2026,11000
Jawa Tengah,Kota Pekalongan,Kedelai Impor,kg,23/02/2026,10000
Jawa Tengah,Kota Pekalongan,Cabai Merah Keriting,kg,23/02/2026,40000
Jawa Tengah,Kota Pekalongan,Cabai Rawit Merah,kg,23/02/2026,80000
Jawa Tengah,Kota Pekalongan,Cabai Merah Besar,kg,23/02/2026,34000
Jawa Tengah,Kota Pekalongan,Bawang Merah,kg,23/02/2026,40000
Jawa Tengah,Kota Pekalongan,Bawang Putih Honan,kg,23/02/2026,0
Jawa Tengah,Kota Tegal,Beras Medium,kg,23/02/2026,13250
Jawa Tengah,Kota Tegal,Beras Premium,kg,23/02/2026,14900
Jawa Tengah,Kota Tegal,Gula Pasir Curah,kg,23/02/2026,17333
Jawa Tengah,Kota Tegal,Minyak Goreng Sawit Kemasan Premium,lt,23/02/2026,21500
Jawa Tengah,Kota Tegal,Minyak Goreng Sawit Curah,lt,23/02/2026,17700
Jawa Tengah,Kota Tegal,Minyakita,lt,23/02/2026,15700
Jawa Tengah,Kota Tegal,Daging Sapi Paha Belakang,kg,23/02/2026,145000
Jawa Tengah,Kota Tegal,Daging Ayam Ras,kg,23/02/2026,43000
Jawa Tengah,Kota Tegal,Telur Ayam Ras,kg,23/02/2026,30833
Jawa Tengah,Kota Tegal,Tepung Terigu,kg,23/02/2026,11833
Jawa Tengah,Kota Tegal,Kedelai Impor,kg,23/02/2026,10500
Jawa Tengah,Kota Tegal,Cabai Merah Keriting,kg,23/02/2026,46667
Jawa Tengah,Kota Tegal,Cabai Rawit Merah,kg,23/02/2026,90000
Jawa Tengah,Kota Tegal,Cabai Merah Besar,kg,23/02/2026,33333
Jawa Tengah,Kota Tegal,Bawang Merah,kg,23/02/2026,43333
Jawa Tengah,Kota Tegal,Bawang Putih Honan,kg,23/02/2026,34667
Jawa Tengah,Kab. Cilacap,Beras Medium,kg,24/02/2026,13500
Jawa Tengah,Kab. Cilacap,Beras Premium,kg,24/02/2026,14500
Jawa Tengah,Kab. Cilacap,Gula Pasir Curah,kg,24/02/2026,17333
Jawa Tengah,Kab. Cilacap,Minyak Goreng Sawit Kemasan Premium,lt,24/02/2026,22000
Jawa Tengah,Kab. Cilacap,Minyak Goreng Sawit Curah,lt,24/02/2026,18000
Jawa Tengah,Kab. Cilacap,Minyakita,lt,24/02/2026,15700
Jawa Tengah,Kab. Cilacap,Daging Sapi Paha Belakang,kg,24/02/2026,140000
Jawa Tengah,Kab. Cilacap,Daging Ayam Ras,kg,24/02/2026,41000
Jawa Tengah,Kab. Cilacap,Telur Ayam Ras,kg,24/02/2026,31000
Jawa Tengah,Kab. Cilacap,Tepung Terigu,kg,24/02/2026,12000
Jawa Tengah,Kab. Cilacap,Kedelai Impor,kg,24/02/2026,11667
Jawa Tengah,Kab. Cilacap,Cabai Merah Keriting,kg,24/02/2026,36000
Jawa Tengah,Kab. Cilacap,Cabai Rawit Merah,kg,24/02/2026,75000
Jawa Tengah,Kab. Cilacap,Cabai Merah Besar,kg,24/02/2026,33333
Jawa Tengah,Kab. Cilacap,Bawang Merah,kg,24/02/2026,40000
Jawa Tengah,Kab. Cilacap,Bawang Putih Honan,kg,24/02/2026,33667
Jawa Tengah,Kab. Banyumas,Beras Medium,kg,24/02/2026,13250
Jawa Tengah,Kab. Banyumas,Beras Premium,kg,24/02/2026,14900
Jawa Tengah,Kab. Banyumas,Gula Pasir Curah,kg,24/02/2026,16833
Jawa Tengah,Kab. Banyumas,Minyak Goreng Sawit Kemasan Premium,lt,24/02/2026,21000
Jawa Tengah,Kab. Banyumas,Minyak Goreng Sawit Curah,lt,24/02/2026,18000
Jawa Tengah,Kab. Banyumas,Minyakita,lt,24/02/2026,15700
Jawa Tengah,Kab. Banyumas,Daging Sapi Paha Belakang,kg,24/02/2026,133333
Jawa Tengah,Kab. Banyumas,Daging Ayam Ras,kg,24/02/2026,39667
Jawa Tengah,Kab. Banyumas,Telur Ayam Ras,kg,24/02/2026,31333
Jawa Tengah,Kab. Banyumas,Tepung Terigu,kg,24/02/2026,12000
Jawa Tengah,Kab. Banyumas,Kedelai Impor,kg,24/02/2026,10000
Jawa Tengah,Kab. Banyumas,Cabai Merah Keriting,kg,24/02/2026,36000
Jawa Tengah,Kab. Banyumas,Cabai Rawit Merah,kg,24/02/2026,70333
Jawa Tengah,Kab. Banyumas,Cabai Merah Besar,kg,24/02/2026,31667
Jawa Tengah,Kab. Banyumas,Bawang Merah,kg,24/02/2026,39333
Jawa Tengah,Kab. Banyumas,Bawang Putih Honan,kg,24/02/2026,0
Jawa Tengah,Kab. Purbalingga,Beras Medium,kg,24/02/2026,13000
Jawa Tengah,Kab. Purbalingga,Beras Premium,kg,24/02/2026,14200
Jawa Tengah,Kab. Purbalingga,Gula Pasir Curah,kg,24/02/2026,17000
Jawa Tengah,Kab. Purbalingga,Minyak Goreng Sawit Kemasan Premium,lt,24/02/2026,21000
Jawa Tengah,Kab. Purbalingga,Minyak Goreng Sawit Curah,lt,24/02/2026,18000
Jawa Tengah,Kab. Purbalingga,Minyakita,lt,24/02/2026,15700
Jawa Tengah,Kab. Purbalingga,Daging Sapi Paha Belakang,kg,24/02/2026,140000
Jawa Tengah,Kab. Purbalingga,Daging Ayam Ras,kg,24/02/2026,41000
Jawa Tengah,Kab. Purbalingga,Telur Ayam Ras,kg,24/02/2026,31000
Jawa Tengah,Kab. Purbalingga,Tepung Terigu,kg,24/02/2026,12000
Jawa Tengah,Kab. Purbalingga,Kedelai Impor,kg,24/02/2026,9800
Jawa Tengah,Kab. Purbalingga,Cabai Merah Keriting,kg,24/02/2026,41000
Jawa Tengah,Kab. Purbalingga,Cabai Rawit Merah,kg,24/02/2026,82000
Jawa Tengah,Kab. Purbalingga,Cabai Merah Besar,kg,24/02/2026,32000
Jawa Tengah,Kab. Purbalingga,Bawang Merah,kg,24/02/2026,43000
Jawa Tengah,Kab. Purbalingga,Bawang Putih Honan,kg,24/02/2026,33000
Jawa Tengah,Kab. Banjarnegara,Beras Medium,kg,24/02/2026,13333
Jawa Tengah,Kab. Banjarnegara,Beras Premium,kg,24/02/2026,14533
Jawa Tengah,Kab. Banjarnegara,Gula Pasir Curah,kg,24/02/2026,17000
Jawa Tengah,Kab. Banjarnegara,Minyak Goreng Sawit Kemasan Premium,lt,24/02/2026,20666
Jawa Tengah,Kab. Banjarnegara,Minyak Goreng Sawit Curah,lt,24/02/2026,18450
Jawa Tengah,Kab. Banjarnegara,Minyakita,lt,24/02/2026,15700
Jawa Tengah,Kab. Banjarnegara,Daging Sapi Paha Belakang,kg,24/02/2026,135000
Jawa Tengah,Kab. Banjarnegara,Daging Ayam Ras,kg,24/02/2026,38000
Jawa Tengah,Kab. Banjarnegara,Telur Ayam Ras,kg,24/02/2026,30666
Jawa Tengah,Kab. Banjarnegara,Tepung Terigu,kg,24/02/2026,11666
Jawa Tengah,Kab. Banjarnegara,Kedelai Impor,kg,24/02/2026,10433
Jawa Tengah,Kab. Banjarnegara,Cabai Merah Keriting,kg,24/02/2026,43333
Jawa Tengah,Kab. Banjarnegara,Cabai Rawit Merah,kg,24/02/2026,85000
Jawa Tengah,Kab. Banjarnegara,Cabai Merah Besar,kg,24/02/2026,0
Jawa Tengah,Kab. Banjarnegara,Bawang Merah,kg,24/02/2026,40000
Jawa Tengah,Kab. Banjarnegara,Bawang Putih Honan,kg,24/02/2026,34000
Jawa Tengah,Kab. Kebumen,Beras Medium,kg,24/02/2026,12250
Jawa Tengah,Kab. Kebumen,Beras Premium,kg,24/02/2026,14450
Jawa Tengah,Kab. Kebumen,Gula Pasir Curah,kg,24/02/2026,16000
Jawa Tengah,Kab. Kebumen,Minyak Goreng Sawit Kemasan Premium,lt,24/02/2026,20500
Jawa Tengah,Kab. Kebumen,Minyak Goreng Sawit Curah,lt,24/02/2026,17500
Jawa Tengah,Kab. Kebumen,Minyakita,lt,24/02/2026,15700
Jawa Tengah,Kab. Kebumen,Daging Sapi Paha Belakang,kg,24/02/2026,120000
Jawa Tengah,Kab. Kebumen,Daging Ayam Ras,kg,24/02/2026,33500
Jawa Tengah,Kab. Kebumen,Telur Ayam Ras,kg,24/02/2026,29000
Jawa Tengah,Kab. Kebumen,Tepung Terigu,kg,24/02/2026,11000
Jawa Tengah,Kab. Kebumen,Kedelai Impor,kg,24/02/2026,9500
Jawa Tengah,Kab. Kebumen,Cabai Merah Keriting,kg,24/02/2026,31167
Jawa Tengah,Kab. Kebumen,Cabai Rawit Merah,kg,24/02/2026,40667
Jawa Tengah,Kab. Kebumen,Cabai Merah Besar,kg,24/02/2026,31667
Jawa Tengah,Kab. Kebumen,Bawang Merah,kg,24/02/2026,34500
Jawa Tengah,Kab. Kebumen,Bawang Putih Honan,kg,24/02/2026,0
Jawa Tengah,Kab. Purworejo,Beras Medium,kg,24/02/2026,12800
Jawa Tengah,Kab. Purworejo,Beras Premium,kg,24/02/2026,14500
Jawa Tengah,Kab. Purworejo,Gula Pasir Curah,kg,24/02/2026,17333
Jawa Tengah,Kab. Purworejo,Minyak Goreng Sawit Kemasan Premium,lt,24/02/2026,20333
Jawa Tengah,Kab. Purworejo,Minyak Goreng Sawit Curah,lt,24/02/2026,17400
Jawa Tengah,Kab. Purworejo,Minyakita,lt,24/02/2026,15700
Jawa Tengah,Kab. Purworejo,Daging Sapi Paha Belakang,kg,24/02/2026,135500
Jawa Tengah,Kab. Purworejo,Daging Ayam Ras,kg,24/02/2026,39000
Jawa Tengah,Kab. Purworejo,Telur Ayam Ras,kg,24/02/2026,30833
Jawa Tengah,Kab. Purworejo,Tepung Terigu,kg,24/02/2026,11333
Jawa Tengah,Kab. Purworejo,Kedelai Impor,kg,24/02/2026,10000
Jawa Tengah,Kab. Purworejo,Cabai Merah Keriting,kg,24/02/2026,38000
Jawa Tengah,Kab. Purworejo,Cabai Rawit Merah,kg,24/02/2026,75000
Jawa Tengah,Kab. Purworejo,Cabai Merah Besar,kg,24/02/2026,40000
Jawa Tengah,Kab. Purworejo,Bawang Merah,kg,24/02/2026,43000
Jawa Tengah,Kab. Purworejo,Bawang Putih Honan,kg,24/02/2026,33667
Jawa Tengah,Kab. Wonosobo,Beras Medium,kg,24/02/2026,13000
Jawa Tengah,Kab. Wonosobo,Beras Premium,kg,24/02/2026,14867
Jawa Tengah,Kab. Wonosobo,Gula Pasir Curah,kg,24/02/2026,16933
Jawa Tengah,Kab. Wonosobo,Minyak Goreng Sawit Kemasan Premium,lt,24/02/2026,21500
Jawa Tengah,Kab. Wonosobo,Minyak Goreng Sawit Curah,lt,24/02/2026,16933
Jawa Tengah,Kab. Wonosobo,Minyakita,lt,24/02/2026,15700
Jawa Tengah,Kab. Wonosobo,Daging Sapi Paha Belakang,kg,24/02/2026,135000
Jawa Tengah,Kab. Wonosobo,Daging Ayam Ras,kg,24/02/2026,38000
Jawa Tengah,Kab. Wonosobo,Telur Ayam Ras,kg,24/02/2026,29667
Jawa Tengah,Kab. Wonosobo,Tepung Terigu,kg,24/02/2026,11500
Jawa Tengah,Kab. Wonosobo,Kedelai Impor,kg,24/02/2026,9400
Jawa Tengah,Kab. Wonosobo,Cabai Merah Keriting,kg,24/02/2026,45000
Jawa Tengah,Kab. Wonosobo,Cabai Rawit Merah,kg,24/02/2026,76667
Jawa Tengah,Kab. Wonosobo,Cabai Merah Besar,kg,24/02/2026,0
Jawa Tengah,Kab. Wonosobo,Bawang Merah,kg,24/02/2026,38000
Jawa Tengah,Kab. Wonosobo,Bawang Putih Honan,kg,24/02/2026,35000
Jawa Tengah,Kab. Magelang,Beras Medium,kg,24/02/2026,13400
Jawa Tengah,Kab. Magelang,Beras Premium,kg,24/02/2026,14900
Jawa Tengah,Kab. Magelang,Gula Pasir Curah,kg,24/02/2026,17000
Jawa Tengah,Kab. Magelang,Minyak Goreng Sawit Kemasan Premium,lt,24/02/2026,20000
Jawa Tengah,Kab. Magelang,Minyak Goreng Sawit Curah,lt,24/02/2026,17800
Jawa Tengah,Kab. Magelang,Minyakita,lt,24/02/2026,15700
Jawa Tengah,Kab. Magelang,Daging Sapi Paha Belakang,kg,24/02/2026,138000
Jawa Tengah,Kab. Magelang,Daging Ayam Ras,kg,24/02/2026,39000
Jawa Tengah,Kab. Magelang,Telur Ayam Ras,kg,24/02/2026,29000
Jawa Tengah,Kab. Magelang,Tepung Terigu,kg,24/02/2026,11500
Jawa Tengah,Kab. Magelang,Kedelai Impor,kg,24/02/2026,11700
Jawa Tengah,Kab. Magelang,Cabai Merah Keriting,kg,24/02/2026,40000
Jawa Tengah,Kab. Magelang,Cabai Rawit Merah,kg,24/02/2026,85000
Jawa Tengah,Kab. Magelang,Cabai Merah Besar,kg,24/02/2026,40000
Jawa Tengah,Kab. Magelang,Bawang Merah,kg,24/02/2026,40000
Jawa Tengah,Kab. Magelang,Bawang Putih Honan,kg,24/02/2026,34000
Jawa Tengah,Kab. Boyolali,Beras Medium,kg,24/02/2026,13000
Jawa Tengah,Kab. Boyolali,Beras Premium,kg,24/02/2026,14867
Jawa Tengah,Kab. Boyolali,Gula Pasir Curah,kg,24/02/2026,16500
Jawa Tengah,Kab. Boyolali,Minyak Goreng Sawit Kemasan Premium,lt,24/02/2026,21000
Jawa Tengah,Kab. Boyolali,Minyak Goreng Sawit Curah,lt,24/02/2026,17500
Jawa Tengah,Kab. Boyolali,Minyakita,lt,24/02/2026,15700
Jawa Tengah,Kab. Boyolali,Daging Sapi Paha Belakang,kg,24/02/2026,130000
Jawa Tengah,Kab. Boyolali,Daging Ayam Ras,kg,24/02/2026,39000
Jawa Tengah,Kab. Boyolali,Telur Ayam Ras,kg,24/02/2026,29333
Jawa Tengah,Kab. Boyolali,Tepung Terigu,kg,24/02/2026,11667
Jawa Tengah,Kab. Boyolali,Kedelai Impor,kg,24/02/2026,11667
Jawa Tengah,Kab. Boyolali,Cabai Merah Keriting,kg,24/02/2026,43333
Jawa Tengah,Kab. Boyolali,Cabai Rawit Merah,kg,24/02/2026,86667
Jawa Tengah,Kab. Boyolali,Cabai Merah Besar,kg,24/02/2026,40000
Jawa Tengah,Kab. Boyolali,Bawang Merah,kg,24/02/2026,40000
Jawa Tengah,Kab. Boyolali,Bawang Putih Honan,kg,24/02/2026,33000
Jawa Tengah,Kab. Klaten,Beras Medium,kg,24/02/2026,13500
Jawa Tengah,Kab. Klaten,Beras Premium,kg,24/02/2026,14900
Jawa Tengah,Kab. Klaten,Gula Pasir Curah,kg,24/02/2026,17500
Jawa Tengah,Kab. Klaten,Minyak Goreng Sawit Kemasan Premium,lt,24/02/2026,22000
Jawa Tengah,Kab. Klaten,Minyak Goreng Sawit Curah,lt,24/02/2026,18000
Jawa Tengah,Kab. Klaten,Minyakita,lt,24/02/2026,15700
Jawa Tengah,Kab. Klaten,Daging Sapi Paha Belakang,kg,24/02/2026,125000
Jawa Tengah,Kab. Klaten,Daging Ayam Ras,kg,24/02/2026,37000
Jawa Tengah,Kab. Klaten,Telur Ayam Ras,kg,24/02/2026,30000
Jawa Tengah,Kab. Klaten,Tepung Terigu,kg,24/02/2026,11333
Jawa Tengah,Kab. Klaten,Kedelai Impor,kg,24/02/2026,10333
Jawa Tengah,Kab. Klaten,Cabai Merah Keriting,kg,24/02/2026,38000
Jawa Tengah,Kab. Klaten,Cabai Rawit Merah,kg,24/02/2026,80667
Jawa Tengah,Kab. Klaten,Cabai Merah Besar,kg,24/02/2026,40000
Jawa Tengah,Kab. Klaten,Bawang Merah,kg,24/02/2026,40000
Jawa Tengah,Kab. Klaten,Bawang Putih Honan,kg,24/02/2026,30000
Jawa Tengah,Kab. Sukoharjo,Beras Medium,kg,24/02/2026,13000
Jawa Tengah,Kab. Sukoharjo,Beras Premium,kg,24/02/2026,14500
Jawa Tengah,Kab. Sukoharjo,Gula Pasir Curah,kg,24/02/2026,17000
Jawa Tengah,Kab. Sukoharjo,Minyak Goreng Sawit Kemasan Premium,lt,24/02/2026,20667
Jawa Tengah,Kab. Sukoharjo,Minyak Goreng Sawit Curah,lt,24/02/2026,17000
Jawa Tengah,Kab. Sukoharjo,Minyakita,lt,24/02/2026,15700
Jawa Tengah,Kab. Sukoharjo,Daging Sapi Paha Belakang,kg,24/02/2026,125000
Jawa Tengah,Kab. Sukoharjo,Daging Ayam Ras,kg,24/02/2026,40000
Jawa Tengah,Kab. Sukoharjo,Telur Ayam Ras,kg,24/02/2026,29000
Jawa Tengah,Kab. Sukoharjo,Tepung Terigu,kg,24/02/2026,12000
Jawa Tengah,Kab. Sukoharjo,Kedelai Impor,kg,24/02/2026,10000
Jawa Tengah,Kab. Sukoharjo,Cabai Merah Keriting,kg,24/02/2026,36667
Jawa Tengah,Kab. Sukoharjo,Cabai Rawit Merah,kg,24/02/2026,80667
Jawa Tengah,Kab. Sukoharjo,Cabai Merah Besar,kg,24/02/2026,33333
Jawa Tengah,Kab. Sukoharjo,Bawang Merah,kg,24/02/2026,40333
Jawa Tengah,Kab. Sukoharjo,Bawang Putih Honan,kg,24/02/2026,31333
Jawa Tengah,Kab. Wonogiri,Beras Medium,kg,24/02/2026,13583
Jawa Tengah,Kab. Wonogiri,Beras Premium,kg,24/02/2026,14500
Jawa Tengah,Kab. Wonogiri,Gula Pasir Curah,kg,24/02/2026,17000
Jawa Tengah,Kab. Wonogiri,Minyak Goreng Sawit Kemasan Premium,lt,24/02/2026,21000
Jawa Tengah,Kab. Wonogiri,Minyak Goreng Sawit Curah,lt,24/02/2026,19500
Jawa Tengah,Kab. Wonogiri,Minyakita,lt,24/02/2026,15700
Jawa Tengah,Kab. Wonogiri,Daging Sapi Paha Belakang,kg,24/02/2026,130000
Jawa Tengah,Kab. Wonogiri,Daging Ayam Ras,kg,24/02/2026,40667
Jawa Tengah,Kab. Wonogiri,Telur Ayam Ras,kg,24/02/2026,29500
Jawa Tengah,Kab. Wonogiri,Tepung Terigu,kg,24/02/2026,11833
Jawa Tengah,Kab. Wonogiri,Kedelai Impor,kg,24/02/2026,11167
Jawa Tengah,Kab. Wonogiri,Cabai Merah Keriting,kg,24/02/2026,38667
Jawa Tengah,Kab. Wonogiri,Cabai Rawit Merah,kg,24/02/2026,81000
Jawa Tengah,Kab. Wonogiri,Cabai Merah Besar,kg,24/02/2026,26333
Jawa Tengah,Kab. Wonogiri,Bawang Merah,kg,24/02/2026,39333
Jawa Tengah,Kab. Wonogiri,Bawang Putih Honan,kg,24/02/2026,0
Jawa Tengah,Kab. Karanganyar,Beras Medium,kg,24/02/2026,13000
Jawa Tengah,Kab. Karanganyar,Beras Premium,kg,24/02/2026,14667
Jawa Tengah,Kab. Karanganyar,Gula Pasir Curah,kg,24/02/2026,16500
Jawa Tengah,Kab. Karanganyar,Minyak Goreng Sawit Kemasan Premium,lt,24/02/2026,20000
Jawa Tengah,Kab. Karanganyar,Minyak Goreng Sawit Curah,lt,24/02/2026,19000
Jawa Tengah,Kab. Karanganyar,Minyakita,lt,24/02/2026,15500
Jawa Tengah,Kab. Karanganyar,Daging Sapi Paha Belakang,kg,24/02/2026,125000
Jawa Tengah,Kab. Karanganyar,Daging Ayam Ras,kg,24/02/2026,40000
Jawa Tengah,Kab. Karanganyar,Telur Ayam Ras,kg,24/02/2026,30000
Jawa Tengah,Kab. Karanganyar,Tepung Terigu,kg,24/02/2026,12000
Jawa Tengah,Kab. Karanganyar,Kedelai Impor,kg,24/02/2026,9600
Jawa Tengah,Kab. Karanganyar,Cabai Merah Keriting,kg,24/02/2026,40000
Jawa Tengah,Kab. Karanganyar,Cabai Rawit Merah,kg,24/02/2026,100000
Jawa Tengah,Kab. Karanganyar,Cabai Merah Besar,kg,24/02/2026,40000
Jawa Tengah,Kab. Karanganyar,Bawang Merah,kg,24/02/2026,40000
Jawa Tengah,Kab. Karanganyar,Bawang Putih Honan,kg,24/02/2026,30000
Jawa Tengah,Kab. Sragen,Beras Medium,kg,24/02/2026,13400
Jawa Tengah,Kab. Sragen,Beras Premium,kg,24/02/2026,14400
Jawa Tengah,Kab. Sragen,Gula Pasir Curah,kg,24/02/2026,16750
Jawa Tengah,Kab. Sragen,Minyak Goreng Sawit Kemasan Premium,lt,24/02/2026,19750
Jawa Tengah,Kab. Sragen,Minyak Goreng Sawit Curah,lt,24/02/2026,18600
Jawa Tengah,Kab. Sragen,Minyakita,lt,24/02/2026,15700
Jawa Tengah,Kab. Sragen,Daging Sapi Paha Belakang,kg,24/02/2026,120000
Jawa Tengah,Kab. Sragen,Daging Ayam Ras,kg,24/02/2026,40000
Jawa Tengah,Kab. Sragen,Telur Ayam Ras,kg,24/02/2026,29167
Jawa Tengah,Kab. Sragen,Tepung Terigu,kg,24/02/2026,12000
Jawa Tengah,Kab. Sragen,Kedelai Impor,kg,24/02/2026,9650
Jawa Tengah,Kab. Sragen,Cabai Merah Keriting,kg,24/02/2026,30000
Jawa Tengah,Kab. Sragen,Cabai Rawit Merah,kg,24/02/2026,105667
Jawa Tengah,Kab. Sragen,Cabai Merah Besar,kg,24/02/2026,22000
Jawa Tengah,Kab. Sragen,Bawang Merah,kg,24/02/2026,40000
Jawa Tengah,Kab. Sragen,Bawang Putih Honan,kg,24/02/2026,31333
Jawa Tengah,Kab. Grobogan,Beras Medium,kg,24/02/2026,13000
Jawa Tengah,Kab. Grobogan,Beras Premium,kg,24/02/2026,14825
Jawa Tengah,Kab. Grobogan,Gula Pasir Curah,kg,24/02/2026,17000
Jawa Tengah,Kab. Grobogan,Minyak Goreng Sawit Kemasan Premium,lt,24/02/2026,19000
Jawa Tengah,Kab. Grobogan,Minyak Goreng Sawit Curah,lt,24/02/2026,16000
Jawa Tengah,Kab. Grobogan,Minyakita,lt,24/02/2026,15700
Jawa Tengah,Kab. Grobogan,Daging Sapi Paha Belakang,kg,24/02/2026,130000
Jawa Tengah,Kab. Grobogan,Daging Ayam Ras,kg,24/02/2026,40000
Jawa Tengah,Kab. Grobogan,Telur Ayam Ras,kg,24/02/2026,30000
Jawa Tengah,Kab. Grobogan,Tepung Terigu,kg,24/02/2026,10500
Jawa Tengah,Kab. Grobogan,Kedelai Impor,kg,24/02/2026,11000
Jawa Tengah,Kab. Grobogan,Cabai Merah Keriting,kg,24/02/2026,30000
Jawa Tengah,Kab. Grobogan,Cabai Rawit Merah,kg,24/02/2026,65000
Jawa Tengah,Kab. Grobogan,Cabai Merah Besar,kg,24/02/2026,48000
Jawa Tengah,Kab. Grobogan,Bawang Merah,kg,24/02/2026,37000
Jawa Tengah,Kab. Grobogan,Bawang Putih Honan,kg,24/02/2026,31000
Jawa Tengah,Kab. Blora,Beras Medium,kg,24/02/2026,11642
Jawa Tengah,Kab. Blora,Beras Premium,kg,24/02/2026,13575
Jawa Tengah,Kab. Blora,Gula Pasir Curah,kg,24/02/2026,16500
Jawa Tengah,Kab. Blora,Minyak Goreng Sawit Kemasan Premium,lt,24/02/2026,19300
Jawa Tengah,Kab. Blora,Minyak Goreng Sawit Curah,lt,24/02/2026,16300
Jawa Tengah,Kab. Blora,Minyakita,lt,24/02/2026,15700
Jawa Tengah,Kab. Blora,Daging Sapi Paha Belakang,kg,24/02/2026,125000
Jawa Tengah,Kab. Blora,Daging Ayam Ras,kg,24/02/2026,40000
Jawa Tengah,Kab. Blora,Telur Ayam Ras,kg,24/02/2026,29667
Jawa Tengah,Kab. Blora,Tepung Terigu,kg,24/02/2026,12300
Jawa Tengah,Kab. Blora,Kedelai Impor,kg,24/02/2026,11500
Jawa Tengah,Kab. Blora,Cabai Merah Keriting,kg,24/02/2026,29333
Jawa Tengah,Kab. Blora,Cabai Rawit Merah,kg,24/02/2026,60333
Jawa Tengah,Kab. Blora,Cabai Merah Besar,kg,24/02/2026,0
Jawa Tengah,Kab. Blora,Bawang Merah,kg,24/02/2026,35333
Jawa Tengah,Kab. Blora,Bawang Putih Honan,kg,24/02/2026,30333
Jawa Tengah,Kab. Rembang,Beras Medium,kg,24/02/2026,13333
Jawa Tengah,Kab. Rembang,Beras Premium,kg,24/02/2026,14900
Jawa Tengah,Kab. Rembang,Gula Pasir Curah,kg,24/02/2026,16333
Jawa Tengah,Kab. Rembang,Minyak Goreng Sawit Kemasan Premium,lt,24/02/2026,21000
Jawa Tengah,Kab. Rembang,Minyak Goreng Sawit Curah,lt,24/02/2026,18822
Jawa Tengah,Kab. Rembang,Minyakita,lt,24/02/2026,15633
Jawa Tengah,Kab. Rembang,Daging Sapi Paha Belakang,kg,24/02/2026,125000
Jawa Tengah,Kab. Rembang,Daging Ayam Ras,kg,24/02/2026,39000
Jawa Tengah,Kab. Rembang,Telur Ayam Ras,kg,24/02/2026,31000
Jawa Tengah,Kab. Rembang,Tepung Terigu,kg,24/02/2026,11500
Jawa Tengah,Kab. Rembang,Kedelai Impor,kg,24/02/2026,11167
Jawa Tengah,Kab. Rembang,Cabai Merah Keriting,kg,24/02/2026,35333
Jawa Tengah,Kab. Rembang,Cabai Rawit Merah,kg,24/02/2026,90000
Jawa Tengah,Kab. Rembang,Cabai Merah Besar,kg,24/02/2026,61667
Jawa Tengah,Kab. Rembang,Bawang Merah,kg,24/02/2026,42333
Jawa Tengah,Kab. Rembang,Bawang Putih Honan,kg,24/02/2026,34000
Jawa Tengah,Kab. Pati,Beras Medium,kg,24/02/2026,13500
Jawa Tengah,Kab. Pati,Beras Premium,kg,24/02/2026,14650
Jawa Tengah,Kab. Pati,Gula Pasir Curah,kg,24/02/2026,17000
Jawa Tengah,Kab. Pati,Minyak Goreng Sawit Kemasan Premium,lt,24/02/2026,20000
Jawa Tengah,Kab. Pati,Minyak Goreng Sawit Curah,lt,24/02/2026,18000
Jawa Tengah,Kab. Pati,Minyakita,lt,24/02/2026,15700
Jawa Tengah,Kab. Pati,Daging Sapi Paha Belakang,kg,24/02/2026,120000
Jawa Tengah,Kab. Pati,Daging Ayam Ras,kg,24/02/2026,40000
Jawa Tengah,Kab. Pati,Telur Ayam Ras,kg,24/02/2026,32000
Jawa Tengah,Kab. Pati,Tepung Terigu,kg,24/02/2026,12500
Jawa Tengah,Kab. Pati,Kedelai Impor,kg,24/02/2026,10500
Jawa Tengah,Kab. Pati,Cabai Merah Keriting,kg,24/02/2026,40000
Jawa Tengah,Kab. Pati,Cabai Rawit Merah,kg,24/02/2026,90000
Jawa Tengah,Kab. Pati,Cabai Merah Besar,kg,24/02/2026,50000
Jawa Tengah,Kab. Pati,Bawang Merah,kg,24/02/2026,40000
Jawa Tengah,Kab. Pati,Bawang Putih Honan,kg,24/02/2026,36000
Jawa Tengah,Kab. Kudus,Beras Medium,kg,24/02/2026,13500
Jawa Tengah,Kab. Kudus,Beras Premium,kg,24/02/2026,14900
Jawa Tengah,Kab. Kudus,Gula Pasir Curah,kg,24/02/2026,16500
Jawa Tengah,Kab. Kudus,Minyak Goreng Sawit Kemasan Premium,lt,24/02/2026,19833
Jawa Tengah,Kab. Kudus,Minyak Goreng Sawit Curah,lt,24/02/2026,17000
Jawa Tengah,Kab. Kudus,Minyakita,lt,24/02/2026,15700
Jawa Tengah,Kab. Kudus,Daging Sapi Paha Belakang,kg,24/02/2026,125000
Jawa Tengah,Kab. Kudus,Daging Ayam Ras,kg,24/02/2026,36000
Jawa Tengah,Kab. Kudus,Telur Ayam Ras,kg,24/02/2026,30000
Jawa Tengah,Kab. Kudus,Tepung Terigu,kg,24/02/2026,12000
Jawa Tengah,Kab. Kudus,Kedelai Impor,kg,24/02/2026,11500
Jawa Tengah,Kab. Kudus,Cabai Merah Keriting,kg,24/02/2026,30000
Jawa Tengah,Kab. Kudus,Cabai Rawit Merah,kg,24/02/2026,70000
Jawa Tengah,Kab. Kudus,Cabai Merah Besar,kg,24/02/2026,40000
Jawa Tengah,Kab. Kudus,Bawang Merah,kg,24/02/2026,45000
Jawa Tengah,Kab. Kudus,Bawang Putih Honan,kg,24/02/2026,0
Jawa Tengah,Kab. Jepara,Beras Medium,kg,24/02/2026,13000
Jawa Tengah,Kab. Jepara,Beras Premium,kg,24/02/2026,14900
Jawa Tengah,Kab. Jepara,Gula Pasir Curah,kg,24/02/2026,17000
Jawa Tengah,Kab. Jepara,Minyak Goreng Sawit Kemasan Premium,lt,24/02/2026,21000
Jawa Tengah,Kab. Jepara,Minyak Goreng Sawit Curah,lt,24/02/2026,18000
Jawa Tengah,Kab. Jepara,Minyakita,lt,24/02/2026,15500
Jawa Tengah,Kab. Jepara,Daging Sapi Paha Belakang,kg,24/02/2026,130000
Jawa Tengah,Kab. Jepara,Daging Ayam Ras,kg,24/02/2026,40000
Jawa Tengah,Kab. Jepara,Telur Ayam Ras,kg,24/02/2026,30500
Jawa Tengah,Kab. Jepara,Tepung Terigu,kg,24/02/2026,12000
Jawa Tengah,Kab. Jepara,Kedelai Impor,kg,24/02/2026,10500
Jawa Tengah,Kab. Jepara,Cabai Merah Keriting,kg,24/02/2026,40000
Jawa Tengah,Kab. Jepara,Cabai Rawit Merah,kg,24/02/2026,80000
Jawa Tengah,Kab. Jepara,Cabai Merah Besar,kg,24/02/2026,40000
Jawa Tengah,Kab. Jepara,Bawang Merah,kg,24/02/2026,38000
Jawa Tengah,Kab. Jepara,Bawang Putih Honan,kg,24/02/2026,32000
Jawa Tengah,Kab. Demak,Beras Medium,kg,24/02/2026,12800
Jawa Tengah,Kab. Demak,Beras Premium,kg,24/02/2026,14250
Jawa Tengah,Kab. Demak,Gula Pasir Curah,kg,24/02/2026,16500
Jawa Tengah,Kab. Demak,Minyak Goreng Sawit Kemasan Premium,lt,24/02/2026,20250
Jawa Tengah,Kab. Demak,Minyak Goreng Sawit Curah,lt,24/02/2026,16167
Jawa Tengah,Kab. Demak,Minyakita,lt,24/02/2026,15350
Jawa Tengah,Kab. Demak,Daging Sapi Paha Belakang,kg,24/02/2026,130000
Jawa Tengah,Kab. Demak,Daging Ayam Ras,kg,24/02/2026,35000
Jawa Tengah,Kab. Demak,Telur Ayam Ras,kg,24/02/2026,28000
Jawa Tengah,Kab. Demak,Tepung Terigu,kg,24/02/2026,11250
Jawa Tengah,Kab. Demak,Kedelai Impor,kg,24/02/2026,10000
Jawa Tengah,Kab. Demak,Cabai Merah Keriting,kg,24/02/2026,30000
Jawa Tengah,Kab. Demak,Cabai Rawit Merah,kg,24/02/2026,45667
Jawa Tengah,Kab. Demak,Cabai Merah Besar,kg,24/02/2026,34667
Jawa Tengah,Kab. Demak,Bawang Merah,kg,24/02/2026,34333
Jawa Tengah,Kab. Demak,Bawang Putih Honan,kg,24/02/2026,30000
Jawa Tengah,Kab. Semarang,Beras Medium,kg,24/02/2026,13750
Jawa Tengah,Kab. Semarang,Beras Premium,kg,24/02/2026,15083
Jawa Tengah,Kab. Semarang,Gula Pasir Curah,kg,24/02/2026,17417
Jawa Tengah,Kab. Semarang,Minyak Goreng Sawit Kemasan Premium,lt,24/02/2026,21500
Jawa Tengah,Kab. Semarang,Minyak Goreng Sawit Curah,lt,24/02/2026,18900
Jawa Tengah,Kab. Semarang,Minyakita,lt,24/02/2026,15600
Jawa Tengah,Kab. Semarang,Daging Sapi Paha Belakang,kg,24/02/2026,136667
Jawa Tengah,Kab. Semarang,Daging Ayam Ras,kg,24/02/2026,37000
Jawa Tengah,Kab. Semarang,Telur Ayam Ras,kg,24/02/2026,29833
Jawa Tengah,Kab. Semarang,Tepung Terigu,kg,24/02/2026,12000
Jawa Tengah,Kab. Semarang,Kedelai Impor,kg,24/02/2026,10000
Jawa Tengah,Kab. Semarang,Cabai Merah Keriting,kg,24/02/2026,40000
Jawa Tengah,Kab. Semarang,Cabai Rawit Merah,kg,24/02/2026,83333
Jawa Tengah,Kab. Semarang,Cabai Merah Besar,kg,24/02/2026,45000
Jawa Tengah,Kab. Semarang,Bawang Merah,kg,24/02/2026,42833
Jawa Tengah,Kab. Semarang,Bawang Putih Honan,kg,24/02/2026,34167
Jawa Tengah,Kab. Temanggung,Beras Medium,kg,24/02/2026,13500
Jawa Tengah,Kab. Temanggung,Beras Premium,kg,24/02/2026,14800
Jawa Tengah,Kab. Temanggung,Gula Pasir Curah,kg,24/02/2026,16750
Jawa Tengah,Kab. Temanggung,Minyak Goreng Sawit Kemasan Premium,lt,24/02/2026,19000
Jawa Tengah,Kab. Temanggung,Minyak Goreng Sawit Curah,lt,24/02/2026,19000
Jawa Tengah,Kab. Temanggung,Minyakita,lt,24/02/2026,15700
Jawa Tengah,Kab. Temanggung,Daging Sapi Paha Belakang,kg,24/02/2026,135000
Jawa Tengah,Kab. Temanggung,Daging Ayam Ras,kg,24/02/2026,39000
Jawa Tengah,Kab. Temanggung,Telur Ayam Ras,kg,24/02/2026,29333
Jawa Tengah,Kab. Temanggung,Tepung Terigu,kg,24/02/2026,11750
Jawa Tengah,Kab. Temanggung,Kedelai Impor,kg,24/02/2026,9700
Jawa Tengah,Kab. Temanggung,Cabai Merah Keriting,kg,24/02/2026,42500
Jawa Tengah,Kab. Temanggung,Cabai Rawit Merah,kg,24/02/2026,85000
Jawa Tengah,Kab. Temanggung,Cabai Merah Besar,kg,24/02/2026,45000
Jawa Tengah,Kab. Temanggung,Bawang Merah,kg,24/02/2026,44667
Jawa Tengah,Kab. Temanggung,Bawang Putih Honan,kg,24/02/2026,35000
Jawa Tengah,Kab. Kendal,Beras Medium,kg,24/02/2026,13500
Jawa Tengah,Kab. Kendal,Beras Premium,kg,24/02/2026,14900
Jawa Tengah,Kab. Kendal,Gula Pasir Curah,kg,24/02/2026,17167
Jawa Tengah,Kab. Kendal,Minyak Goreng Sawit Kemasan Premium,lt,24/02/2026,21000
Jawa Tengah,Kab. Kendal,Minyak Goreng Sawit Curah,lt,24/02/2026,17700
Jawa Tengah,Kab. Kendal,Minyakita,lt,24/02/2026,15700
Jawa Tengah,Kab. Kendal,Daging Sapi Paha Belakang,kg,24/02/2026,135000
Jawa Tengah,Kab. Kendal,Daging Ayam Ras,kg,24/02/2026,40000
Jawa Tengah,Kab. Kendal,Telur Ayam Ras,kg,24/02/2026,29500
Jawa Tengah,Kab. Kendal,Tepung Terigu,kg,24/02/2026,11667
Jawa Tengah,Kab. Kendal,Kedelai Impor,kg,24/02/2026,9800
Jawa Tengah,Kab. Kendal,Cabai Merah Keriting,kg,24/02/2026,30000
Jawa Tengah,Kab. Kendal,Cabai Rawit Merah,kg,24/02/2026,70000
Jawa Tengah,Kab. Kendal,Cabai Merah Besar,kg,24/02/2026,30000
Jawa Tengah,Kab. Kendal,Bawang Merah,kg,24/02/2026,40667
Jawa Tengah,Kab. Kendal,Bawang Putih Honan,kg,24/02/2026,31333
Jawa Tengah,Kab. Batang,Beras Medium,kg,24/02/2026,13200
Jawa Tengah,Kab. Batang,Beras Premium,kg,24/02/2026,14700
Jawa Tengah,Kab. Batang,Gula Pasir Curah,kg,24/02/2026,16500
Jawa Tengah,Kab. Batang,Minyak Goreng Sawit Kemasan Premium,lt,24/02/2026,19500
Jawa Tengah,Kab. Batang,Minyak Goreng Sawit Curah,lt,24/02/2026,17100
Jawa Tengah,Kab. Batang,Minyakita,lt,24/02/2026,15700
Jawa Tengah,Kab. Batang,Daging Sapi Paha Belakang,kg,24/02/2026,130000
Jawa Tengah,Kab. Batang,Daging Ayam Ras,kg,24/02/2026,40000
Jawa Tengah,Kab. Batang,Telur Ayam Ras,kg,24/02/2026,30000
Jawa Tengah,Kab. Batang,Tepung Terigu,kg,24/02/2026,11500
Jawa Tengah,Kab. Batang,Kedelai Impor,kg,24/02/2026,10400
Jawa Tengah,Kab. Batang,Cabai Merah Keriting,kg,24/02/2026,42000
Jawa Tengah,Kab. Batang,Cabai Rawit Merah,kg,24/02/2026,74000
Jawa Tengah,Kab. Batang,Cabai Merah Besar,kg,24/02/2026,38000
Jawa Tengah,Kab. Batang,Bawang Merah,kg,24/02/2026,38000
Jawa Tengah,Kab. Batang,Bawang Putih Honan,kg,24/02/2026,32000
Jawa Tengah,Kab. Pekalongan,Beras Medium,kg,24/02/2026,13200
Jawa Tengah,Kab. Pekalongan,Beras Premium,kg,24/02/2026,14500
Jawa Tengah,Kab. Pekalongan,Gula Pasir Curah,kg,24/02/2026,17000
Jawa Tengah,Kab. Pekalongan,Minyak Goreng Sawit Kemasan Premium,lt,24/02/2026,21000
Jawa Tengah,Kab. Pekalongan,Minyak Goreng Sawit Curah,lt,24/02/2026,17550
Jawa Tengah,Kab. Pekalongan,Minyakita,lt,24/02/2026,15700
Jawa Tengah,Kab. Pekalongan,Daging Sapi Paha Belakang,kg,24/02/2026,140000
Jawa Tengah,Kab. Pekalongan,Daging Ayam Ras,kg,24/02/2026,42000
Jawa Tengah,Kab. Pekalongan,Telur Ayam Ras,kg,24/02/2026,30000
Jawa Tengah,Kab. Pekalongan,Tepung Terigu,kg,24/02/2026,12000
Jawa Tengah,Kab. Pekalongan,Kedelai Impor,kg,24/02/2026,9800
Jawa Tengah,Kab. Pekalongan,Cabai Merah Keriting,kg,24/02/2026,45000
Jawa Tengah,Kab. Pekalongan,Cabai Rawit Merah,kg,24/02/2026,75000
Jawa Tengah,Kab. Pekalongan,Cabai Merah Besar,kg,24/02/2026,30000
Jawa Tengah,Kab. Pekalongan,Bawang Merah,kg,24/02/2026,39000
Jawa Tengah,Kab. Pekalongan,Bawang Putih Honan,kg,24/02/2026,33000
Jawa Tengah,Kab. Pemalang,Beras Medium,kg,24/02/2026,13000
Jawa Tengah,Kab. Pemalang,Beras Premium,kg,24/02/2026,14800
Jawa Tengah,Kab. Pemalang,Gula Pasir Curah,kg,24/02/2026,17167
Jawa Tengah,Kab. Pemalang,Minyak Goreng Sawit Kemasan Premium,lt,24/02/2026,21000
Jawa Tengah,Kab. Pemalang,Minyak Goreng Sawit Curah,lt,24/02/2026,17167
Jawa Tengah,Kab. Pemalang,Minyakita,lt,24/02/2026,15700
Jawa Tengah,Kab. Pemalang,Daging Sapi Paha Belakang,kg,24/02/2026,130000
Jawa Tengah,Kab. Pemalang,Daging Ayam Ras,kg,24/02/2026,40000
Jawa Tengah,Kab. Pemalang,Telur Ayam Ras,kg,24/02/2026,30000
Jawa Tengah,Kab. Pemalang,Tepung Terigu,kg,24/02/2026,12000
Jawa Tengah,Kab. Pemalang,Kedelai Impor,kg,24/02/2026,11500
Jawa Tengah,Kab. Pemalang,Cabai Merah Keriting,kg,24/02/2026,43667
Jawa Tengah,Kab. Pemalang,Cabai Rawit Merah,kg,24/02/2026,63000
Jawa Tengah,Kab. Pemalang,Cabai Merah Besar,kg,24/02/2026,34000
Jawa Tengah,Kab. Pemalang,Bawang Merah,kg,24/02/2026,41333
Jawa Tengah,Kab. Pemalang,Bawang Putih Honan,kg,24/02/2026,32667
Jawa Tengah,Kab. Tegal,Beras Medium,kg,24/02/2026,13167
Jawa Tengah,Kab. Tegal,Beras Premium,kg,24/02/2026,14300
Jawa Tengah,Kab. Tegal,Gula Pasir Curah,kg,24/02/2026,17000
Jawa Tengah,Kab. Tegal,Minyak Goreng Sawit Kemasan Premium,lt,24/02/2026,21167
Jawa Tengah,Kab. Tegal,Minyak Goreng Sawit Curah,lt,24/02/2026,17917
Jawa Tengah,Kab. Tegal,Minyakita,lt,24/02/2026,15700
Jawa Tengah,Kab. Tegal,Daging Sapi Paha Belakang,kg,24/02/2026,136667
Jawa Tengah,Kab. Tegal,Daging Ayam Ras,kg,24/02/2026,40000
Jawa Tengah,Kab. Tegal,Telur Ayam Ras,kg,24/02/2026,29667
Jawa Tengah,Kab. Tegal,Tepung Terigu,kg,24/02/2026,11000
Jawa Tengah,Kab. Tegal,Kedelai Impor,kg,24/02/2026,9983
Jawa Tengah,Kab. Tegal,Cabai Merah Keriting,kg,24/02/2026,36500
Jawa Tengah,Kab. Tegal,Cabai Rawit Merah,kg,24/02/2026,71500
Jawa Tengah,Kab. Tegal,Cabai Merah Besar,kg,24/02/2026,26500
Jawa Tengah,Kab. Tegal,Bawang Merah,kg,24/02/2026,42667
Jawa Tengah,Kab. Tegal,Bawang Putih Honan,kg,24/02/2026,30333
Jawa Tengah,Kab. Brebes,Beras Medium,kg,24/02/2026,13167
Jawa Tengah,Kab. Brebes,Beras Premium,kg,24/02/2026,14783
Jawa Tengah,Kab. Brebes,Gula Pasir Curah,kg,24/02/2026,17000
Jawa Tengah,Kab. Brebes,Minyak Goreng Sawit Kemasan Premium,lt,24/02/2026,21000
Jawa Tengah,Kab. Brebes,Minyak Goreng Sawit Curah,lt,24/02/2026,18500
Jawa Tengah,Kab. Brebes,Minyakita,lt,24/02/2026,15700
Jawa Tengah,Kab. Brebes,Daging Sapi Paha Belakang,kg,24/02/2026,140000
Jawa Tengah,Kab. Brebes,Daging Ayam Ras,kg,24/02/2026,40000
Jawa Tengah,Kab. Brebes,Telur Ayam Ras,kg,24/02/2026,29500
Jawa Tengah,Kab. Brebes,Tepung Terigu,kg,24/02/2026,12000
Jawa Tengah,Kab. Brebes,Kedelai Impor,kg,24/02/2026,0
Jawa Tengah,Kab. Brebes,Cabai Merah Keriting,kg,24/02/2026,35000
Jawa Tengah,Kab. Brebes,Cabai Rawit Merah,kg,24/02/2026,70000
Jawa Tengah,Kab. Brebes,Cabai Merah Besar,kg,24/02/2026,33333
Jawa Tengah,Kab. Brebes,Bawang Merah,kg,24/02/2026,35000
Jawa Tengah,Kab. Brebes,Bawang Putih Honan,kg,24/02/2026,35000
Jawa Tengah,Kota Magelang,Beras Medium,kg,24/02/2026,13500
Jawa Tengah,Kota Magelang,Beras Premium,kg,24/02/2026,14833
Jawa Tengah,Kota Magelang,Gula Pasir Curah,kg,24/02/2026,16833
Jawa Tengah,Kota Magelang,Minyak Goreng Sawit Kemasan Premium,lt,24/02/2026,20333
Jawa Tengah,Kota Magelang,Minyak Goreng Sawit Curah,lt,24/02/2026,16500
Jawa Tengah,Kota Magelang,Minyakita,lt,24/02/2026,15700
Jawa Tengah,Kota Magelang,Daging Sapi Paha Belakang,kg,24/02/2026,135000
Jawa Tengah,Kota Magelang,Daging Ayam Ras,kg,24/02/2026,39333
Jawa Tengah,Kota Magelang,Telur Ayam Ras,kg,24/02/2026,28667
Jawa Tengah,Kota Magelang,Tepung Terigu,kg,24/02/2026,12000
Jawa Tengah,Kota Magelang,Kedelai Impor,kg,24/02/2026,11000
Jawa Tengah,Kota Magelang,Cabai Merah Keriting,kg,24/02/2026,43667
Jawa Tengah,Kota Magelang,Cabai Rawit Merah,kg,24/02/2026,76000
Jawa Tengah,Kota Magelang,Cabai Merah Besar,kg,24/02/2026,47000
Jawa Tengah,Kota Magelang,Bawang Merah,kg,24/02/2026,40000
Jawa Tengah,Kota Magelang,Bawang Putih Honan,kg,24/02/2026,33000
Jawa Tengah,Kota Surakarta,Beras Medium,kg,24/02/2026,13583
Jawa Tengah,Kota Surakarta,Beras Premium,kg,24/02/2026,15750
Jawa Tengah,Kota Surakarta,Gula Pasir Curah,kg,24/02/2026,17000
Jawa Tengah,Kota Surakarta,Minyak Goreng Sawit Kemasan Premium,lt,24/02/2026,21667
Jawa Tengah,Kota Surakarta,Minyak Goreng Sawit Curah,lt,24/02/2026,20000
Jawa Tengah,Kota Surakarta,Minyakita,lt,24/02/2026,15700
Jawa Tengah,Kota Surakarta,Daging Sapi Paha Belakang,kg,24/02/2026,135000
Jawa Tengah,Kota Surakarta,Daging Ayam Ras,kg,24/02/2026,40000
Jawa Tengah,Kota Surakarta,Telur Ayam Ras,kg,24/02/2026,29000
Jawa Tengah,Kota Surakarta,Tepung Terigu,kg,24/02/2026,11250
Jawa Tengah,Kota Surakarta,Kedelai Impor,kg,24/02/2026,12000
Jawa Tengah,Kota Surakarta,Cabai Merah Keriting,kg,24/02/2026,25000
Jawa Tengah,Kota Surakarta,Cabai Rawit Merah,kg,24/02/2026,80000
Jawa Tengah,Kota Surakarta,Cabai Merah Besar,kg,24/02/2026,22000
Jawa Tengah,Kota Surakarta,Bawang Merah,kg,24/02/2026,36000
Jawa Tengah,Kota Surakarta,Bawang Putih Honan,kg,24/02/2026,28000
Jawa Tengah,Kota Salatiga,Beras Medium,kg,24/02/2026,13433
Jawa Tengah,Kota Salatiga,Beras Premium,kg,24/02/2026,14267
Jawa Tengah,Kota Salatiga,Gula Pasir Curah,kg,24/02/2026,17500
Jawa Tengah,Kota Salatiga,Minyak Goreng Sawit Kemasan Premium,lt,24/02/2026,22000
Jawa Tengah,Kota Salatiga,Minyak Goreng Sawit Curah,lt,24/02/2026,17100
Jawa Tengah,Kota Salatiga,Minyakita,lt,24/02/2026,15700
Jawa Tengah,Kota Salatiga,Daging Sapi Paha Belakang,kg,24/02/2026,120000
Jawa Tengah,Kota Salatiga,Daging Ayam Ras,kg,24/02/2026,39333
Jawa Tengah,Kota Salatiga,Telur Ayam Ras,kg,24/02/2026,29000
Jawa Tengah,Kota Salatiga,Tepung Terigu,kg,24/02/2026,12000
Jawa Tengah,Kota Salatiga,Kedelai Impor,kg,24/02/2026,12000
Jawa Tengah,Kota Salatiga,Cabai Merah Keriting,kg,24/02/2026,35000
Jawa Tengah,Kota Salatiga,Cabai Rawit Merah,kg,24/02/2026,75000
Jawa Tengah,Kota Salatiga,Cabai Merah Besar,kg,24/02/2026,40000
Jawa Tengah,Kota Salatiga,Bawang Merah,kg,24/02/2026,47000
Jawa Tengah,Kota Salatiga,Bawang Putih Honan,kg,24/02/2026,31667
Jawa Tengah,Kota Semarang,Beras Medium,kg,24/02/2026,13792
Jawa Tengah,Kota Semarang,Beras Premium,kg,24/02/2026,15292
Jawa Tengah,Kota Semarang,Gula Pasir Curah,kg,24/02/2026,17000
Jawa Tengah,Kota Semarang,Minyak Goreng Sawit Kemasan Premium,lt,24/02/2026,21500
Jawa Tengah,Kota Semarang,Minyak Goreng Sawit Curah,lt,24/02/2026,19833
Jawa Tengah,Kota Semarang,Minyakita,lt,24/02/2026,15700
Jawa Tengah,Kota Semarang,Daging Sapi Paha Belakang,kg,24/02/2026,130000
Jawa Tengah,Kota Semarang,Daging Ayam Ras,kg,24/02/2026,39833
Jawa Tengah,Kota Semarang,Telur Ayam Ras,kg,24/02/2026,30000
Jawa Tengah,Kota Semarang,Tepung Terigu,kg,24/02/2026,11750
Jawa Tengah,Kota Semarang,Kedelai Impor,kg,24/02/2026,0
Jawa Tengah,Kota Semarang,Cabai Merah Keriting,kg,24/02/2026,28167
Jawa Tengah,Kota Semarang,Cabai Rawit Merah,kg,24/02/2026,69167
Jawa Tengah,Kota Semarang,Cabai Merah Besar,kg,24/02/2026,36000
Jawa Tengah,Kota Semarang,Bawang Merah,kg,24/02/2026,44500
Jawa Tengah,Kota Semarang,Bawang Putih Honan,kg,24/02/2026,0
Jawa Tengah,Kota Pekalongan,Beras Medium,kg,24/02/2026,13500
Jawa Tengah,Kota Pekalongan,Beras Premium,kg,24/02/2026,14900
Jawa Tengah,Kota Pekalongan,Gula Pasir Curah,kg,24/02/2026,17000
Jawa Tengah,Kota Pekalongan,Minyak Goreng Sawit Kemasan Premium,lt,24/02/2026,21000
Jawa Tengah,Kota Pekalongan,Minyak Goreng Sawit Curah,lt,24/02/2026,18450
Jawa Tengah,Kota Pekalongan,Minyakita,lt,24/02/2026,15700
Jawa Tengah,Kota Pekalongan,Daging Sapi Paha Belakang,kg,24/02/2026,130000
Jawa Tengah,Kota Pekalongan,Daging Ayam Ras,kg,24/02/2026,42000
Jawa Tengah,Kota Pekalongan,Telur Ayam Ras,kg,24/02/2026,30000
Jawa Tengah,Kota Pekalongan,Tepung Terigu,kg,24/02/2026,11000
Jawa Tengah,Kota Pekalongan,Kedelai Impor,kg,24/02/2026,10000
Jawa Tengah,Kota Pekalongan,Cabai Merah Keriting,kg,24/02/2026,35000
Jawa Tengah,Kota Pekalongan,Cabai Rawit Merah,kg,24/02/2026,80000
Jawa Tengah,Kota Pekalongan,Cabai Merah Besar,kg,24/02/2026,28000
Jawa Tengah,Kota Pekalongan,Bawang Merah,kg,24/02/2026,48000
Jawa Tengah,Kota Pekalongan,Bawang Putih Honan,kg,24/02/2026,0
Jawa Tengah,Kota Tegal,Beras Medium,kg,24/02/2026,13250
Jawa Tengah,Kota Tegal,Beras Premium,kg,24/02/2026,14900
Jawa Tengah,Kota Tegal,Gula Pasir Curah,kg,24/02/2026,17333
Jawa Tengah,Kota Tegal,Minyak Goreng Sawit Kemasan Premium,lt,24/02/2026,21500
Jawa Tengah,Kota Tegal,Minyak Goreng Sawit Curah,lt,24/02/2026,17700
Jawa Tengah,Kota Tegal,Minyakita,lt,24/02/2026,15700
Jawa Tengah,Kota Tegal,Daging Sapi Paha Belakang,kg,24/02/2026,145000
Jawa Tengah,Kota Tegal,Daging Ayam Ras,kg,24/02/2026,43000
Jawa Tengah,Kota Tegal,Telur Ayam Ras,kg,24/02/2026,30833
Jawa Tengah,Kota Tegal,Tepung Terigu,kg,24/02/2026,11833
Jawa Tengah,Kota Tegal,Kedelai Impor,kg,24/02/2026,10500
Jawa Tengah,Kota Tegal,Cabai Merah Keriting,kg,24/02/2026,41667
Jawa Tengah,Kota Tegal,Cabai Rawit Merah,kg,24/02/2026,86667
Jawa Tengah,Kota Tegal,Cabai Merah Besar,kg,24/02/2026,31667
Jawa Tengah,Kota Tegal,Bawang Merah,kg,24/02/2026,43333
Jawa Tengah,Kota Tegal,Bawang Putih Honan,kg,24/02/2026,34667
Jawa Tengah,Kab. Cilacap,Beras Medium,kg,25/02/2026,13500
Jawa Tengah,Kab. Cilacap,Beras Premium,kg,25/02/2026,14500
Jawa Tengah,Kab. Cilacap,Gula Pasir Curah,kg,25/02/2026,17333
Jawa Tengah,Kab. Cilacap,Minyak Goreng Sawit Kemasan Premium,lt,25/02/2026,22000
Jawa Tengah,Kab. Cilacap,Minyak Goreng Sawit Curah,lt,25/02/2026,18000
Jawa Tengah,Kab. Cilacap,Minyakita,lt,25/02/2026,15700
Jawa Tengah,Kab. Cilacap,Daging Sapi Paha Belakang,kg,25/02/2026,140000
Jawa Tengah,Kab. Cilacap,Daging Ayam Ras,kg,25/02/2026,40667
Jawa Tengah,Kab. Cilacap,Telur Ayam Ras,kg,25/02/2026,31000
Jawa Tengah,Kab. Cilacap,Tepung Terigu,kg,25/02/2026,12000
Jawa Tengah,Kab. Cilacap,Kedelai Impor,kg,25/02/2026,11667
Jawa Tengah,Kab. Cilacap,Cabai Merah Keriting,kg,25/02/2026,27667
Jawa Tengah,Kab. Cilacap,Cabai Rawit Merah,kg,25/02/2026,67333
Jawa Tengah,Kab. Cilacap,Cabai Merah Besar,kg,25/02/2026,24333
Jawa Tengah,Kab. Cilacap,Bawang Merah,kg,25/02/2026,39333
Jawa Tengah,Kab. Cilacap,Bawang Putih Honan,kg,25/02/2026,33667
Jawa Tengah,Kab. Banyumas,Beras Medium,kg,25/02/2026,13583
Jawa Tengah,Kab. Banyumas,Beras Premium,kg,25/02/2026,14900
Jawa Tengah,Kab. Banyumas,Gula Pasir Curah,kg,25/02/2026,16833
Jawa Tengah,Kab. Banyumas,Minyak Goreng Sawit Kemasan Premium,lt,25/02/2026,21000
Jawa Tengah,Kab. Banyumas,Minyak Goreng Sawit Curah,lt,25/02/2026,18000
Jawa Tengah,Kab. Banyumas,Minyakita,lt,25/02/2026,15700
Jawa Tengah,Kab. Banyumas,Daging Sapi Paha Belakang,kg,25/02/2026,133333
Jawa Tengah,Kab. Banyumas,Daging Ayam Ras,kg,25/02/2026,39667
Jawa Tengah,Kab. Banyumas,Telur Ayam Ras,kg,25/02/2026,31333
Jawa Tengah,Kab. Banyumas,Tepung Terigu,kg,25/02/2026,12000
Jawa Tengah,Kab. Banyumas,Kedelai Impor,kg,25/02/2026,10000
Jawa Tengah,Kab. Banyumas,Cabai Merah Keriting,kg,25/02/2026,30667
Jawa Tengah,Kab. Banyumas,Cabai Rawit Merah,kg,25/02/2026,66667
Jawa Tengah,Kab. Banyumas,Cabai Merah Besar,kg,25/02/2026,30000
Jawa Tengah,Kab. Banyumas,Bawang Merah,kg,25/02/2026,39333
Jawa Tengah,Kab. Banyumas,Bawang Putih Honan,kg,25/02/2026,0
Jawa Tengah,Kab. Purbalingga,Beras Medium,kg,25/02/2026,13000
Jawa Tengah,Kab. Purbalingga,Beras Premium,kg,25/02/2026,14200
Jawa Tengah,Kab. Purbalingga,Gula Pasir Curah,kg,25/02/2026,17000
Jawa Tengah,Kab. Purbalingga,Minyak Goreng Sawit Kemasan Premium,lt,25/02/2026,21000
Jawa Tengah,Kab. Purbalingga,Minyak Goreng Sawit Curah,lt,25/02/2026,18000
Jawa Tengah,Kab. Purbalingga,Minyakita,lt,25/02/2026,15700
Jawa Tengah,Kab. Purbalingga,Daging Sapi Paha Belakang,kg,25/02/2026,140000
Jawa Tengah,Kab. Purbalingga,Daging Ayam Ras,kg,25/02/2026,41000
Jawa Tengah,Kab. Purbalingga,Telur Ayam Ras,kg,25/02/2026,31000
Jawa Tengah,Kab. Purbalingga,Tepung Terigu,kg,25/02/2026,12000
Jawa Tengah,Kab. Purbalingga,Kedelai Impor,kg,25/02/2026,9800
Jawa Tengah,Kab. Purbalingga,Cabai Merah Keriting,kg,25/02/2026,40000
Jawa Tengah,Kab. Purbalingga,Cabai Rawit Merah,kg,25/02/2026,80000
Jawa Tengah,Kab. Purbalingga,Cabai Merah Besar,kg,25/02/2026,32000
Jawa Tengah,Kab. Purbalingga,Bawang Merah,kg,25/02/2026,43000
Jawa Tengah,Kab. Purbalingga,Bawang Putih Honan,kg,25/02/2026,33000
Jawa Tengah,Kab. Banjarnegara,Beras Medium,kg,25/02/2026,13333
Jawa Tengah,Kab. Banjarnegara,Beras Premium,kg,25/02/2026,14533
Jawa Tengah,Kab. Banjarnegara,Gula Pasir Curah,kg,25/02/2026,17000
Jawa Tengah,Kab. Banjarnegara,Minyak Goreng Sawit Kemasan Premium,lt,25/02/2026,20666
Jawa Tengah,Kab. Banjarnegara,Minyak Goreng Sawit Curah,lt,25/02/2026,18450
Jawa Tengah,Kab. Banjarnegara,Minyakita,lt,25/02/2026,15700
Jawa Tengah,Kab. Banjarnegara,Daging Sapi Paha Belakang,kg,25/02/2026,135000
Jawa Tengah,Kab. Banjarnegara,Daging Ayam Ras,kg,25/02/2026,38000
Jawa Tengah,Kab. Banjarnegara,Telur Ayam Ras,kg,25/02/2026,30666
Jawa Tengah,Kab. Banjarnegara,Tepung Terigu,kg,25/02/2026,11666
Jawa Tengah,Kab. Banjarnegara,Kedelai Impor,kg,25/02/2026,10500
Jawa Tengah,Kab. Banjarnegara,Cabai Merah Keriting,kg,25/02/2026,43333
Jawa Tengah,Kab. Banjarnegara,Cabai Rawit Merah,kg,25/02/2026,85000
Jawa Tengah,Kab. Banjarnegara,Cabai Merah Besar,kg,25/02/2026,0
Jawa Tengah,Kab. Banjarnegara,Bawang Merah,kg,25/02/2026,40000
Jawa Tengah,Kab. Banjarnegara,Bawang Putih Honan,kg,25/02/2026,34000
Jawa Tengah,Kab. Kebumen,Beras Medium,kg,25/02/2026,12250
Jawa Tengah,Kab. Kebumen,Beras Premium,kg,25/02/2026,14450
Jawa Tengah,Kab. Kebumen,Gula Pasir Curah,kg,25/02/2026,16000
Jawa Tengah,Kab. Kebumen,Minyak Goreng Sawit Kemasan Premium,lt,25/02/2026,20500
Jawa Tengah,Kab. Kebumen,Minyak Goreng Sawit Curah,lt,25/02/2026,17500
Jawa Tengah,Kab. Kebumen,Minyakita,lt,25/02/2026,15700
Jawa Tengah,Kab. Kebumen,Daging Sapi Paha Belakang,kg,25/02/2026,120000
Jawa Tengah,Kab. Kebumen,Daging Ayam Ras,kg,25/02/2026,33500
Jawa Tengah,Kab. Kebumen,Telur Ayam Ras,kg,25/02/2026,29000
Jawa Tengah,Kab. Kebumen,Tepung Terigu,kg,25/02/2026,11000
Jawa Tengah,Kab. Kebumen,Kedelai Impor,kg,25/02/2026,9500
Jawa Tengah,Kab. Kebumen,Cabai Merah Keriting,kg,25/02/2026,31167
Jawa Tengah,Kab. Kebumen,Cabai Rawit Merah,kg,25/02/2026,40667
Jawa Tengah,Kab. Kebumen,Cabai Merah Besar,kg,25/02/2026,31500
Jawa Tengah,Kab. Kebumen,Bawang Merah,kg,25/02/2026,34500
Jawa Tengah,Kab. Kebumen,Bawang Putih Honan,kg,25/02/2026,0
Jawa Tengah,Kab. Purworejo,Beras Medium,kg,25/02/2026,12800
Jawa Tengah,Kab. Purworejo,Beras Premium,kg,25/02/2026,14500
Jawa Tengah,Kab. Purworejo,Gula Pasir Curah,kg,25/02/2026,17333
Jawa Tengah,Kab. Purworejo,Minyak Goreng Sawit Kemasan Premium,lt,25/02/2026,20333
Jawa Tengah,Kab. Purworejo,Minyak Goreng Sawit Curah,lt,25/02/2026,17400
Jawa Tengah,Kab. Purworejo,Minyakita,lt,25/02/2026,15700
Jawa Tengah,Kab. Purworejo,Daging Sapi Paha Belakang,kg,25/02/2026,135500
Jawa Tengah,Kab. Purworejo,Daging Ayam Ras,kg,25/02/2026,39000
Jawa Tengah,Kab. Purworejo,Telur Ayam Ras,kg,25/02/2026,30833
Jawa Tengah,Kab. Purworejo,Tepung Terigu,kg,25/02/2026,11333
Jawa Tengah,Kab. Purworejo,Kedelai Impor,kg,25/02/2026,10000
Jawa Tengah,Kab. Purworejo,Cabai Merah Keriting,kg,25/02/2026,34000
Jawa Tengah,Kab. Purworejo,Cabai Rawit Merah,kg,25/02/2026,71667
Jawa Tengah,Kab. Purworejo,Cabai Merah Besar,kg,25/02/2026,38333
Jawa Tengah,Kab. Purworejo,Bawang Merah,kg,25/02/2026,42667
Jawa Tengah,Kab. Purworejo,Bawang Putih Honan,kg,25/02/2026,33667
Jawa Tengah,Kab. Wonosobo,Beras Medium,kg,25/02/2026,13000
Jawa Tengah,Kab. Wonosobo,Beras Premium,kg,25/02/2026,14867
Jawa Tengah,Kab. Wonosobo,Gula Pasir Curah,kg,25/02/2026,16933
Jawa Tengah,Kab. Wonosobo,Minyak Goreng Sawit Kemasan Premium,lt,25/02/2026,21500
Jawa Tengah,Kab. Wonosobo,Minyak Goreng Sawit Curah,lt,25/02/2026,16933
Jawa Tengah,Kab. Wonosobo,Minyakita,lt,25/02/2026,15700
Jawa Tengah,Kab. Wonosobo,Daging Sapi Paha Belakang,kg,25/02/2026,135000
Jawa Tengah,Kab. Wonosobo,Daging Ayam Ras,kg,25/02/2026,38000
Jawa Tengah,Kab. Wonosobo,Telur Ayam Ras,kg,25/02/2026,29667
Jawa Tengah,Kab. Wonosobo,Tepung Terigu,kg,25/02/2026,11500
Jawa Tengah,Kab. Wonosobo,Kedelai Impor,kg,25/02/2026,9400
Jawa Tengah,Kab. Wonosobo,Cabai Merah Keriting,kg,25/02/2026,45000
Jawa Tengah,Kab. Wonosobo,Cabai Rawit Merah,kg,25/02/2026,75000
Jawa Tengah,Kab. Wonosobo,Cabai Merah Besar,kg,25/02/2026,0
Jawa Tengah,Kab. Wonosobo,Bawang Merah,kg,25/02/2026,38000
Jawa Tengah,Kab. Wonosobo,Bawang Putih Honan,kg,25/02/2026,35000
Jawa Tengah,Kab. Magelang,Beras Medium,kg,25/02/2026,13400
Jawa Tengah,Kab. Magelang,Beras Premium,kg,25/02/2026,14900
Jawa Tengah,Kab. Magelang,Gula Pasir Curah,kg,25/02/2026,17000
Jawa Tengah,Kab. Magelang,Minyak Goreng Sawit Kemasan Premium,lt,25/02/2026,20000
Jawa Tengah,Kab. Magelang,Minyak Goreng Sawit Curah,lt,25/02/2026,17800
Jawa Tengah,Kab. Magelang,Minyakita,lt,25/02/2026,15700
Jawa Tengah,Kab. Magelang,Daging Sapi Paha Belakang,kg,25/02/2026,138000
Jawa Tengah,Kab. Magelang,Daging Ayam Ras,kg,25/02/2026,39000
Jawa Tengah,Kab. Magelang,Telur Ayam Ras,kg,25/02/2026,29000
Jawa Tengah,Kab. Magelang,Tepung Terigu,kg,25/02/2026,11500
Jawa Tengah,Kab. Magelang,Kedelai Impor,kg,25/02/2026,11700
Jawa Tengah,Kab. Magelang,Cabai Merah Keriting,kg,25/02/2026,35000
Jawa Tengah,Kab. Magelang,Cabai Rawit Merah,kg,25/02/2026,75000
Jawa Tengah,Kab. Magelang,Cabai Merah Besar,kg,25/02/2026,40000
Jawa Tengah,Kab. Magelang,Bawang Merah,kg,25/02/2026,40000
Jawa Tengah,Kab. Magelang,Bawang Putih Honan,kg,25/02/2026,34000
Jawa Tengah,Kab. Boyolali,Beras Medium,kg,25/02/2026,13000
Jawa Tengah,Kab. Boyolali,Beras Premium,kg,25/02/2026,14867
Jawa Tengah,Kab. Boyolali,Gula Pasir Curah,kg,25/02/2026,16500
Jawa Tengah,Kab. Boyolali,Minyak Goreng Sawit Kemasan Premium,lt,25/02/2026,21000
Jawa Tengah,Kab. Boyolali,Minyak Goreng Sawit Curah,lt,25/02/2026,17500
Jawa Tengah,Kab. Boyolali,Minyakita,lt,25/02/2026,15700
Jawa Tengah,Kab. Boyolali,Daging Sapi Paha Belakang,kg,25/02/2026,130000
Jawa Tengah,Kab. Boyolali,Daging Ayam Ras,kg,25/02/2026,39333
Jawa Tengah,Kab. Boyolali,Telur Ayam Ras,kg,25/02/2026,29333
Jawa Tengah,Kab. Boyolali,Tepung Terigu,kg,25/02/2026,11667
Jawa Tengah,Kab. Boyolali,Kedelai Impor,kg,25/02/2026,11667
Jawa Tengah,Kab. Boyolali,Cabai Merah Keriting,kg,25/02/2026,38333
Jawa Tengah,Kab. Boyolali,Cabai Rawit Merah,kg,25/02/2026,83333
Jawa Tengah,Kab. Boyolali,Cabai Merah Besar,kg,25/02/2026,38333
Jawa Tengah,Kab. Boyolali,Bawang Merah,kg,25/02/2026,40000
Jawa Tengah,Kab. Boyolali,Bawang Putih Honan,kg,25/02/2026,33000
Jawa Tengah,Kab. Klaten,Beras Medium,kg,25/02/2026,13500
Jawa Tengah,Kab. Klaten,Beras Premium,kg,25/02/2026,14900
Jawa Tengah,Kab. Klaten,Gula Pasir Curah,kg,25/02/2026,17500
Jawa Tengah,Kab. Klaten,Minyak Goreng Sawit Kemasan Premium,lt,25/02/2026,22000
Jawa Tengah,Kab. Klaten,Minyak Goreng Sawit Curah,lt,25/02/2026,18000
Jawa Tengah,Kab. Klaten,Minyakita,lt,25/02/2026,15700
Jawa Tengah,Kab. Klaten,Daging Sapi Paha Belakang,kg,25/02/2026,125000
Jawa Tengah,Kab. Klaten,Daging Ayam Ras,kg,25/02/2026,37000
Jawa Tengah,Kab. Klaten,Telur Ayam Ras,kg,25/02/2026,29000
Jawa Tengah,Kab. Klaten,Tepung Terigu,kg,25/02/2026,11333
Jawa Tengah,Kab. Klaten,Kedelai Impor,kg,25/02/2026,10333
Jawa Tengah,Kab. Klaten,Cabai Merah Keriting,kg,25/02/2026,38000
Jawa Tengah,Kab. Klaten,Cabai Rawit Merah,kg,25/02/2026,75333
Jawa Tengah,Kab. Klaten,Cabai Merah Besar,kg,25/02/2026,40000
Jawa Tengah,Kab. Klaten,Bawang Merah,kg,25/02/2026,40000
Jawa Tengah,Kab. Klaten,Bawang Putih Honan,kg,25/02/2026,30000
Jawa Tengah,Kab. Sukoharjo,Beras Medium,kg,25/02/2026,13000
Jawa Tengah,Kab. Sukoharjo,Beras Premium,kg,25/02/2026,14500
Jawa Tengah,Kab. Sukoharjo,Gula Pasir Curah,kg,25/02/2026,17000
Jawa Tengah,Kab. Sukoharjo,Minyak Goreng Sawit Kemasan Premium,lt,25/02/2026,20667
Jawa Tengah,Kab. Sukoharjo,Minyak Goreng Sawit Curah,lt,25/02/2026,17000
Jawa Tengah,Kab. Sukoharjo,Minyakita,lt,25/02/2026,15700
Jawa Tengah,Kab. Sukoharjo,Daging Sapi Paha Belakang,kg,25/02/2026,125000
Jawa Tengah,Kab. Sukoharjo,Daging Ayam Ras,kg,25/02/2026,40000
Jawa Tengah,Kab. Sukoharjo,Telur Ayam Ras,kg,25/02/2026,29000
Jawa Tengah,Kab. Sukoharjo,Tepung Terigu,kg,25/02/2026,12000
Jawa Tengah,Kab. Sukoharjo,Kedelai Impor,kg,25/02/2026,10000
Jawa Tengah,Kab. Sukoharjo,Cabai Merah Keriting,kg,25/02/2026,36667
Jawa Tengah,Kab. Sukoharjo,Cabai Rawit Merah,kg,25/02/2026,79333
Jawa Tengah,Kab. Sukoharjo,Cabai Merah Besar,kg,25/02/2026,33333
Jawa Tengah,Kab. Sukoharjo,Bawang Merah,kg,25/02/2026,40000
Jawa Tengah,Kab. Sukoharjo,Bawang Putih Honan,kg,25/02/2026,31333
Jawa Tengah,Kab. Wonogiri,Beras Medium,kg,25/02/2026,13583
Jawa Tengah,Kab. Wonogiri,Beras Premium,kg,25/02/2026,14500
Jawa Tengah,Kab. Wonogiri,Gula Pasir Curah,kg,25/02/2026,17000
Jawa Tengah,Kab. Wonogiri,Minyak Goreng Sawit Kemasan Premium,lt,25/02/2026,21000
Jawa Tengah,Kab. Wonogiri,Minyak Goreng Sawit Curah,lt,25/02/2026,19500
Jawa Tengah,Kab. Wonogiri,Minyakita,lt,25/02/2026,15700
Jawa Tengah,Kab. Wonogiri,Daging Sapi Paha Belakang,kg,25/02/2026,130000
Jawa Tengah,Kab. Wonogiri,Daging Ayam Ras,kg,25/02/2026,40667
Jawa Tengah,Kab. Wonogiri,Telur Ayam Ras,kg,25/02/2026,29500
Jawa Tengah,Kab. Wonogiri,Tepung Terigu,kg,25/02/2026,11833
Jawa Tengah,Kab. Wonogiri,Kedelai Impor,kg,25/02/2026,11167
Jawa Tengah,Kab. Wonogiri,Cabai Merah Keriting,kg,25/02/2026,26333
Jawa Tengah,Kab. Wonogiri,Cabai Rawit Merah,kg,25/02/2026,76667
Jawa Tengah,Kab. Wonogiri,Cabai Merah Besar,kg,25/02/2026,25667
Jawa Tengah,Kab. Wonogiri,Bawang Merah,kg,25/02/2026,39333
Jawa Tengah,Kab. Wonogiri,Bawang Putih Honan,kg,25/02/2026,0
Jawa Tengah,Kab. Karanganyar,Beras Medium,kg,25/02/2026,13000
Jawa Tengah,Kab. Karanganyar,Beras Premium,kg,25/02/2026,14667
Jawa Tengah,Kab. Karanganyar,Gula Pasir Curah,kg,25/02/2026,16500
Jawa Tengah,Kab. Karanganyar,Minyak Goreng Sawit Kemasan Premium,lt,25/02/2026,20000
Jawa Tengah,Kab. Karanganyar,Minyak Goreng Sawit Curah,lt,25/02/2026,19000
Jawa Tengah,Kab. Karanganyar,Minyakita,lt,25/02/2026,15500
Jawa Tengah,Kab. Karanganyar,Daging Sapi Paha Belakang,kg,25/02/2026,125000
Jawa Tengah,Kab. Karanganyar,Daging Ayam Ras,kg,25/02/2026,40000
Jawa Tengah,Kab. Karanganyar,Telur Ayam Ras,kg,25/02/2026,30000
Jawa Tengah,Kab. Karanganyar,Tepung Terigu,kg,25/02/2026,12000
Jawa Tengah,Kab. Karanganyar,Kedelai Impor,kg,25/02/2026,9600
Jawa Tengah,Kab. Karanganyar,Cabai Merah Keriting,kg,25/02/2026,40000
Jawa Tengah,Kab. Karanganyar,Cabai Rawit Merah,kg,25/02/2026,100000
Jawa Tengah,Kab. Karanganyar,Cabai Merah Besar,kg,25/02/2026,40000
Jawa Tengah,Kab. Karanganyar,Bawang Merah,kg,25/02/2026,40000
Jawa Tengah,Kab. Karanganyar,Bawang Putih Honan,kg,25/02/2026,30000
Jawa Tengah,Kab. Sragen,Beras Medium,kg,25/02/2026,13400
Jawa Tengah,Kab. Sragen,Beras Premium,kg,25/02/2026,14400
Jawa Tengah,Kab. Sragen,Gula Pasir Curah,kg,25/02/2026,16750
Jawa Tengah,Kab. Sragen,Minyak Goreng Sawit Kemasan Premium,lt,25/02/2026,19750
Jawa Tengah,Kab. Sragen,Minyak Goreng Sawit Curah,lt,25/02/2026,18600
Jawa Tengah,Kab. Sragen,Minyakita,lt,25/02/2026,15700
Jawa Tengah,Kab. Sragen,Daging Sapi Paha Belakang,kg,25/02/2026,120000
Jawa Tengah,Kab. Sragen,Daging Ayam Ras,kg,25/02/2026,40000
Jawa Tengah,Kab. Sragen,Telur Ayam Ras,kg,25/02/2026,30167
Jawa Tengah,Kab. Sragen,Tepung Terigu,kg,25/02/2026,12000
Jawa Tengah,Kab. Sragen,Kedelai Impor,kg,25/02/2026,9650
Jawa Tengah,Kab. Sragen,Cabai Merah Keriting,kg,25/02/2026,28000
Jawa Tengah,Kab. Sragen,Cabai Rawit Merah,kg,25/02/2026,71333
Jawa Tengah,Kab. Sragen,Cabai Merah Besar,kg,25/02/2026,22000
Jawa Tengah,Kab. Sragen,Bawang Merah,kg,25/02/2026,40000
Jawa Tengah,Kab. Sragen,Bawang Putih Honan,kg,25/02/2026,31333
Jawa Tengah,Kab. Grobogan,Beras Medium,kg,25/02/2026,13000
Jawa Tengah,Kab. Grobogan,Beras Premium,kg,25/02/2026,14825
Jawa Tengah,Kab. Grobogan,Gula Pasir Curah,kg,25/02/2026,17000
Jawa Tengah,Kab. Grobogan,Minyak Goreng Sawit Kemasan Premium,lt,25/02/2026,19000
Jawa Tengah,Kab. Grobogan,Minyak Goreng Sawit Curah,lt,25/02/2026,16000
Jawa Tengah,Kab. Grobogan,Minyakita,lt,25/02/2026,15700
Jawa Tengah,Kab. Grobogan,Daging Sapi Paha Belakang,kg,25/02/2026,130000
Jawa Tengah,Kab. Grobogan,Daging Ayam Ras,kg,25/02/2026,40000
Jawa Tengah,Kab. Grobogan,Telur Ayam Ras,kg,25/02/2026,30000
Jawa Tengah,Kab. Grobogan,Tepung Terigu,kg,25/02/2026,10500
Jawa Tengah,Kab. Grobogan,Kedelai Impor,kg,25/02/2026,11000
Jawa Tengah,Kab. Grobogan,Cabai Merah Keriting,kg,25/02/2026,30000
Jawa Tengah,Kab. Grobogan,Cabai Rawit Merah,kg,25/02/2026,65000
Jawa Tengah,Kab. Grobogan,Cabai Merah Besar,kg,25/02/2026,48000
Jawa Tengah,Kab. Grobogan,Bawang Merah,kg,25/02/2026,37000
Jawa Tengah,Kab. Grobogan,Bawang Putih Honan,kg,25/02/2026,31000
Jawa Tengah,Kab. Blora,Beras Medium,kg,25/02/2026,11642
Jawa Tengah,Kab. Blora,Beras Premium,kg,25/02/2026,13575
Jawa Tengah,Kab. Blora,Gula Pasir Curah,kg,25/02/2026,16500
Jawa Tengah,Kab. Blora,Minyak Goreng Sawit Kemasan Premium,lt,25/02/2026,19300
Jawa Tengah,Kab. Blora,Minyak Goreng Sawit Curah,lt,25/02/2026,16300
Jawa Tengah,Kab. Blora,Minyakita,lt,25/02/2026,15700
Jawa Tengah,Kab. Blora,Daging Sapi Paha Belakang,kg,25/02/2026,125000
Jawa Tengah,Kab. Blora,Daging Ayam Ras,kg,25/02/2026,40000
Jawa Tengah,Kab. Blora,Telur Ayam Ras,kg,25/02/2026,29667
Jawa Tengah,Kab. Blora,Tepung Terigu,kg,25/02/2026,12300
Jawa Tengah,Kab. Blora,Kedelai Impor,kg,25/02/2026,11500
Jawa Tengah,Kab. Blora,Cabai Merah Keriting,kg,25/02/2026,29333
Jawa Tengah,Kab. Blora,Cabai Rawit Merah,kg,25/02/2026,60333
Jawa Tengah,Kab. Blora,Cabai Merah Besar,kg,25/02/2026,0
Jawa Tengah,Kab. Blora,Bawang Merah,kg,25/02/2026,35333
Jawa Tengah,Kab. Blora,Bawang Putih Honan,kg,25/02/2026,30333
Jawa Tengah,Kab. Rembang,Beras Medium,kg,25/02/2026,13333
Jawa Tengah,Kab. Rembang,Beras Premium,kg,25/02/2026,14900
Jawa Tengah,Kab. Rembang,Gula Pasir Curah,kg,25/02/2026,16333
Jawa Tengah,Kab. Rembang,Minyak Goreng Sawit Kemasan Premium,lt,25/02/2026,21000
Jawa Tengah,Kab. Rembang,Minyak Goreng Sawit Curah,lt,25/02/2026,18822
Jawa Tengah,Kab. Rembang,Minyakita,lt,25/02/2026,15633
Jawa Tengah,Kab. Rembang,Daging Sapi Paha Belakang,kg,25/02/2026,125000
Jawa Tengah,Kab. Rembang,Daging Ayam Ras,kg,25/02/2026,39000
Jawa Tengah,Kab. Rembang,Telur Ayam Ras,kg,25/02/2026,31000
Jawa Tengah,Kab. Rembang,Tepung Terigu,kg,25/02/2026,11500
Jawa Tengah,Kab. Rembang,Kedelai Impor,kg,25/02/2026,11167
Jawa Tengah,Kab. Rembang,Cabai Merah Keriting,kg,25/02/2026,28000
Jawa Tengah,Kab. Rembang,Cabai Rawit Merah,kg,25/02/2026,86667
Jawa Tengah,Kab. Rembang,Cabai Merah Besar,kg,25/02/2026,61667
Jawa Tengah,Kab. Rembang,Bawang Merah,kg,25/02/2026,42333
Jawa Tengah,Kab. Rembang,Bawang Putih Honan,kg,25/02/2026,34000
Jawa Tengah,Kab. Pati,Beras Medium,kg,25/02/2026,13500
Jawa Tengah,Kab. Pati,Beras Premium,kg,25/02/2026,14650
Jawa Tengah,Kab. Pati,Gula Pasir Curah,kg,25/02/2026,17000
Jawa Tengah,Kab. Pati,Minyak Goreng Sawit Kemasan Premium,lt,25/02/2026,20000
Jawa Tengah,Kab. Pati,Minyak Goreng Sawit Curah,lt,25/02/2026,18000
Jawa Tengah,Kab. Pati,Minyakita,lt,25/02/2026,15700
Jawa Tengah,Kab. Pati,Daging Sapi Paha Belakang,kg,25/02/2026,125000
Jawa Tengah,Kab. Pati,Daging Ayam Ras,kg,25/02/2026,40000
Jawa Tengah,Kab. Pati,Telur Ayam Ras,kg,25/02/2026,31000
Jawa Tengah,Kab. Pati,Tepung Terigu,kg,25/02/2026,12500
Jawa Tengah,Kab. Pati,Kedelai Impor,kg,25/02/2026,10500
Jawa Tengah,Kab. Pati,Cabai Merah Keriting,kg,25/02/2026,40000
Jawa Tengah,Kab. Pati,Cabai Rawit Merah,kg,25/02/2026,90000
Jawa Tengah,Kab. Pati,Cabai Merah Besar,kg,25/02/2026,50000
Jawa Tengah,Kab. Pati,Bawang Merah,kg,25/02/2026,40000
Jawa Tengah,Kab. Pati,Bawang Putih Honan,kg,25/02/2026,36000
Jawa Tengah,Kab. Kudus,Beras Medium,kg,25/02/2026,13500
Jawa Tengah,Kab. Kudus,Beras Premium,kg,25/02/2026,14900
Jawa Tengah,Kab. Kudus,Gula Pasir Curah,kg,25/02/2026,16500
Jawa Tengah,Kab. Kudus,Minyak Goreng Sawit Kemasan Premium,lt,25/02/2026,19500
Jawa Tengah,Kab. Kudus,Minyak Goreng Sawit Curah,lt,25/02/2026,17000
Jawa Tengah,Kab. Kudus,Minyakita,lt,25/02/2026,15700
Jawa Tengah,Kab. Kudus,Daging Sapi Paha Belakang,kg,25/02/2026,125000
Jawa Tengah,Kab. Kudus,Daging Ayam Ras,kg,25/02/2026,36000
Jawa Tengah,Kab. Kudus,Telur Ayam Ras,kg,25/02/2026,30000
Jawa Tengah,Kab. Kudus,Tepung Terigu,kg,25/02/2026,12000
Jawa Tengah,Kab. Kudus,Kedelai Impor,kg,25/02/2026,11500
Jawa Tengah,Kab. Kudus,Cabai Merah Keriting,kg,25/02/2026,30000
Jawa Tengah,Kab. Kudus,Cabai Rawit Merah,kg,25/02/2026,65000
Jawa Tengah,Kab. Kudus,Cabai Merah Besar,kg,25/02/2026,40000
Jawa Tengah,Kab. Kudus,Bawang Merah,kg,25/02/2026,45000
Jawa Tengah,Kab. Kudus,Bawang Putih Honan,kg,25/02/2026,0
Jawa Tengah,Kab. Jepara,Beras Medium,kg,25/02/2026,13000
Jawa Tengah,Kab. Jepara,Beras Premium,kg,25/02/2026,14900
Jawa Tengah,Kab. Jepara,Gula Pasir Curah,kg,25/02/2026,17000
Jawa Tengah,Kab. Jepara,Minyak Goreng Sawit Kemasan Premium,lt,25/02/2026,21000
Jawa Tengah,Kab. Jepara,Minyak Goreng Sawit Curah,lt,25/02/2026,18000
Jawa Tengah,Kab. Jepara,Minyakita,lt,25/02/2026,15500
Jawa Tengah,Kab. Jepara,Daging Sapi Paha Belakang,kg,25/02/2026,130000
Jawa Tengah,Kab. Jepara,Daging Ayam Ras,kg,25/02/2026,40000
Jawa Tengah,Kab. Jepara,Telur Ayam Ras,kg,25/02/2026,30500
Jawa Tengah,Kab. Jepara,Tepung Terigu,kg,25/02/2026,12000
Jawa Tengah,Kab. Jepara,Kedelai Impor,kg,25/02/2026,10500
Jawa Tengah,Kab. Jepara,Cabai Merah Keriting,kg,25/02/2026,40000
Jawa Tengah,Kab. Jepara,Cabai Rawit Merah,kg,25/02/2026,80000
Jawa Tengah,Kab. Jepara,Cabai Merah Besar,kg,25/02/2026,40000
Jawa Tengah,Kab. Jepara,Bawang Merah,kg,25/02/2026,38000
Jawa Tengah,Kab. Jepara,Bawang Putih Honan,kg,25/02/2026,32000
Jawa Tengah,Kab. Demak,Beras Medium,kg,25/02/2026,12800
Jawa Tengah,Kab. Demak,Beras Premium,kg,25/02/2026,14250
Jawa Tengah,Kab. Demak,Gula Pasir Curah,kg,25/02/2026,16500
Jawa Tengah,Kab. Demak,Minyak Goreng Sawit Kemasan Premium,lt,25/02/2026,20250
Jawa Tengah,Kab. Demak,Minyak Goreng Sawit Curah,lt,25/02/2026,16167
Jawa Tengah,Kab. Demak,Minyakita,lt,25/02/2026,15350
Jawa Tengah,Kab. Demak,Daging Sapi Paha Belakang,kg,25/02/2026,130000
Jawa Tengah,Kab. Demak,Daging Ayam Ras,kg,25/02/2026,35000
Jawa Tengah,Kab. Demak,Telur Ayam Ras,kg,25/02/2026,28000
Jawa Tengah,Kab. Demak,Tepung Terigu,kg,25/02/2026,11250
Jawa Tengah,Kab. Demak,Kedelai Impor,kg,25/02/2026,10000
Jawa Tengah,Kab. Demak,Cabai Merah Keriting,kg,25/02/2026,30000
Jawa Tengah,Kab. Demak,Cabai Rawit Merah,kg,25/02/2026,45667
Jawa Tengah,Kab. Demak,Cabai Merah Besar,kg,25/02/2026,34667
Jawa Tengah,Kab. Demak,Bawang Merah,kg,25/02/2026,34333
Jawa Tengah,Kab. Demak,Bawang Putih Honan,kg,25/02/2026,30000
Jawa Tengah,Kab. Semarang,Beras Medium,kg,25/02/2026,13833
Jawa Tengah,Kab. Semarang,Beras Premium,kg,25/02/2026,15167
Jawa Tengah,Kab. Semarang,Gula Pasir Curah,kg,25/02/2026,17333
Jawa Tengah,Kab. Semarang,Minyak Goreng Sawit Kemasan Premium,lt,25/02/2026,21500
Jawa Tengah,Kab. Semarang,Minyak Goreng Sawit Curah,lt,25/02/2026,18900
Jawa Tengah,Kab. Semarang,Minyakita,lt,25/02/2026,15600
Jawa Tengah,Kab. Semarang,Daging Sapi Paha Belakang,kg,25/02/2026,136667
Jawa Tengah,Kab. Semarang,Daging Ayam Ras,kg,25/02/2026,37500
Jawa Tengah,Kab. Semarang,Telur Ayam Ras,kg,25/02/2026,30000
Jawa Tengah,Kab. Semarang,Tepung Terigu,kg,25/02/2026,12000
Jawa Tengah,Kab. Semarang,Kedelai Impor,kg,25/02/2026,10000
Jawa Tengah,Kab. Semarang,Cabai Merah Keriting,kg,25/02/2026,43333
Jawa Tengah,Kab. Semarang,Cabai Rawit Merah,kg,25/02/2026,80000
Jawa Tengah,Kab. Semarang,Cabai Merah Besar,kg,25/02/2026,45000
Jawa Tengah,Kab. Semarang,Bawang Merah,kg,25/02/2026,42000
Jawa Tengah,Kab. Semarang,Bawang Putih Honan,kg,25/02/2026,34167
Jawa Tengah,Kab. Temanggung,Beras Medium,kg,25/02/2026,13500
Jawa Tengah,Kab. Temanggung,Beras Premium,kg,25/02/2026,14800
Jawa Tengah,Kab. Temanggung,Gula Pasir Curah,kg,25/02/2026,16750
Jawa Tengah,Kab. Temanggung,Minyak Goreng Sawit Kemasan Premium,lt,25/02/2026,19000
Jawa Tengah,Kab. Temanggung,Minyak Goreng Sawit Curah,lt,25/02/2026,19000
Jawa Tengah,Kab. Temanggung,Minyakita,lt,25/02/2026,15700
Jawa Tengah,Kab. Temanggung,Daging Sapi Paha Belakang,kg,25/02/2026,135000
Jawa Tengah,Kab. Temanggung,Daging Ayam Ras,kg,25/02/2026,39000
Jawa Tengah,Kab. Temanggung,Telur Ayam Ras,kg,25/02/2026,29000
Jawa Tengah,Kab. Temanggung,Tepung Terigu,kg,25/02/2026,11750
Jawa Tengah,Kab. Temanggung,Kedelai Impor,kg,25/02/2026,9700
Jawa Tengah,Kab. Temanggung,Cabai Merah Keriting,kg,25/02/2026,42500
Jawa Tengah,Kab. Temanggung,Cabai Rawit Merah,kg,25/02/2026,77500
Jawa Tengah,Kab. Temanggung,Cabai Merah Besar,kg,25/02/2026,45000
Jawa Tengah,Kab. Temanggung,Bawang Merah,kg,25/02/2026,45000
Jawa Tengah,Kab. Temanggung,Bawang Putih Honan,kg,25/02/2026,34000
Jawa Tengah,Kab. Kendal,Beras Medium,kg,25/02/2026,13500
Jawa Tengah,Kab. Kendal,Beras Premium,kg,25/02/2026,14900
Jawa Tengah,Kab. Kendal,Gula Pasir Curah,kg,25/02/2026,17167
Jawa Tengah,Kab. Kendal,Minyak Goreng Sawit Kemasan Premium,lt,25/02/2026,21000
Jawa Tengah,Kab. Kendal,Minyak Goreng Sawit Curah,lt,25/02/2026,17700
Jawa Tengah,Kab. Kendal,Minyakita,lt,25/02/2026,15700
Jawa Tengah,Kab. Kendal,Daging Sapi Paha Belakang,kg,25/02/2026,135000
Jawa Tengah,Kab. Kendal,Daging Ayam Ras,kg,25/02/2026,40000
Jawa Tengah,Kab. Kendal,Telur Ayam Ras,kg,25/02/2026,29500
Jawa Tengah,Kab. Kendal,Tepung Terigu,kg,25/02/2026,11667
Jawa Tengah,Kab. Kendal,Kedelai Impor,kg,25/02/2026,9800
Jawa Tengah,Kab. Kendal,Cabai Merah Keriting,kg,25/02/2026,29000
Jawa Tengah,Kab. Kendal,Cabai Rawit Merah,kg,25/02/2026,70000
Jawa Tengah,Kab. Kendal,Cabai Merah Besar,kg,25/02/2026,30000
Jawa Tengah,Kab. Kendal,Bawang Merah,kg,25/02/2026,42333
Jawa Tengah,Kab. Kendal,Bawang Putih Honan,kg,25/02/2026,31333
Jawa Tengah,Kab. Batang,Beras Medium,kg,25/02/2026,13200
Jawa Tengah,Kab. Batang,Beras Premium,kg,25/02/2026,14700
Jawa Tengah,Kab. Batang,Gula Pasir Curah,kg,25/02/2026,16500
Jawa Tengah,Kab. Batang,Minyak Goreng Sawit Kemasan Premium,lt,25/02/2026,19500
Jawa Tengah,Kab. Batang,Minyak Goreng Sawit Curah,lt,25/02/2026,17100
Jawa Tengah,Kab. Batang,Minyakita,lt,25/02/2026,15700
Jawa Tengah,Kab. Batang,Daging Sapi Paha Belakang,kg,25/02/2026,130000
Jawa Tengah,Kab. Batang,Daging Ayam Ras,kg,25/02/2026,40000
Jawa Tengah,Kab. Batang,Telur Ayam Ras,kg,25/02/2026,30000
Jawa Tengah,Kab. Batang,Tepung Terigu,kg,25/02/2026,11500
Jawa Tengah,Kab. Batang,Kedelai Impor,kg,25/02/2026,10500
Jawa Tengah,Kab. Batang,Cabai Merah Keriting,kg,25/02/2026,40000
Jawa Tengah,Kab. Batang,Cabai Rawit Merah,kg,25/02/2026,74000
Jawa Tengah,Kab. Batang,Cabai Merah Besar,kg,25/02/2026,35000
Jawa Tengah,Kab. Batang,Bawang Merah,kg,25/02/2026,39000
Jawa Tengah,Kab. Batang,Bawang Putih Honan,kg,25/02/2026,32000
Jawa Tengah,Kab. Pekalongan,Beras Medium,kg,25/02/2026,13200
Jawa Tengah,Kab. Pekalongan,Beras Premium,kg,25/02/2026,14500
Jawa Tengah,Kab. Pekalongan,Gula Pasir Curah,kg,25/02/2026,17000
Jawa Tengah,Kab. Pekalongan,Minyak Goreng Sawit Kemasan Premium,lt,25/02/2026,21000
Jawa Tengah,Kab. Pekalongan,Minyak Goreng Sawit Curah,lt,25/02/2026,17550
Jawa Tengah,Kab. Pekalongan,Minyakita,lt,25/02/2026,15700
Jawa Tengah,Kab. Pekalongan,Daging Sapi Paha Belakang,kg,25/02/2026,140000
Jawa Tengah,Kab. Pekalongan,Daging Ayam Ras,kg,25/02/2026,42000
Jawa Tengah,Kab. Pekalongan,Telur Ayam Ras,kg,25/02/2026,30000
Jawa Tengah,Kab. Pekalongan,Tepung Terigu,kg,25/02/2026,12000
Jawa Tengah,Kab. Pekalongan,Kedelai Impor,kg,25/02/2026,9800
Jawa Tengah,Kab. Pekalongan,Cabai Merah Keriting,kg,25/02/2026,38000
Jawa Tengah,Kab. Pekalongan,Cabai Rawit Merah,kg,25/02/2026,70000
Jawa Tengah,Kab. Pekalongan,Cabai Merah Besar,kg,25/02/2026,28000
Jawa Tengah,Kab. Pekalongan,Bawang Merah,kg,25/02/2026,39000
Jawa Tengah,Kab. Pekalongan,Bawang Putih Honan,kg,25/02/2026,33000
Jawa Tengah,Kab. Pemalang,Beras Medium,kg,25/02/2026,13000
Jawa Tengah,Kab. Pemalang,Beras Premium,kg,25/02/2026,14800
Jawa Tengah,Kab. Pemalang,Gula Pasir Curah,kg,25/02/2026,17167
Jawa Tengah,Kab. Pemalang,Minyak Goreng Sawit Kemasan Premium,lt,25/02/2026,21000
Jawa Tengah,Kab. Pemalang,Minyak Goreng Sawit Curah,lt,25/02/2026,17167
Jawa Tengah,Kab. Pemalang,Minyakita,lt,25/02/2026,15700
Jawa Tengah,Kab. Pemalang,Daging Sapi Paha Belakang,kg,25/02/2026,130000
Jawa Tengah,Kab. Pemalang,Daging Ayam Ras,kg,25/02/2026,40000
Jawa Tengah,Kab. Pemalang,Telur Ayam Ras,kg,25/02/2026,30000
Jawa Tengah,Kab. Pemalang,Tepung Terigu,kg,25/02/2026,12000
Jawa Tengah,Kab. Pemalang,Kedelai Impor,kg,25/02/2026,11500
Jawa Tengah,Kab. Pemalang,Cabai Merah Keriting,kg,25/02/2026,43667
Jawa Tengah,Kab. Pemalang,Cabai Rawit Merah,kg,25/02/2026,65000
Jawa Tengah,Kab. Pemalang,Cabai Merah Besar,kg,25/02/2026,34000
Jawa Tengah,Kab. Pemalang,Bawang Merah,kg,25/02/2026,41333
Jawa Tengah,Kab. Pemalang,Bawang Putih Honan,kg,25/02/2026,32667
Jawa Tengah,Kab. Tegal,Beras Medium,kg,25/02/2026,13167
Jawa Tengah,Kab. Tegal,Beras Premium,kg,25/02/2026,14300
Jawa Tengah,Kab. Tegal,Gula Pasir Curah,kg,25/02/2026,17000
Jawa Tengah,Kab. Tegal,Minyak Goreng Sawit Kemasan Premium,lt,25/02/2026,21167
Jawa Tengah,Kab. Tegal,Minyak Goreng Sawit Curah,lt,25/02/2026,17917
Jawa Tengah,Kab. Tegal,Minyakita,lt,25/02/2026,15700
Jawa Tengah,Kab. Tegal,Daging Sapi Paha Belakang,kg,25/02/2026,136667
Jawa Tengah,Kab. Tegal,Daging Ayam Ras,kg,25/02/2026,40000
Jawa Tengah,Kab. Tegal,Telur Ayam Ras,kg,25/02/2026,29667
Jawa Tengah,Kab. Tegal,Tepung Terigu,kg,25/02/2026,11000
Jawa Tengah,Kab. Tegal,Kedelai Impor,kg,25/02/2026,9983
Jawa Tengah,Kab. Tegal,Cabai Merah Keriting,kg,25/02/2026,27500
Jawa Tengah,Kab. Tegal,Cabai Rawit Merah,kg,25/02/2026,67500
Jawa Tengah,Kab. Tegal,Cabai Merah Besar,kg,25/02/2026,25000
Jawa Tengah,Kab. Tegal,Bawang Merah,kg,25/02/2026,41333
Jawa Tengah,Kab. Tegal,Bawang Putih Honan,kg,25/02/2026,30333
Jawa Tengah,Kab. Brebes,Beras Medium,kg,25/02/2026,13500
Jawa Tengah,Kab. Brebes,Beras Premium,kg,25/02/2026,14633
Jawa Tengah,Kab. Brebes,Gula Pasir Curah,kg,25/02/2026,17500
Jawa Tengah,Kab. Brebes,Minyak Goreng Sawit Kemasan Premium,lt,25/02/2026,21333
Jawa Tengah,Kab. Brebes,Minyak Goreng Sawit Curah,lt,25/02/2026,18667
Jawa Tengah,Kab. Brebes,Minyakita,lt,25/02/2026,15700
Jawa Tengah,Kab. Brebes,Daging Sapi Paha Belakang,kg,25/02/2026,140000
Jawa Tengah,Kab. Brebes,Daging Ayam Ras,kg,25/02/2026,40000
Jawa Tengah,Kab. Brebes,Telur Ayam Ras,kg,25/02/2026,28500
Jawa Tengah,Kab. Brebes,Tepung Terigu,kg,25/02/2026,12000
Jawa Tengah,Kab. Brebes,Kedelai Impor,kg,25/02/2026,0
Jawa Tengah,Kab. Brebes,Cabai Merah Keriting,kg,25/02/2026,35000
Jawa Tengah,Kab. Brebes,Cabai Rawit Merah,kg,25/02/2026,70000
Jawa Tengah,Kab. Brebes,Cabai Merah Besar,kg,25/02/2026,34000
Jawa Tengah,Kab. Brebes,Bawang Merah,kg,25/02/2026,34500
Jawa Tengah,Kab. Brebes,Bawang Putih Honan,kg,25/02/2026,35000
Jawa Tengah,Kota Magelang,Beras Medium,kg,25/02/2026,13500
Jawa Tengah,Kota Magelang,Beras Premium,kg,25/02/2026,14833
Jawa Tengah,Kota Magelang,Gula Pasir Curah,kg,25/02/2026,16833
Jawa Tengah,Kota Magelang,Minyak Goreng Sawit Kemasan Premium,lt,25/02/2026,20333
Jawa Tengah,Kota Magelang,Minyak Goreng Sawit Curah,lt,25/02/2026,16500
Jawa Tengah,Kota Magelang,Minyakita,lt,25/02/2026,15700
Jawa Tengah,Kota Magelang,Daging Sapi Paha Belakang,kg,25/02/2026,135000
Jawa Tengah,Kota Magelang,Daging Ayam Ras,kg,25/02/2026,38667
Jawa Tengah,Kota Magelang,Telur Ayam Ras,kg,25/02/2026,28667
Jawa Tengah,Kota Magelang,Tepung Terigu,kg,25/02/2026,12000
Jawa Tengah,Kota Magelang,Kedelai Impor,kg,25/02/2026,11000
Jawa Tengah,Kota Magelang,Cabai Merah Keriting,kg,25/02/2026,41667
Jawa Tengah,Kota Magelang,Cabai Rawit Merah,kg,25/02/2026,74333
Jawa Tengah,Kota Magelang,Cabai Merah Besar,kg,25/02/2026,45333
Jawa Tengah,Kota Magelang,Bawang Merah,kg,25/02/2026,40000
Jawa Tengah,Kota Magelang,Bawang Putih Honan,kg,25/02/2026,32667
Jawa Tengah,Kota Surakarta,Beras Medium,kg,25/02/2026,13583
Jawa Tengah,Kota Surakarta,Beras Premium,kg,25/02/2026,15750
Jawa Tengah,Kota Surakarta,Gula Pasir Curah,kg,25/02/2026,17000
Jawa Tengah,Kota Surakarta,Minyak Goreng Sawit Kemasan Premium,lt,25/02/2026,21667
Jawa Tengah,Kota Surakarta,Minyak Goreng Sawit Curah,lt,25/02/2026,20000
Jawa Tengah,Kota Surakarta,Minyakita,lt,25/02/2026,15700
Jawa Tengah,Kota Surakarta,Daging Sapi Paha Belakang,kg,25/02/2026,135000
Jawa Tengah,Kota Surakarta,Daging Ayam Ras,kg,25/02/2026,40000
Jawa Tengah,Kota Surakarta,Telur Ayam Ras,kg,25/02/2026,29000
Jawa Tengah,Kota Surakarta,Tepung Terigu,kg,25/02/2026,11250
Jawa Tengah,Kota Surakarta,Kedelai Impor,kg,25/02/2026,12000
Jawa Tengah,Kota Surakarta,Cabai Merah Keriting,kg,25/02/2026,20667
Jawa Tengah,Kota Surakarta,Cabai Rawit Merah,kg,25/02/2026,69000
Jawa Tengah,Kota Surakarta,Cabai Merah Besar,kg,25/02/2026,19000
Jawa Tengah,Kota Surakarta,Bawang Merah,kg,25/02/2026,36000
Jawa Tengah,Kota Surakarta,Bawang Putih Honan,kg,25/02/2026,28000
Jawa Tengah,Kota Salatiga,Beras Medium,kg,25/02/2026,13433
Jawa Tengah,Kota Salatiga,Beras Premium,kg,25/02/2026,14267
Jawa Tengah,Kota Salatiga,Gula Pasir Curah,kg,25/02/2026,17500
Jawa Tengah,Kota Salatiga,Minyak Goreng Sawit Kemasan Premium,lt,25/02/2026,22000
Jawa Tengah,Kota Salatiga,Minyak Goreng Sawit Curah,lt,25/02/2026,17100
Jawa Tengah,Kota Salatiga,Minyakita,lt,25/02/2026,15700
Jawa Tengah,Kota Salatiga,Daging Sapi Paha Belakang,kg,25/02/2026,120000
Jawa Tengah,Kota Salatiga,Daging Ayam Ras,kg,25/02/2026,39333
Jawa Tengah,Kota Salatiga,Telur Ayam Ras,kg,25/02/2026,29000
Jawa Tengah,Kota Salatiga,Tepung Terigu,kg,25/02/2026,12000
Jawa Tengah,Kota Salatiga,Kedelai Impor,kg,25/02/2026,12000
Jawa Tengah,Kota Salatiga,Cabai Merah Keriting,kg,25/02/2026,35000
Jawa Tengah,Kota Salatiga,Cabai Rawit Merah,kg,25/02/2026,70000
Jawa Tengah,Kota Salatiga,Cabai Merah Besar,kg,25/02/2026,40000
Jawa Tengah,Kota Salatiga,Bawang Merah,kg,25/02/2026,48667
Jawa Tengah,Kota Salatiga,Bawang Putih Honan,kg,25/02/2026,31333
Jawa Tengah,Kota Semarang,Beras Medium,kg,25/02/2026,13792
Jawa Tengah,Kota Semarang,Beras Premium,kg,25/02/2026,15292
Jawa Tengah,Kota Semarang,Gula Pasir Curah,kg,25/02/2026,17000
Jawa Tengah,Kota Semarang,Minyak Goreng Sawit Kemasan Premium,lt,25/02/2026,21500
Jawa Tengah,Kota Semarang,Minyak Goreng Sawit Curah,lt,25/02/2026,19833
Jawa Tengah,Kota Semarang,Minyakita,lt,25/02/2026,15700
Jawa Tengah,Kota Semarang,Daging Sapi Paha Belakang,kg,25/02/2026,130000
Jawa Tengah,Kota Semarang,Daging Ayam Ras,kg,25/02/2026,39833
Jawa Tengah,Kota Semarang,Telur Ayam Ras,kg,25/02/2026,30000
Jawa Tengah,Kota Semarang,Tepung Terigu,kg,25/02/2026,11750
Jawa Tengah,Kota Semarang,Kedelai Impor,kg,25/02/2026,0
Jawa Tengah,Kota Semarang,Cabai Merah Keriting,kg,25/02/2026,27667
Jawa Tengah,Kota Semarang,Cabai Rawit Merah,kg,25/02/2026,66000
Jawa Tengah,Kota Semarang,Cabai Merah Besar,kg,25/02/2026,33833
Jawa Tengah,Kota Semarang,Bawang Merah,kg,25/02/2026,43667
Jawa Tengah,Kota Semarang,Bawang Putih Honan,kg,25/02/2026,0
Jawa Tengah,Kota Pekalongan,Beras Medium,kg,25/02/2026,13500
Jawa Tengah,Kota Pekalongan,Beras Premium,kg,25/02/2026,14900
Jawa Tengah,Kota Pekalongan,Gula Pasir Curah,kg,25/02/2026,17000
Jawa Tengah,Kota Pekalongan,Minyak Goreng Sawit Kemasan Premium,lt,25/02/2026,21000
Jawa Tengah,Kota Pekalongan,Minyak Goreng Sawit Curah,lt,25/02/2026,18450
Jawa Tengah,Kota Pekalongan,Minyakita,lt,25/02/2026,15700
Jawa Tengah,Kota Pekalongan,Daging Sapi Paha Belakang,kg,25/02/2026,130000
Jawa Tengah,Kota Pekalongan,Daging Ayam Ras,kg,25/02/2026,42000
Jawa Tengah,Kota Pekalongan,Telur Ayam Ras,kg,25/02/2026,30000
Jawa Tengah,Kota Pekalongan,Tepung Terigu,kg,25/02/2026,11000
Jawa Tengah,Kota Pekalongan,Kedelai Impor,kg,25/02/2026,10000
Jawa Tengah,Kota Pekalongan,Cabai Merah Keriting,kg,25/02/2026,35000
Jawa Tengah,Kota Pekalongan,Cabai Rawit Merah,kg,25/02/2026,80000
Jawa Tengah,Kota Pekalongan,Cabai Merah Besar,kg,25/02/2026,28000
Jawa Tengah,Kota Pekalongan,Bawang Merah,kg,25/02/2026,48000
Jawa Tengah,Kota Pekalongan,Bawang Putih Honan,kg,25/02/2026,0
Jawa Tengah,Kota Tegal,Beras Medium,kg,25/02/2026,13250
Jawa Tengah,Kota Tegal,Beras Premium,kg,25/02/2026,14900
Jawa Tengah,Kota Tegal,Gula Pasir Curah,kg,25/02/2026,17333
Jawa Tengah,Kota Tegal,Minyak Goreng Sawit Kemasan Premium,lt,25/02/2026,21500
Jawa Tengah,Kota Tegal,Minyak Goreng Sawit Curah,lt,25/02/2026,17700
Jawa Tengah,Kota Tegal,Minyakita,lt,25/02/2026,15700
Jawa Tengah,Kota Tegal,Daging Sapi Paha Belakang,kg,25/02/2026,145000
Jawa Tengah,Kota Tegal,Daging Ayam Ras,kg,25/02/2026,43000
Jawa Tengah,Kota Tegal,Telur Ayam Ras,kg,25/02/2026,30833
Jawa Tengah,Kota Tegal,Tepung Terigu,kg,25/02/2026,11833
Jawa Tengah,Kota Tegal,Kedelai Impor,kg,25/02/2026,10200
Jawa Tengah,Kota Tegal,Cabai Merah Keriting,kg,25/02/2026,38333
Jawa Tengah,Kota Tegal,Cabai Rawit Merah,kg,25/02/2026,81667
Jawa Tengah,Kota Tegal,Cabai Merah Besar,kg,25/02/2026,28333
Jawa Tengah,Kota Tegal,Bawang Merah,kg,25/02/2026,45000
Jawa Tengah,Kota Tegal,Bawang Putih Honan,kg,25/02/2026,34667
Jawa Tengah,Kab. Cilacap,Beras Medium,kg,26/02/2026,13500
Jawa Tengah,Kab. Cilacap,Beras Premium,kg,26/02/2026,14500
Jawa Tengah,Kab. Cilacap,Gula Pasir Curah,kg,26/02/2026,17333
Jawa Tengah,Kab. Cilacap,Minyak Goreng Sawit Kemasan Premium,lt,26/02/2026,22000
Jawa Tengah,Kab. Cilacap,Minyak Goreng Sawit Curah,lt,26/02/2026,18000
Jawa Tengah,Kab. Cilacap,Minyakita,lt,26/02/2026,15700
Jawa Tengah,Kab. Cilacap,Daging Sapi Paha Belakang,kg,26/02/2026,140000
Jawa Tengah,Kab. Cilacap,Daging Ayam Ras,kg,26/02/2026,41000
Jawa Tengah,Kab. Cilacap,Telur Ayam Ras,kg,26/02/2026,31000
Jawa Tengah,Kab. Cilacap,Tepung Terigu,kg,26/02/2026,12000
Jawa Tengah,Kab. Cilacap,Kedelai Impor,kg,26/02/2026,11667
Jawa Tengah,Kab. Cilacap,Cabai Merah Keriting,kg,26/02/2026,27667
Jawa Tengah,Kab. Cilacap,Cabai Rawit Merah,kg,26/02/2026,68333
Jawa Tengah,Kab. Cilacap,Cabai Merah Besar,kg,26/02/2026,24333
Jawa Tengah,Kab. Cilacap,Bawang Merah,kg,26/02/2026,39333
Jawa Tengah,Kab. Cilacap,Bawang Putih Honan,kg,26/02/2026,33667
Jawa Tengah,Kab. Banyumas,Beras Medium,kg,26/02/2026,13500
Jawa Tengah,Kab. Banyumas,Beras Premium,kg,26/02/2026,14900
Jawa Tengah,Kab. Banyumas,Gula Pasir Curah,kg,26/02/2026,17000
Jawa Tengah,Kab. Banyumas,Minyak Goreng Sawit Kemasan Premium,lt,26/02/2026,21000
Jawa Tengah,Kab. Banyumas,Minyak Goreng Sawit Curah,lt,26/02/2026,18000
Jawa Tengah,Kab. Banyumas,Minyakita,lt,26/02/2026,15700
Jawa Tengah,Kab. Banyumas,Daging Sapi Paha Belakang,kg,26/02/2026,133333
Jawa Tengah,Kab. Banyumas,Daging Ayam Ras,kg,26/02/2026,40667
Jawa Tengah,Kab. Banyumas,Telur Ayam Ras,kg,26/02/2026,31333
Jawa Tengah,Kab. Banyumas,Tepung Terigu,kg,26/02/2026,12000
Jawa Tengah,Kab. Banyumas,Kedelai Impor,kg,26/02/2026,10000
Jawa Tengah,Kab. Banyumas,Cabai Merah Keriting,kg,26/02/2026,29333
Jawa Tengah,Kab. Banyumas,Cabai Rawit Merah,kg,26/02/2026,75333
Jawa Tengah,Kab. Banyumas,Cabai Merah Besar,kg,26/02/2026,30000
Jawa Tengah,Kab. Banyumas,Bawang Merah,kg,26/02/2026,38667
Jawa Tengah,Kab. Banyumas,Bawang Putih Honan,kg,26/02/2026,0
Jawa Tengah,Kab. Purbalingga,Beras Medium,kg,26/02/2026,13000
Jawa Tengah,Kab. Purbalingga,Beras Premium,kg,26/02/2026,14200
Jawa Tengah,Kab. Purbalingga,Gula Pasir Curah,kg,26/02/2026,17000
Jawa Tengah,Kab. Purbalingga,Minyak Goreng Sawit Kemasan Premium,lt,26/02/2026,21000
Jawa Tengah,Kab. Purbalingga,Minyak Goreng Sawit Curah,lt,26/02/2026,18000
Jawa Tengah,Kab. Purbalingga,Minyakita,lt,26/02/2026,15700
Jawa Tengah,Kab. Purbalingga,Daging Sapi Paha Belakang,kg,26/02/2026,140000
Jawa Tengah,Kab. Purbalingga,Daging Ayam Ras,kg,26/02/2026,41000
Jawa Tengah,Kab. Purbalingga,Telur Ayam Ras,kg,26/02/2026,31000
Jawa Tengah,Kab. Purbalingga,Tepung Terigu,kg,26/02/2026,12000
Jawa Tengah,Kab. Purbalingga,Kedelai Impor,kg,26/02/2026,9800
Jawa Tengah,Kab. Purbalingga,Cabai Merah Keriting,kg,26/02/2026,34000
Jawa Tengah,Kab. Purbalingga,Cabai Rawit Merah,kg,26/02/2026,78000
Jawa Tengah,Kab. Purbalingga,Cabai Merah Besar,kg,26/02/2026,30000
Jawa Tengah,Kab. Purbalingga,Bawang Merah,kg,26/02/2026,43000
Jawa Tengah,Kab. Purbalingga,Bawang Putih Honan,kg,26/02/2026,33000
Jawa Tengah,Kab. Banjarnegara,Beras Medium,kg,26/02/2026,13333
Jawa Tengah,Kab. Banjarnegara,Beras Premium,kg,26/02/2026,14533
Jawa Tengah,Kab. Banjarnegara,Gula Pasir Curah,kg,26/02/2026,17000
Jawa Tengah,Kab. Banjarnegara,Minyak Goreng Sawit Kemasan Premium,lt,26/02/2026,20666
Jawa Tengah,Kab. Banjarnegara,Minyak Goreng Sawit Curah,lt,26/02/2026,18450
Jawa Tengah,Kab. Banjarnegara,Minyakita,lt,26/02/2026,15700
Jawa Tengah,Kab. Banjarnegara,Daging Sapi Paha Belakang,kg,26/02/2026,135000
Jawa Tengah,Kab. Banjarnegara,Daging Ayam Ras,kg,26/02/2026,38000
Jawa Tengah,Kab. Banjarnegara,Telur Ayam Ras,kg,26/02/2026,30666
Jawa Tengah,Kab. Banjarnegara,Tepung Terigu,kg,26/02/2026,11666
Jawa Tengah,Kab. Banjarnegara,Kedelai Impor,kg,26/02/2026,10500
Jawa Tengah,Kab. Banjarnegara,Cabai Merah Keriting,kg,26/02/2026,43333
Jawa Tengah,Kab. Banjarnegara,Cabai Rawit Merah,kg,26/02/2026,70000
Jawa Tengah,Kab. Banjarnegara,Cabai Merah Besar,kg,26/02/2026,0
Jawa Tengah,Kab. Banjarnegara,Bawang Merah,kg,26/02/2026,40000
Jawa Tengah,Kab. Banjarnegara,Bawang Putih Honan,kg,26/02/2026,34000
Jawa Tengah,Kab. Kebumen,Beras Medium,kg,26/02/2026,12250
Jawa Tengah,Kab. Kebumen,Beras Premium,kg,26/02/2026,14450
Jawa Tengah,Kab. Kebumen,Gula Pasir Curah,kg,26/02/2026,16000
Jawa Tengah,Kab. Kebumen,Minyak Goreng Sawit Kemasan Premium,lt,26/02/2026,20500
Jawa Tengah,Kab. Kebumen,Minyak Goreng Sawit Curah,lt,26/02/2026,17500
Jawa Tengah,Kab. Kebumen,Minyakita,lt,26/02/2026,15700
Jawa Tengah,Kab. Kebumen,Daging Sapi Paha Belakang,kg,26/02/2026,120000
Jawa Tengah,Kab. Kebumen,Daging Ayam Ras,kg,26/02/2026,33600
Jawa Tengah,Kab. Kebumen,Telur Ayam Ras,kg,26/02/2026,29000
Jawa Tengah,Kab. Kebumen,Tepung Terigu,kg,26/02/2026,11000
Jawa Tengah,Kab. Kebumen,Kedelai Impor,kg,26/02/2026,9550
Jawa Tengah,Kab. Kebumen,Cabai Merah Keriting,kg,26/02/2026,31167
Jawa Tengah,Kab. Kebumen,Cabai Rawit Merah,kg,26/02/2026,40700
Jawa Tengah,Kab. Kebumen,Cabai Merah Besar,kg,26/02/2026,31533
Jawa Tengah,Kab. Kebumen,Bawang Merah,kg,26/02/2026,34500
Jawa Tengah,Kab. Kebumen,Bawang Putih Honan,kg,26/02/2026,0
Jawa Tengah,Kab. Purworejo,Beras Medium,kg,26/02/2026,12800
Jawa Tengah,Kab. Purworejo,Beras Premium,kg,26/02/2026,14500
Jawa Tengah,Kab. Purworejo,Gula Pasir Curah,kg,26/02/2026,17333
Jawa Tengah,Kab. Purworejo,Minyak Goreng Sawit Kemasan Premium,lt,26/02/2026,20333
Jawa Tengah,Kab. Purworejo,Minyak Goreng Sawit Curah,lt,26/02/2026,17400
Jawa Tengah,Kab. Purworejo,Minyakita,lt,26/02/2026,15700
Jawa Tengah,Kab. Purworejo,Daging Sapi Paha Belakang,kg,26/02/2026,135500
Jawa Tengah,Kab. Purworejo,Daging Ayam Ras,kg,26/02/2026,38500
Jawa Tengah,Kab. Purworejo,Telur Ayam Ras,kg,26/02/2026,30833
Jawa Tengah,Kab. Purworejo,Tepung Terigu,kg,26/02/2026,11333
Jawa Tengah,Kab. Purworejo,Kedelai Impor,kg,26/02/2026,10000
Jawa Tengah,Kab. Purworejo,Cabai Merah Keriting,kg,26/02/2026,33000
Jawa Tengah,Kab. Purworejo,Cabai Rawit Merah,kg,26/02/2026,73333
Jawa Tengah,Kab. Purworejo,Cabai Merah Besar,kg,26/02/2026,36667
Jawa Tengah,Kab. Purworejo,Bawang Merah,kg,26/02/2026,42667
Jawa Tengah,Kab. Purworejo,Bawang Putih Honan,kg,26/02/2026,33667
Jawa Tengah,Kab. Wonosobo,Beras Medium,kg,26/02/2026,13000
Jawa Tengah,Kab. Wonosobo,Beras Premium,kg,26/02/2026,14867
Jawa Tengah,Kab. Wonosobo,Gula Pasir Curah,kg,26/02/2026,16933
Jawa Tengah,Kab. Wonosobo,Minyak Goreng Sawit Kemasan Premium,lt,26/02/2026,21500
Jawa Tengah,Kab. Wonosobo,Minyak Goreng Sawit Curah,lt,26/02/2026,16933
Jawa Tengah,Kab. Wonosobo,Minyakita,lt,26/02/2026,15700
Jawa Tengah,Kab. Wonosobo,Daging Sapi Paha Belakang,kg,26/02/2026,135000
Jawa Tengah,Kab. Wonosobo,Daging Ayam Ras,kg,26/02/2026,38000
Jawa Tengah,Kab. Wonosobo,Telur Ayam Ras,kg,26/02/2026,29667
Jawa Tengah,Kab. Wonosobo,Tepung Terigu,kg,26/02/2026,11500
Jawa Tengah,Kab. Wonosobo,Kedelai Impor,kg,26/02/2026,9400
Jawa Tengah,Kab. Wonosobo,Cabai Merah Keriting,kg,26/02/2026,38333
Jawa Tengah,Kab. Wonosobo,Cabai Rawit Merah,kg,26/02/2026,73333
Jawa Tengah,Kab. Wonosobo,Cabai Merah Besar,kg,26/02/2026,0
Jawa Tengah,Kab. Wonosobo,Bawang Merah,kg,26/02/2026,38667
Jawa Tengah,Kab. Wonosobo,Bawang Putih Honan,kg,26/02/2026,35000
Jawa Tengah,Kab. Magelang,Beras Medium,kg,26/02/2026,13400
Jawa Tengah,Kab. Magelang,Beras Premium,kg,26/02/2026,14900
Jawa Tengah,Kab. Magelang,Gula Pasir Curah,kg,26/02/2026,17000
Jawa Tengah,Kab. Magelang,Minyak Goreng Sawit Kemasan Premium,lt,26/02/2026,20000
Jawa Tengah,Kab. Magelang,Minyak Goreng Sawit Curah,lt,26/02/2026,17800
Jawa Tengah,Kab. Magelang,Minyakita,lt,26/02/2026,15700
Jawa Tengah,Kab. Magelang,Daging Sapi Paha Belakang,kg,26/02/2026,138000
Jawa Tengah,Kab. Magelang,Daging Ayam Ras,kg,26/02/2026,39000
Jawa Tengah,Kab. Magelang,Telur Ayam Ras,kg,26/02/2026,29000
Jawa Tengah,Kab. Magelang,Tepung Terigu,kg,26/02/2026,11500
Jawa Tengah,Kab. Magelang,Kedelai Impor,kg,26/02/2026,11700
Jawa Tengah,Kab. Magelang,Cabai Merah Keriting,kg,26/02/2026,35000
Jawa Tengah,Kab. Magelang,Cabai Rawit Merah,kg,26/02/2026,75000
Jawa Tengah,Kab. Magelang,Cabai Merah Besar,kg,26/02/2026,40000
Jawa Tengah,Kab. Magelang,Bawang Merah,kg,26/02/2026,40000
Jawa Tengah,Kab. Magelang,Bawang Putih Honan,kg,26/02/2026,34000
Jawa Tengah,Kab. Boyolali,Beras Medium,kg,26/02/2026,13000
Jawa Tengah,Kab. Boyolali,Beras Premium,kg,26/02/2026,14867
Jawa Tengah,Kab. Boyolali,Gula Pasir Curah,kg,26/02/2026,16500
Jawa Tengah,Kab. Boyolali,Minyak Goreng Sawit Kemasan Premium,lt,26/02/2026,21000
Jawa Tengah,Kab. Boyolali,Minyak Goreng Sawit Curah,lt,26/02/2026,17500
Jawa Tengah,Kab. Boyolali,Minyakita,lt,26/02/2026,15700
Jawa Tengah,Kab. Boyolali,Daging Sapi Paha Belakang,kg,26/02/2026,130000
Jawa Tengah,Kab. Boyolali,Daging Ayam Ras,kg,26/02/2026,39333
Jawa Tengah,Kab. Boyolali,Telur Ayam Ras,kg,26/02/2026,29333
Jawa Tengah,Kab. Boyolali,Tepung Terigu,kg,26/02/2026,11667
Jawa Tengah,Kab. Boyolali,Kedelai Impor,kg,26/02/2026,11667
Jawa Tengah,Kab. Boyolali,Cabai Merah Keriting,kg,26/02/2026,36667
Jawa Tengah,Kab. Boyolali,Cabai Rawit Merah,kg,26/02/2026,81667
Jawa Tengah,Kab. Boyolali,Cabai Merah Besar,kg,26/02/2026,38333
Jawa Tengah,Kab. Boyolali,Bawang Merah,kg,26/02/2026,40000
Jawa Tengah,Kab. Boyolali,Bawang Putih Honan,kg,26/02/2026,33000
Jawa Tengah,Kab. Klaten,Beras Medium,kg,26/02/2026,13500
Jawa Tengah,Kab. Klaten,Beras Premium,kg,26/02/2026,14900
Jawa Tengah,Kab. Klaten,Gula Pasir Curah,kg,26/02/2026,17500
Jawa Tengah,Kab. Klaten,Minyak Goreng Sawit Kemasan Premium,lt,26/02/2026,22000
Jawa Tengah,Kab. Klaten,Minyak Goreng Sawit Curah,lt,26/02/2026,18000
Jawa Tengah,Kab. Klaten,Minyakita,lt,26/02/2026,15700
Jawa Tengah,Kab. Klaten,Daging Sapi Paha Belakang,kg,26/02/2026,130000
Jawa Tengah,Kab. Klaten,Daging Ayam Ras,kg,26/02/2026,37000
Jawa Tengah,Kab. Klaten,Telur Ayam Ras,kg,26/02/2026,29000
Jawa Tengah,Kab. Klaten,Tepung Terigu,kg,26/02/2026,11333
Jawa Tengah,Kab. Klaten,Kedelai Impor,kg,26/02/2026,10333
Jawa Tengah,Kab. Klaten,Cabai Merah Keriting,kg,26/02/2026,32000
Jawa Tengah,Kab. Klaten,Cabai Rawit Merah,kg,26/02/2026,75667
Jawa Tengah,Kab. Klaten,Cabai Merah Besar,kg,26/02/2026,35000
Jawa Tengah,Kab. Klaten,Bawang Merah,kg,26/02/2026,40333
Jawa Tengah,Kab. Klaten,Bawang Putih Honan,kg,26/02/2026,30000
Jawa Tengah,Kab. Sukoharjo,Beras Medium,kg,26/02/2026,13000
Jawa Tengah,Kab. Sukoharjo,Beras Premium,kg,26/02/2026,14500
Jawa Tengah,Kab. Sukoharjo,Gula Pasir Curah,kg,26/02/2026,17000
Jawa Tengah,Kab. Sukoharjo,Minyak Goreng Sawit Kemasan Premium,lt,26/02/2026,20667
Jawa Tengah,Kab. Sukoharjo,Minyak Goreng Sawit Curah,lt,26/02/2026,17000
Jawa Tengah,Kab. Sukoharjo,Minyakita,lt,26/02/2026,15700
Jawa Tengah,Kab. Sukoharjo,Daging Sapi Paha Belakang,kg,26/02/2026,125000
Jawa Tengah,Kab. Sukoharjo,Daging Ayam Ras,kg,26/02/2026,40000
Jawa Tengah,Kab. Sukoharjo,Telur Ayam Ras,kg,26/02/2026,29000
Jawa Tengah,Kab. Sukoharjo,Tepung Terigu,kg,26/02/2026,12000
Jawa Tengah,Kab. Sukoharjo,Kedelai Impor,kg,26/02/2026,10000
Jawa Tengah,Kab. Sukoharjo,Cabai Merah Keriting,kg,26/02/2026,36667
Jawa Tengah,Kab. Sukoharjo,Cabai Rawit Merah,kg,26/02/2026,79333
Jawa Tengah,Kab. Sukoharjo,Cabai Merah Besar,kg,26/02/2026,33333
Jawa Tengah,Kab. Sukoharjo,Bawang Merah,kg,26/02/2026,40000
Jawa Tengah,Kab. Sukoharjo,Bawang Putih Honan,kg,26/02/2026,31333
Jawa Tengah,Kab. Wonogiri,Beras Medium,kg,26/02/2026,13583
Jawa Tengah,Kab. Wonogiri,Beras Premium,kg,26/02/2026,14500
Jawa Tengah,Kab. Wonogiri,Gula Pasir Curah,kg,26/02/2026,17000
Jawa Tengah,Kab. Wonogiri,Minyak Goreng Sawit Kemasan Premium,lt,26/02/2026,21000
Jawa Tengah,Kab. Wonogiri,Minyak Goreng Sawit Curah,lt,26/02/2026,19500
Jawa Tengah,Kab. Wonogiri,Minyakita,lt,26/02/2026,15700
Jawa Tengah,Kab. Wonogiri,Daging Sapi Paha Belakang,kg,26/02/2026,130000
Jawa Tengah,Kab. Wonogiri,Daging Ayam Ras,kg,26/02/2026,40667
Jawa Tengah,Kab. Wonogiri,Telur Ayam Ras,kg,26/02/2026,29333
Jawa Tengah,Kab. Wonogiri,Tepung Terigu,kg,26/02/2026,11833
Jawa Tengah,Kab. Wonogiri,Kedelai Impor,kg,26/02/2026,11167
Jawa Tengah,Kab. Wonogiri,Cabai Merah Keriting,kg,26/02/2026,28667
Jawa Tengah,Kab. Wonogiri,Cabai Rawit Merah,kg,26/02/2026,80667
Jawa Tengah,Kab. Wonogiri,Cabai Merah Besar,kg,26/02/2026,24667
Jawa Tengah,Kab. Wonogiri,Bawang Merah,kg,26/02/2026,40000
Jawa Tengah,Kab. Wonogiri,Bawang Putih Honan,kg,26/02/2026,0
Jawa Tengah,Kab. Karanganyar,Beras Medium,kg,26/02/2026,13000
Jawa Tengah,Kab. Karanganyar,Beras Premium,kg,26/02/2026,14667
Jawa Tengah,Kab. Karanganyar,Gula Pasir Curah,kg,26/02/2026,17000
Jawa Tengah,Kab. Karanganyar,Minyak Goreng Sawit Kemasan Premium,lt,26/02/2026,20667
Jawa Tengah,Kab. Karanganyar,Minyak Goreng Sawit Curah,lt,26/02/2026,19333
Jawa Tengah,Kab. Karanganyar,Minyakita,lt,26/02/2026,15500
Jawa Tengah,Kab. Karanganyar,Daging Sapi Paha Belakang,kg,26/02/2026,125000
Jawa Tengah,Kab. Karanganyar,Daging Ayam Ras,kg,26/02/2026,40000
Jawa Tengah,Kab. Karanganyar,Telur Ayam Ras,kg,26/02/2026,30000
Jawa Tengah,Kab. Karanganyar,Tepung Terigu,kg,26/02/2026,12000
Jawa Tengah,Kab. Karanganyar,Kedelai Impor,kg,26/02/2026,10000
Jawa Tengah,Kab. Karanganyar,Cabai Merah Keriting,kg,26/02/2026,40000
Jawa Tengah,Kab. Karanganyar,Cabai Rawit Merah,kg,26/02/2026,80000
Jawa Tengah,Kab. Karanganyar,Cabai Merah Besar,kg,26/02/2026,40000
Jawa Tengah,Kab. Karanganyar,Bawang Merah,kg,26/02/2026,40000
Jawa Tengah,Kab. Karanganyar,Bawang Putih Honan,kg,26/02/2026,30000
Jawa Tengah,Kab. Sragen,Beras Medium,kg,26/02/2026,13400
Jawa Tengah,Kab. Sragen,Beras Premium,kg,26/02/2026,14400
Jawa Tengah,Kab. Sragen,Gula Pasir Curah,kg,26/02/2026,16750
Jawa Tengah,Kab. Sragen,Minyak Goreng Sawit Kemasan Premium,lt,26/02/2026,19750
Jawa Tengah,Kab. Sragen,Minyak Goreng Sawit Curah,lt,26/02/2026,18600
Jawa Tengah,Kab. Sragen,Minyakita,lt,26/02/2026,15700
Jawa Tengah,Kab. Sragen,Daging Sapi Paha Belakang,kg,26/02/2026,120000
Jawa Tengah,Kab. Sragen,Daging Ayam Ras,kg,26/02/2026,40000
Jawa Tengah,Kab. Sragen,Telur Ayam Ras,kg,26/02/2026,30167
Jawa Tengah,Kab. Sragen,Tepung Terigu,kg,26/02/2026,12000
Jawa Tengah,Kab. Sragen,Kedelai Impor,kg,26/02/2026,9650
Jawa Tengah,Kab. Sragen,Cabai Merah Keriting,kg,26/02/2026,25000
Jawa Tengah,Kab. Sragen,Cabai Rawit Merah,kg,26/02/2026,105667
Jawa Tengah,Kab. Sragen,Cabai Merah Besar,kg,26/02/2026,20333
Jawa Tengah,Kab. Sragen,Bawang Merah,kg,26/02/2026,40000
Jawa Tengah,Kab. Sragen,Bawang Putih Honan,kg,26/02/2026,31333
Jawa Tengah,Kab. Grobogan,Beras Medium,kg,26/02/2026,13000
Jawa Tengah,Kab. Grobogan,Beras Premium,kg,26/02/2026,14825
Jawa Tengah,Kab. Grobogan,Gula Pasir Curah,kg,26/02/2026,17000
Jawa Tengah,Kab. Grobogan,Minyak Goreng Sawit Kemasan Premium,lt,26/02/2026,19000
Jawa Tengah,Kab. Grobogan,Minyak Goreng Sawit Curah,lt,26/02/2026,16000
Jawa Tengah,Kab. Grobogan,Minyakita,lt,26/02/2026,15700
Jawa Tengah,Kab. Grobogan,Daging Sapi Paha Belakang,kg,26/02/2026,130000
Jawa Tengah,Kab. Grobogan,Daging Ayam Ras,kg,26/02/2026,40000
Jawa Tengah,Kab. Grobogan,Telur Ayam Ras,kg,26/02/2026,30000
Jawa Tengah,Kab. Grobogan,Tepung Terigu,kg,26/02/2026,10500
Jawa Tengah,Kab. Grobogan,Kedelai Impor,kg,26/02/2026,11000
Jawa Tengah,Kab. Grobogan,Cabai Merah Keriting,kg,26/02/2026,30000
Jawa Tengah,Kab. Grobogan,Cabai Rawit Merah,kg,26/02/2026,65000
Jawa Tengah,Kab. Grobogan,Cabai Merah Besar,kg,26/02/2026,48000
Jawa Tengah,Kab. Grobogan,Bawang Merah,kg,26/02/2026,37000
Jawa Tengah,Kab. Grobogan,Bawang Putih Honan,kg,26/02/2026,31000
Jawa Tengah,Kab. Blora,Beras Medium,kg,26/02/2026,11642
Jawa Tengah,Kab. Blora,Beras Premium,kg,26/02/2026,13575
Jawa Tengah,Kab. Blora,Gula Pasir Curah,kg,26/02/2026,16500
Jawa Tengah,Kab. Blora,Minyak Goreng Sawit Kemasan Premium,lt,26/02/2026,19300
Jawa Tengah,Kab. Blora,Minyak Goreng Sawit Curah,lt,26/02/2026,16300
Jawa Tengah,Kab. Blora,Minyakita,lt,26/02/2026,15700
Jawa Tengah,Kab. Blora,Daging Sapi Paha Belakang,kg,26/02/2026,125000
Jawa Tengah,Kab. Blora,Daging Ayam Ras,kg,26/02/2026,40000
Jawa Tengah,Kab. Blora,Telur Ayam Ras,kg,26/02/2026,29667
Jawa Tengah,Kab. Blora,Tepung Terigu,kg,26/02/2026,12300
Jawa Tengah,Kab. Blora,Kedelai Impor,kg,26/02/2026,11500
Jawa Tengah,Kab. Blora,Cabai Merah Keriting,kg,26/02/2026,29333
Jawa Tengah,Kab. Blora,Cabai Rawit Merah,kg,26/02/2026,60333
Jawa Tengah,Kab. Blora,Cabai Merah Besar,kg,26/02/2026,0
Jawa Tengah,Kab. Blora,Bawang Merah,kg,26/02/2026,35333
Jawa Tengah,Kab. Blora,Bawang Putih Honan,kg,26/02/2026,30333
Jawa Tengah,Kab. Rembang,Beras Medium,kg,26/02/2026,13333
Jawa Tengah,Kab. Rembang,Beras Premium,kg,26/02/2026,14900
Jawa Tengah,Kab. Rembang,Gula Pasir Curah,kg,26/02/2026,16333
Jawa Tengah,Kab. Rembang,Minyak Goreng Sawit Kemasan Premium,lt,26/02/2026,21000
Jawa Tengah,Kab. Rembang,Minyak Goreng Sawit Curah,lt,26/02/2026,18822
Jawa Tengah,Kab. Rembang,Minyakita,lt,26/02/2026,15633
Jawa Tengah,Kab. Rembang,Daging Sapi Paha Belakang,kg,26/02/2026,125000
Jawa Tengah,Kab. Rembang,Daging Ayam Ras,kg,26/02/2026,39667
Jawa Tengah,Kab. Rembang,Telur Ayam Ras,kg,26/02/2026,31333
Jawa Tengah,Kab. Rembang,Tepung Terigu,kg,26/02/2026,11500
Jawa Tengah,Kab. Rembang,Kedelai Impor,kg,26/02/2026,11167
Jawa Tengah,Kab. Rembang,Cabai Merah Keriting,kg,26/02/2026,26000
Jawa Tengah,Kab. Rembang,Cabai Rawit Merah,kg,26/02/2026,80000
Jawa Tengah,Kab. Rembang,Cabai Merah Besar,kg,26/02/2026,60000
Jawa Tengah,Kab. Rembang,Bawang Merah,kg,26/02/2026,42333
Jawa Tengah,Kab. Rembang,Bawang Putih Honan,kg,26/02/2026,34000
Jawa Tengah,Kab. Pati,Beras Medium,kg,26/02/2026,13500
Jawa Tengah,Kab. Pati,Beras Premium,kg,26/02/2026,14650
Jawa Tengah,Kab. Pati,Gula Pasir Curah,kg,26/02/2026,17000
Jawa Tengah,Kab. Pati,Minyak Goreng Sawit Kemasan Premium,lt,26/02/2026,20000
Jawa Tengah,Kab. Pati,Minyak Goreng Sawit Curah,lt,26/02/2026,18000
Jawa Tengah,Kab. Pati,Minyakita,lt,26/02/2026,15700
Jawa Tengah,Kab. Pati,Daging Sapi Paha Belakang,kg,26/02/2026,125000
Jawa Tengah,Kab. Pati,Daging Ayam Ras,kg,26/02/2026,40000
Jawa Tengah,Kab. Pati,Telur Ayam Ras,kg,26/02/2026,31000
Jawa Tengah,Kab. Pati,Tepung Terigu,kg,26/02/2026,12500
Jawa Tengah,Kab. Pati,Kedelai Impor,kg,26/02/2026,10500
Jawa Tengah,Kab. Pati,Cabai Merah Keriting,kg,26/02/2026,35000
Jawa Tengah,Kab. Pati,Cabai Rawit Merah,kg,26/02/2026,85000
Jawa Tengah,Kab. Pati,Cabai Merah Besar,kg,26/02/2026,50000
Jawa Tengah,Kab. Pati,Bawang Merah,kg,26/02/2026,35000
Jawa Tengah,Kab. Pati,Bawang Putih Honan,kg,26/02/2026,36000
Jawa Tengah,Kab. Kudus,Beras Medium,kg,26/02/2026,13500
Jawa Tengah,Kab. Kudus,Beras Premium,kg,26/02/2026,14900
Jawa Tengah,Kab. Kudus,Gula Pasir Curah,kg,26/02/2026,16500
Jawa Tengah,Kab. Kudus,Minyak Goreng Sawit Kemasan Premium,lt,26/02/2026,19500
Jawa Tengah,Kab. Kudus,Minyak Goreng Sawit Curah,lt,26/02/2026,17000
Jawa Tengah,Kab. Kudus,Minyakita,lt,26/02/2026,15700
Jawa Tengah,Kab. Kudus,Daging Sapi Paha Belakang,kg,26/02/2026,128000
Jawa Tengah,Kab. Kudus,Daging Ayam Ras,kg,26/02/2026,37000
Jawa Tengah,Kab. Kudus,Telur Ayam Ras,kg,26/02/2026,30000
Jawa Tengah,Kab. Kudus,Tepung Terigu,kg,26/02/2026,12000
Jawa Tengah,Kab. Kudus,Kedelai Impor,kg,26/02/2026,11500
Jawa Tengah,Kab. Kudus,Cabai Merah Keriting,kg,26/02/2026,30000
Jawa Tengah,Kab. Kudus,Cabai Rawit Merah,kg,26/02/2026,65000
Jawa Tengah,Kab. Kudus,Cabai Merah Besar,kg,26/02/2026,40000
Jawa Tengah,Kab. Kudus,Bawang Merah,kg,26/02/2026,45000
Jawa Tengah,Kab. Kudus,Bawang Putih Honan,kg,26/02/2026,0
Jawa Tengah,Kab. Jepara,Beras Medium,kg,26/02/2026,13000
Jawa Tengah,Kab. Jepara,Beras Premium,kg,26/02/2026,14900
Jawa Tengah,Kab. Jepara,Gula Pasir Curah,kg,26/02/2026,17000
Jawa Tengah,Kab. Jepara,Minyak Goreng Sawit Kemasan Premium,lt,26/02/2026,21000
Jawa Tengah,Kab. Jepara,Minyak Goreng Sawit Curah,lt,26/02/2026,18000
Jawa Tengah,Kab. Jepara,Minyakita,lt,26/02/2026,15500
Jawa Tengah,Kab. Jepara,Daging Sapi Paha Belakang,kg,26/02/2026,130000
Jawa Tengah,Kab. Jepara,Daging Ayam Ras,kg,26/02/2026,40000
Jawa Tengah,Kab. Jepara,Telur Ayam Ras,kg,26/02/2026,30000
Jawa Tengah,Kab. Jepara,Tepung Terigu,kg,26/02/2026,12000
Jawa Tengah,Kab. Jepara,Kedelai Impor,kg,26/02/2026,10500
Jawa Tengah,Kab. Jepara,Cabai Merah Keriting,kg,26/02/2026,35000
Jawa Tengah,Kab. Jepara,Cabai Rawit Merah,kg,26/02/2026,75000
Jawa Tengah,Kab. Jepara,Cabai Merah Besar,kg,26/02/2026,38000
Jawa Tengah,Kab. Jepara,Bawang Merah,kg,26/02/2026,38000
Jawa Tengah,Kab. Jepara,Bawang Putih Honan,kg,26/02/2026,32000
Jawa Tengah,Kab. Demak,Beras Medium,kg,26/02/2026,12800
Jawa Tengah,Kab. Demak,Beras Premium,kg,26/02/2026,14250
Jawa Tengah,Kab. Demak,Gula Pasir Curah,kg,26/02/2026,16500
Jawa Tengah,Kab. Demak,Minyak Goreng Sawit Kemasan Premium,lt,26/02/2026,20250
Jawa Tengah,Kab. Demak,Minyak Goreng Sawit Curah,lt,26/02/2026,16167
Jawa Tengah,Kab. Demak,Minyakita,lt,26/02/2026,15350
Jawa Tengah,Kab. Demak,Daging Sapi Paha Belakang,kg,26/02/2026,130000
Jawa Tengah,Kab. Demak,Daging Ayam Ras,kg,26/02/2026,35000
Jawa Tengah,Kab. Demak,Telur Ayam Ras,kg,26/02/2026,28000
Jawa Tengah,Kab. Demak,Tepung Terigu,kg,26/02/2026,11250
Jawa Tengah,Kab. Demak,Kedelai Impor,kg,26/02/2026,10000
Jawa Tengah,Kab. Demak,Cabai Merah Keriting,kg,26/02/2026,30000
Jawa Tengah,Kab. Demak,Cabai Rawit Merah,kg,26/02/2026,45667
Jawa Tengah,Kab. Demak,Cabai Merah Besar,kg,26/02/2026,34667
Jawa Tengah,Kab. Demak,Bawang Merah,kg,26/02/2026,34333
Jawa Tengah,Kab. Demak,Bawang Putih Honan,kg,26/02/2026,30000
Jawa Tengah,Kab. Semarang,Beras Medium,kg,26/02/2026,13833
Jawa Tengah,Kab. Semarang,Beras Premium,kg,26/02/2026,15167
Jawa Tengah,Kab. Semarang,Gula Pasir Curah,kg,26/02/2026,17333
Jawa Tengah,Kab. Semarang,Minyak Goreng Sawit Kemasan Premium,lt,26/02/2026,21500
Jawa Tengah,Kab. Semarang,Minyak Goreng Sawit Curah,lt,26/02/2026,18900
Jawa Tengah,Kab. Semarang,Minyakita,lt,26/02/2026,15600
Jawa Tengah,Kab. Semarang,Daging Sapi Paha Belakang,kg,26/02/2026,136667
Jawa Tengah,Kab. Semarang,Daging Ayam Ras,kg,26/02/2026,37500
Jawa Tengah,Kab. Semarang,Telur Ayam Ras,kg,26/02/2026,30000
Jawa Tengah,Kab. Semarang,Tepung Terigu,kg,26/02/2026,12000
Jawa Tengah,Kab. Semarang,Kedelai Impor,kg,26/02/2026,10000
Jawa Tengah,Kab. Semarang,Cabai Merah Keriting,kg,26/02/2026,43333
Jawa Tengah,Kab. Semarang,Cabai Rawit Merah,kg,26/02/2026,77500
Jawa Tengah,Kab. Semarang,Cabai Merah Besar,kg,26/02/2026,45000
Jawa Tengah,Kab. Semarang,Bawang Merah,kg,26/02/2026,42000
Jawa Tengah,Kab. Semarang,Bawang Putih Honan,kg,26/02/2026,34500
Jawa Tengah,Kab. Temanggung,Beras Medium,kg,26/02/2026,13500
Jawa Tengah,Kab. Temanggung,Beras Premium,kg,26/02/2026,14800
Jawa Tengah,Kab. Temanggung,Gula Pasir Curah,kg,26/02/2026,16750
Jawa Tengah,Kab. Temanggung,Minyak Goreng Sawit Kemasan Premium,lt,26/02/2026,19000
Jawa Tengah,Kab. Temanggung,Minyak Goreng Sawit Curah,lt,26/02/2026,19000
Jawa Tengah,Kab. Temanggung,Minyakita,lt,26/02/2026,15700
Jawa Tengah,Kab. Temanggung,Daging Sapi Paha Belakang,kg,26/02/2026,135000
Jawa Tengah,Kab. Temanggung,Daging Ayam Ras,kg,26/02/2026,39000
Jawa Tengah,Kab. Temanggung,Telur Ayam Ras,kg,26/02/2026,29000
Jawa Tengah,Kab. Temanggung,Tepung Terigu,kg,26/02/2026,11750
Jawa Tengah,Kab. Temanggung,Kedelai Impor,kg,26/02/2026,9700
Jawa Tengah,Kab. Temanggung,Cabai Merah Keriting,kg,26/02/2026,42500
Jawa Tengah,Kab. Temanggung,Cabai Rawit Merah,kg,26/02/2026,77500
Jawa Tengah,Kab. Temanggung,Cabai Merah Besar,kg,26/02/2026,45000
Jawa Tengah,Kab. Temanggung,Bawang Merah,kg,26/02/2026,45000
Jawa Tengah,Kab. Temanggung,Bawang Putih Honan,kg,26/02/2026,34000
Jawa Tengah,Kab. Kendal,Beras Medium,kg,26/02/2026,13500
Jawa Tengah,Kab. Kendal,Beras Premium,kg,26/02/2026,14900
Jawa Tengah,Kab. Kendal,Gula Pasir Curah,kg,26/02/2026,17167
Jawa Tengah,Kab. Kendal,Minyak Goreng Sawit Kemasan Premium,lt,26/02/2026,21000
Jawa Tengah,Kab. Kendal,Minyak Goreng Sawit Curah,lt,26/02/2026,17850
Jawa Tengah,Kab. Kendal,Minyakita,lt,26/02/2026,15700
Jawa Tengah,Kab. Kendal,Daging Sapi Paha Belakang,kg,26/02/2026,135000
Jawa Tengah,Kab. Kendal,Daging Ayam Ras,kg,26/02/2026,40000
Jawa Tengah,Kab. Kendal,Telur Ayam Ras,kg,26/02/2026,29500
Jawa Tengah,Kab. Kendal,Tepung Terigu,kg,26/02/2026,11667
Jawa Tengah,Kab. Kendal,Kedelai Impor,kg,26/02/2026,9800
Jawa Tengah,Kab. Kendal,Cabai Merah Keriting,kg,26/02/2026,25667
Jawa Tengah,Kab. Kendal,Cabai Rawit Merah,kg,26/02/2026,75000
Jawa Tengah,Kab. Kendal,Cabai Merah Besar,kg,26/02/2026,30000
Jawa Tengah,Kab. Kendal,Bawang Merah,kg,26/02/2026,40667
Jawa Tengah,Kab. Kendal,Bawang Putih Honan,kg,26/02/2026,31333
Jawa Tengah,Kab. Batang,Beras Medium,kg,26/02/2026,13200
Jawa Tengah,Kab. Batang,Beras Premium,kg,26/02/2026,14700
Jawa Tengah,Kab. Batang,Gula Pasir Curah,kg,26/02/2026,16500
Jawa Tengah,Kab. Batang,Minyak Goreng Sawit Kemasan Premium,lt,26/02/2026,19500
Jawa Tengah,Kab. Batang,Minyak Goreng Sawit Curah,lt,26/02/2026,17100
Jawa Tengah,Kab. Batang,Minyakita,lt,26/02/2026,15700
Jawa Tengah,Kab. Batang,Daging Sapi Paha Belakang,kg,26/02/2026,130000
Jawa Tengah,Kab. Batang,Daging Ayam Ras,kg,26/02/2026,40000
Jawa Tengah,Kab. Batang,Telur Ayam Ras,kg,26/02/2026,30000
Jawa Tengah,Kab. Batang,Tepung Terigu,kg,26/02/2026,11500
Jawa Tengah,Kab. Batang,Kedelai Impor,kg,26/02/2026,10500
Jawa Tengah,Kab. Batang,Cabai Merah Keriting,kg,26/02/2026,38000
Jawa Tengah,Kab. Batang,Cabai Rawit Merah,kg,26/02/2026,70000
Jawa Tengah,Kab. Batang,Cabai Merah Besar,kg,26/02/2026,35000
Jawa Tengah,Kab. Batang,Bawang Merah,kg,26/02/2026,40000
Jawa Tengah,Kab. Batang,Bawang Putih Honan,kg,26/02/2026,32000
Jawa Tengah,Kab. Pekalongan,Beras Medium,kg,26/02/2026,13200
Jawa Tengah,Kab. Pekalongan,Beras Premium,kg,26/02/2026,14500
Jawa Tengah,Kab. Pekalongan,Gula Pasir Curah,kg,26/02/2026,17000
Jawa Tengah,Kab. Pekalongan,Minyak Goreng Sawit Kemasan Premium,lt,26/02/2026,21000
Jawa Tengah,Kab. Pekalongan,Minyak Goreng Sawit Curah,lt,26/02/2026,17550
Jawa Tengah,Kab. Pekalongan,Minyakita,lt,26/02/2026,15700
Jawa Tengah,Kab. Pekalongan,Daging Sapi Paha Belakang,kg,26/02/2026,140000
Jawa Tengah,Kab. Pekalongan,Daging Ayam Ras,kg,26/02/2026,42000
Jawa Tengah,Kab. Pekalongan,Telur Ayam Ras,kg,26/02/2026,30000
Jawa Tengah,Kab. Pekalongan,Tepung Terigu,kg,26/02/2026,12000
Jawa Tengah,Kab. Pekalongan,Kedelai Impor,kg,26/02/2026,9800
Jawa Tengah,Kab. Pekalongan,Cabai Merah Keriting,kg,26/02/2026,35000
Jawa Tengah,Kab. Pekalongan,Cabai Rawit Merah,kg,26/02/2026,68000
Jawa Tengah,Kab. Pekalongan,Cabai Merah Besar,kg,26/02/2026,28000
Jawa Tengah,Kab. Pekalongan,Bawang Merah,kg,26/02/2026,39000
Jawa Tengah,Kab. Pekalongan,Bawang Putih Honan,kg,26/02/2026,33000
Jawa Tengah,Kab. Pemalang,Beras Medium,kg,26/02/2026,13000
Jawa Tengah,Kab. Pemalang,Beras Premium,kg,26/02/2026,14800
Jawa Tengah,Kab. Pemalang,Gula Pasir Curah,kg,26/02/2026,17167
Jawa Tengah,Kab. Pemalang,Minyak Goreng Sawit Kemasan Premium,lt,26/02/2026,21000
Jawa Tengah,Kab. Pemalang,Minyak Goreng Sawit Curah,lt,26/02/2026,17667
Jawa Tengah,Kab. Pemalang,Minyakita,lt,26/02/2026,15700
Jawa Tengah,Kab. Pemalang,Daging Sapi Paha Belakang,kg,26/02/2026,130000
Jawa Tengah,Kab. Pemalang,Daging Ayam Ras,kg,26/02/2026,40000
Jawa Tengah,Kab. Pemalang,Telur Ayam Ras,kg,26/02/2026,30000
Jawa Tengah,Kab. Pemalang,Tepung Terigu,kg,26/02/2026,12000
Jawa Tengah,Kab. Pemalang,Kedelai Impor,kg,26/02/2026,11500
Jawa Tengah,Kab. Pemalang,Cabai Merah Keriting,kg,26/02/2026,41667
Jawa Tengah,Kab. Pemalang,Cabai Rawit Merah,kg,26/02/2026,65000
Jawa Tengah,Kab. Pemalang,Cabai Merah Besar,kg,26/02/2026,34000
Jawa Tengah,Kab. Pemalang,Bawang Merah,kg,26/02/2026,41333
Jawa Tengah,Kab. Pemalang,Bawang Putih Honan,kg,26/02/2026,32667
Jawa Tengah,Kab. Tegal,Beras Medium,kg,26/02/2026,13167
Jawa Tengah,Kab. Tegal,Beras Premium,kg,26/02/2026,14300
Jawa Tengah,Kab. Tegal,Gula Pasir Curah,kg,26/02/2026,17000
Jawa Tengah,Kab. Tegal,Minyak Goreng Sawit Kemasan Premium,lt,26/02/2026,21167
Jawa Tengah,Kab. Tegal,Minyak Goreng Sawit Curah,lt,26/02/2026,17917
Jawa Tengah,Kab. Tegal,Minyakita,lt,26/02/2026,15700
Jawa Tengah,Kab. Tegal,Daging Sapi Paha Belakang,kg,26/02/2026,136667
Jawa Tengah,Kab. Tegal,Daging Ayam Ras,kg,26/02/2026,40000
Jawa Tengah,Kab. Tegal,Telur Ayam Ras,kg,26/02/2026,29667
Jawa Tengah,Kab. Tegal,Tepung Terigu,kg,26/02/2026,11000
Jawa Tengah,Kab. Tegal,Kedelai Impor,kg,26/02/2026,9983
Jawa Tengah,Kab. Tegal,Cabai Merah Keriting,kg,26/02/2026,31000
Jawa Tengah,Kab. Tegal,Cabai Rawit Merah,kg,26/02/2026,73500
Jawa Tengah,Kab. Tegal,Cabai Merah Besar,kg,26/02/2026,26500
Jawa Tengah,Kab. Tegal,Bawang Merah,kg,26/02/2026,40667
Jawa Tengah,Kab. Tegal,Bawang Putih Honan,kg,26/02/2026,30333
Jawa Tengah,Kab. Brebes,Beras Medium,kg,26/02/2026,13167
Jawa Tengah,Kab. Brebes,Beras Premium,kg,26/02/2026,14800
Jawa Tengah,Kab. Brebes,Gula Pasir Curah,kg,26/02/2026,17000
Jawa Tengah,Kab. Brebes,Minyak Goreng Sawit Kemasan Premium,lt,26/02/2026,21333
Jawa Tengah,Kab. Brebes,Minyak Goreng Sawit Curah,lt,26/02/2026,18833
Jawa Tengah,Kab. Brebes,Minyakita,lt,26/02/2026,15700
Jawa Tengah,Kab. Brebes,Daging Sapi Paha Belakang,kg,26/02/2026,141667
Jawa Tengah,Kab. Brebes,Daging Ayam Ras,kg,26/02/2026,40000
Jawa Tengah,Kab. Brebes,Telur Ayam Ras,kg,26/02/2026,30000
Jawa Tengah,Kab. Brebes,Tepung Terigu,kg,26/02/2026,12000
Jawa Tengah,Kab. Brebes,Kedelai Impor,kg,26/02/2026,0
Jawa Tengah,Kab. Brebes,Cabai Merah Keriting,kg,26/02/2026,35000
Jawa Tengah,Kab. Brebes,Cabai Rawit Merah,kg,26/02/2026,70000
Jawa Tengah,Kab. Brebes,Cabai Merah Besar,kg,26/02/2026,32000
Jawa Tengah,Kab. Brebes,Bawang Merah,kg,26/02/2026,38000
Jawa Tengah,Kab. Brebes,Bawang Putih Honan,kg,26/02/2026,35000
Jawa Tengah,Kota Magelang,Beras Medium,kg,26/02/2026,13500
Jawa Tengah,Kota Magelang,Beras Premium,kg,26/02/2026,14833
Jawa Tengah,Kota Magelang,Gula Pasir Curah,kg,26/02/2026,16833
Jawa Tengah,Kota Magelang,Minyak Goreng Sawit Kemasan Premium,lt,26/02/2026,20333
Jawa Tengah,Kota Magelang,Minyak Goreng Sawit Curah,lt,26/02/2026,16500
Jawa Tengah,Kota Magelang,Minyakita,lt,26/02/2026,15700
Jawa Tengah,Kota Magelang,Daging Sapi Paha Belakang,kg,26/02/2026,135000
Jawa Tengah,Kota Magelang,Daging Ayam Ras,kg,26/02/2026,38667
Jawa Tengah,Kota Magelang,Telur Ayam Ras,kg,26/02/2026,28667
Jawa Tengah,Kota Magelang,Tepung Terigu,kg,26/02/2026,12000
Jawa Tengah,Kota Magelang,Kedelai Impor,kg,26/02/2026,11000
Jawa Tengah,Kota Magelang,Cabai Merah Keriting,kg,26/02/2026,37000
Jawa Tengah,Kota Magelang,Cabai Rawit Merah,kg,26/02/2026,74333
Jawa Tengah,Kota Magelang,Cabai Merah Besar,kg,26/02/2026,43333
Jawa Tengah,Kota Magelang,Bawang Merah,kg,26/02/2026,40000
Jawa Tengah,Kota Magelang,Bawang Putih Honan,kg,26/02/2026,32667
Jawa Tengah,Kota Surakarta,Beras Medium,kg,26/02/2026,13583
Jawa Tengah,Kota Surakarta,Beras Premium,kg,26/02/2026,15750
Jawa Tengah,Kota Surakarta,Gula Pasir Curah,kg,26/02/2026,17000
Jawa Tengah,Kota Surakarta,Minyak Goreng Sawit Kemasan Premium,lt,26/02/2026,21667
Jawa Tengah,Kota Surakarta,Minyak Goreng Sawit Curah,lt,26/02/2026,20000
Jawa Tengah,Kota Surakarta,Minyakita,lt,26/02/2026,15700
Jawa Tengah,Kota Surakarta,Daging Sapi Paha Belakang,kg,26/02/2026,135000
Jawa Tengah,Kota Surakarta,Daging Ayam Ras,kg,26/02/2026,40000
Jawa Tengah,Kota Surakarta,Telur Ayam Ras,kg,26/02/2026,29000
Jawa Tengah,Kota Surakarta,Tepung Terigu,kg,26/02/2026,11250
Jawa Tengah,Kota Surakarta,Kedelai Impor,kg,26/02/2026,12000
Jawa Tengah,Kota Surakarta,Cabai Merah Keriting,kg,26/02/2026,20667
Jawa Tengah,Kota Surakarta,Cabai Rawit Merah,kg,26/02/2026,69000
Jawa Tengah,Kota Surakarta,Cabai Merah Besar,kg,26/02/2026,19000
Jawa Tengah,Kota Surakarta,Bawang Merah,kg,26/02/2026,36000
Jawa Tengah,Kota Surakarta,Bawang Putih Honan,kg,26/02/2026,28000
Jawa Tengah,Kota Salatiga,Beras Medium,kg,26/02/2026,13467
Jawa Tengah,Kota Salatiga,Beras Premium,kg,26/02/2026,14267
Jawa Tengah,Kota Salatiga,Gula Pasir Curah,kg,26/02/2026,17500
Jawa Tengah,Kota Salatiga,Minyak Goreng Sawit Kemasan Premium,lt,26/02/2026,22000
Jawa Tengah,Kota Salatiga,Minyak Goreng Sawit Curah,lt,26/02/2026,17100
Jawa Tengah,Kota Salatiga,Minyakita,lt,26/02/2026,15700
Jawa Tengah,Kota Salatiga,Daging Sapi Paha Belakang,kg,26/02/2026,120000
Jawa Tengah,Kota Salatiga,Daging Ayam Ras,kg,26/02/2026,39333
Jawa Tengah,Kota Salatiga,Telur Ayam Ras,kg,26/02/2026,29000
Jawa Tengah,Kota Salatiga,Tepung Terigu,kg,26/02/2026,12000
Jawa Tengah,Kota Salatiga,Kedelai Impor,kg,26/02/2026,12000
Jawa Tengah,Kota Salatiga,Cabai Merah Keriting,kg,26/02/2026,36667
Jawa Tengah,Kota Salatiga,Cabai Rawit Merah,kg,26/02/2026,69333
Jawa Tengah,Kota Salatiga,Cabai Merah Besar,kg,26/02/2026,40000
Jawa Tengah,Kota Salatiga,Bawang Merah,kg,26/02/2026,46000
Jawa Tengah,Kota Salatiga,Bawang Putih Honan,kg,26/02/2026,31333
Jawa Tengah,Kota Semarang,Beras Medium,kg,26/02/2026,13792
Jawa Tengah,Kota Semarang,Beras Premium,kg,26/02/2026,15292
Jawa Tengah,Kota Semarang,Gula Pasir Curah,kg,26/02/2026,17000
Jawa Tengah,Kota Semarang,Minyak Goreng Sawit Kemasan Premium,lt,26/02/2026,21500
Jawa Tengah,Kota Semarang,Minyak Goreng Sawit Curah,lt,26/02/2026,19833
Jawa Tengah,Kota Semarang,Minyakita,lt,26/02/2026,15700
Jawa Tengah,Kota Semarang,Daging Sapi Paha Belakang,kg,26/02/2026,130000
Jawa Tengah,Kota Semarang,Daging Ayam Ras,kg,26/02/2026,40833
Jawa Tengah,Kota Semarang,Telur Ayam Ras,kg,26/02/2026,30000
Jawa Tengah,Kota Semarang,Tepung Terigu,kg,26/02/2026,11750
Jawa Tengah,Kota Semarang,Kedelai Impor,kg,26/02/2026,0
Jawa Tengah,Kota Semarang,Cabai Merah Keriting,kg,26/02/2026,29000
Jawa Tengah,Kota Semarang,Cabai Rawit Merah,kg,26/02/2026,75000
Jawa Tengah,Kota Semarang,Cabai Merah Besar,kg,26/02/2026,33167
Jawa Tengah,Kota Semarang,Bawang Merah,kg,26/02/2026,44500
Jawa Tengah,Kota Semarang,Bawang Putih Honan,kg,26/02/2026,0
Jawa Tengah,Kota Pekalongan,Beras Medium,kg,26/02/2026,13500
Jawa Tengah,Kota Pekalongan,Beras Premium,kg,26/02/2026,14900
Jawa Tengah,Kota Pekalongan,Gula Pasir Curah,kg,26/02/2026,17000
Jawa Tengah,Kota Pekalongan,Minyak Goreng Sawit Kemasan Premium,lt,26/02/2026,21000
Jawa Tengah,Kota Pekalongan,Minyak Goreng Sawit Curah,lt,26/02/2026,18450
Jawa Tengah,Kota Pekalongan,Minyakita,lt,26/02/2026,15700
Jawa Tengah,Kota Pekalongan,Daging Sapi Paha Belakang,kg,26/02/2026,130000
Jawa Tengah,Kota Pekalongan,Daging Ayam Ras,kg,26/02/2026,42000
Jawa Tengah,Kota Pekalongan,Telur Ayam Ras,kg,26/02/2026,30000
Jawa Tengah,Kota Pekalongan,Tepung Terigu,kg,26/02/2026,11000
Jawa Tengah,Kota Pekalongan,Kedelai Impor,kg,26/02/2026,10000
Jawa Tengah,Kota Pekalongan,Cabai Merah Keriting,kg,26/02/2026,35000
Jawa Tengah,Kota Pekalongan,Cabai Rawit Merah,kg,26/02/2026,80000
Jawa Tengah,Kota Pekalongan,Cabai Merah Besar,kg,26/02/2026,28000
Jawa Tengah,Kota Pekalongan,Bawang Merah,kg,26/02/2026,48000
Jawa Tengah,Kota Pekalongan,Bawang Putih Honan,kg,26/02/2026,0
Jawa Tengah,Kota Tegal,Beras Medium,kg,26/02/2026,13250
Jawa Tengah,Kota Tegal,Beras Premium,kg,26/02/2026,14900
Jawa Tengah,Kota Tegal,Gula Pasir Curah,kg,26/02/2026,17333
Jawa Tengah,Kota Tegal,Minyak Goreng Sawit Kemasan Premium,lt,26/02/2026,21500
Jawa Tengah,Kota Tegal,Minyak Goreng Sawit Curah,lt,26/02/2026,17700
Jawa Tengah,Kota Tegal,Minyakita,lt,26/02/2026,15700
Jawa Tengah,Kota Tegal,Daging Sapi Paha Belakang,kg,26/02/2026,145000
Jawa Tengah,Kota Tegal,Daging Ayam Ras,kg,26/02/2026,43000
Jawa Tengah,Kota Tegal,Telur Ayam Ras,kg,26/02/2026,30833
Jawa Tengah,Kota Tegal,Tepung Terigu,kg,26/02/2026,11833
Jawa Tengah,Kota Tegal,Kedelai Impor,kg,26/02/2026,10200
Jawa Tengah,Kota Tegal,Cabai Merah Keriting,kg,26/02/2026,36667
Jawa Tengah,Kota Tegal,Cabai Rawit Merah,kg,26/02/2026,78333
Jawa Tengah,Kota Tegal,Cabai Merah Besar,kg,26/02/2026,28333
Jawa Tengah,Kota Tegal,Bawang Merah,kg,26/02/2026,45000
Jawa Tengah,Kota Tegal,Bawang Putih Honan,kg,26/02/2026,34667
Jawa Tengah,Kab. Cilacap,Beras Medium,kg,27/02/2026,13500
Jawa Tengah,Kab. Cilacap,Beras Premium,kg,27/02/2026,14500
Jawa Tengah,Kab. Cilacap,Gula Pasir Curah,kg,27/02/2026,17333
Jawa Tengah,Kab. Cilacap,Minyak Goreng Sawit Kemasan Premium,lt,27/02/2026,22000
Jawa Tengah,Kab. Cilacap,Minyak Goreng Sawit Curah,lt,27/02/2026,18000
Jawa Tengah,Kab. Cilacap,Minyakita,lt,27/02/2026,15700
Jawa Tengah,Kab. Cilacap,Daging Sapi Paha Belakang,kg,27/02/2026,140000
Jawa Tengah,Kab. Cilacap,Daging Ayam Ras,kg,27/02/2026,40667
Jawa Tengah,Kab. Cilacap,Telur Ayam Ras,kg,27/02/2026,31000
Jawa Tengah,Kab. Cilacap,Tepung Terigu,kg,27/02/2026,12000
Jawa Tengah,Kab. Cilacap,Kedelai Impor,kg,27/02/2026,11667
Jawa Tengah,Kab. Cilacap,Cabai Merah Keriting,kg,27/02/2026,32333
Jawa Tengah,Kab. Cilacap,Cabai Rawit Merah,kg,27/02/2026,83333
Jawa Tengah,Kab. Cilacap,Cabai Merah Besar,kg,27/02/2026,28667
Jawa Tengah,Kab. Cilacap,Bawang Merah,kg,27/02/2026,39333
Jawa Tengah,Kab. Cilacap,Bawang Putih Honan,kg,27/02/2026,32000
Jawa Tengah,Kab. Banyumas,Beras Medium,kg,27/02/2026,13500
Jawa Tengah,Kab. Banyumas,Beras Premium,kg,27/02/2026,14900
Jawa Tengah,Kab. Banyumas,Gula Pasir Curah,kg,27/02/2026,17000
Jawa Tengah,Kab. Banyumas,Minyak Goreng Sawit Kemasan Premium,lt,27/02/2026,21000
Jawa Tengah,Kab. Banyumas,Minyak Goreng Sawit Curah,lt,27/02/2026,18000
Jawa Tengah,Kab. Banyumas,Minyakita,lt,27/02/2026,15700
Jawa Tengah,Kab. Banyumas,Daging Sapi Paha Belakang,kg,27/02/2026,133333
Jawa Tengah,Kab. Banyumas,Daging Ayam Ras,kg,27/02/2026,40667
Jawa Tengah,Kab. Banyumas,Telur Ayam Ras,kg,27/02/2026,31000
Jawa Tengah,Kab. Banyumas,Tepung Terigu,kg,27/02/2026,12000
Jawa Tengah,Kab. Banyumas,Kedelai Impor,kg,27/02/2026,10000
Jawa Tengah,Kab. Banyumas,Cabai Merah Keriting,kg,27/02/2026,28000
Jawa Tengah,Kab. Banyumas,Cabai Rawit Merah,kg,27/02/2026,82000
Jawa Tengah,Kab. Banyumas,Cabai Merah Besar,kg,27/02/2026,30000
Jawa Tengah,Kab. Banyumas,Bawang Merah,kg,27/02/2026,38667
Jawa Tengah,Kab. Banyumas,Bawang Putih Honan,kg,27/02/2026,0
Jawa Tengah,Kab. Purbalingga,Beras Medium,kg,27/02/2026,13000
Jawa Tengah,Kab. Purbalingga,Beras Premium,kg,27/02/2026,14200
Jawa Tengah,Kab. Purbalingga,Gula Pasir Curah,kg,27/02/2026,17000
Jawa Tengah,Kab. Purbalingga,Minyak Goreng Sawit Kemasan Premium,lt,27/02/2026,21000
Jawa Tengah,Kab. Purbalingga,Minyak Goreng Sawit Curah,lt,27/02/2026,18000
Jawa Tengah,Kab. Purbalingga,Minyakita,lt,27/02/2026,15700
Jawa Tengah,Kab. Purbalingga,Daging Sapi Paha Belakang,kg,27/02/2026,140000
Jawa Tengah,Kab. Purbalingga,Daging Ayam Ras,kg,27/02/2026,41000
Jawa Tengah,Kab. Purbalingga,Telur Ayam Ras,kg,27/02/2026,31000
Jawa Tengah,Kab. Purbalingga,Tepung Terigu,kg,27/02/2026,12000
Jawa Tengah,Kab. Purbalingga,Kedelai Impor,kg,27/02/2026,9800
Jawa Tengah,Kab. Purbalingga,Cabai Merah Keriting,kg,27/02/2026,35000
Jawa Tengah,Kab. Purbalingga,Cabai Rawit Merah,kg,27/02/2026,81000
Jawa Tengah,Kab. Purbalingga,Cabai Merah Besar,kg,27/02/2026,32000
Jawa Tengah,Kab. Purbalingga,Bawang Merah,kg,27/02/2026,43000
Jawa Tengah,Kab. Purbalingga,Bawang Putih Honan,kg,27/02/2026,33000
Jawa Tengah,Kab. Banjarnegara,Beras Medium,kg,27/02/2026,13333
Jawa Tengah,Kab. Banjarnegara,Beras Premium,kg,27/02/2026,14533
Jawa Tengah,Kab. Banjarnegara,Gula Pasir Curah,kg,27/02/2026,17000
Jawa Tengah,Kab. Banjarnegara,Minyak Goreng Sawit Kemasan Premium,lt,27/02/2026,20666
Jawa Tengah,Kab. Banjarnegara,Minyak Goreng Sawit Curah,lt,27/02/2026,18450
Jawa Tengah,Kab. Banjarnegara,Minyakita,lt,27/02/2026,15700
Jawa Tengah,Kab. Banjarnegara,Daging Sapi Paha Belakang,kg,27/02/2026,135000
Jawa Tengah,Kab. Banjarnegara,Daging Ayam Ras,kg,27/02/2026,38000
Jawa Tengah,Kab. Banjarnegara,Telur Ayam Ras,kg,27/02/2026,30666
Jawa Tengah,Kab. Banjarnegara,Tepung Terigu,kg,27/02/2026,11666
Jawa Tengah,Kab. Banjarnegara,Kedelai Impor,kg,27/02/2026,10500
Jawa Tengah,Kab. Banjarnegara,Cabai Merah Keriting,kg,27/02/2026,43333
Jawa Tengah,Kab. Banjarnegara,Cabai Rawit Merah,kg,27/02/2026,70000
Jawa Tengah,Kab. Banjarnegara,Cabai Merah Besar,kg,27/02/2026,0
Jawa Tengah,Kab. Banjarnegara,Bawang Merah,kg,27/02/2026,40000
Jawa Tengah,Kab. Banjarnegara,Bawang Putih Honan,kg,27/02/2026,34000
Jawa Tengah,Kab. Kebumen,Beras Medium,kg,27/02/2026,12250
Jawa Tengah,Kab. Kebumen,Beras Premium,kg,27/02/2026,14450
Jawa Tengah,Kab. Kebumen,Gula Pasir Curah,kg,27/02/2026,16000
Jawa Tengah,Kab. Kebumen,Minyak Goreng Sawit Kemasan Premium,lt,27/02/2026,20500
Jawa Tengah,Kab. Kebumen,Minyak Goreng Sawit Curah,lt,27/02/2026,17500
Jawa Tengah,Kab. Kebumen,Minyakita,lt,27/02/2026,15700
Jawa Tengah,Kab. Kebumen,Daging Sapi Paha Belakang,kg,27/02/2026,120000
Jawa Tengah,Kab. Kebumen,Daging Ayam Ras,kg,27/02/2026,33600
Jawa Tengah,Kab. Kebumen,Telur Ayam Ras,kg,27/02/2026,29000
Jawa Tengah,Kab. Kebumen,Tepung Terigu,kg,27/02/2026,11000
Jawa Tengah,Kab. Kebumen,Kedelai Impor,kg,27/02/2026,9550
Jawa Tengah,Kab. Kebumen,Cabai Merah Keriting,kg,27/02/2026,31167
Jawa Tengah,Kab. Kebumen,Cabai Rawit Merah,kg,27/02/2026,40800
Jawa Tengah,Kab. Kebumen,Cabai Merah Besar,kg,27/02/2026,31533
Jawa Tengah,Kab. Kebumen,Bawang Merah,kg,27/02/2026,34500
Jawa Tengah,Kab. Kebumen,Bawang Putih Honan,kg,27/02/2026,0
Jawa Tengah,Kab. Purworejo,Beras Medium,kg,27/02/2026,12800
Jawa Tengah,Kab. Purworejo,Beras Premium,kg,27/02/2026,14500
Jawa Tengah,Kab. Purworejo,Gula Pasir Curah,kg,27/02/2026,17333
Jawa Tengah,Kab. Purworejo,Minyak Goreng Sawit Kemasan Premium,lt,27/02/2026,20333
Jawa Tengah,Kab. Purworejo,Minyak Goreng Sawit Curah,lt,27/02/2026,17400
Jawa Tengah,Kab. Purworejo,Minyakita,lt,27/02/2026,15700
Jawa Tengah,Kab. Purworejo,Daging Sapi Paha Belakang,kg,27/02/2026,135500
Jawa Tengah,Kab. Purworejo,Daging Ayam Ras,kg,27/02/2026,38500
Jawa Tengah,Kab. Purworejo,Telur Ayam Ras,kg,27/02/2026,30833
Jawa Tengah,Kab. Purworejo,Tepung Terigu,kg,27/02/2026,11333
Jawa Tengah,Kab. Purworejo,Kedelai Impor,kg,27/02/2026,10000
Jawa Tengah,Kab. Purworejo,Cabai Merah Keriting,kg,27/02/2026,30333
Jawa Tengah,Kab. Purworejo,Cabai Rawit Merah,kg,27/02/2026,76000
Jawa Tengah,Kab. Purworejo,Cabai Merah Besar,kg,27/02/2026,35000
Jawa Tengah,Kab. Purworejo,Bawang Merah,kg,27/02/2026,42667
Jawa Tengah,Kab. Purworejo,Bawang Putih Honan,kg,27/02/2026,33667
Jawa Tengah,Kab. Wonosobo,Beras Medium,kg,27/02/2026,13000
Jawa Tengah,Kab. Wonosobo,Beras Premium,kg,27/02/2026,14867
Jawa Tengah,Kab. Wonosobo,Gula Pasir Curah,kg,27/02/2026,16933
Jawa Tengah,Kab. Wonosobo,Minyak Goreng Sawit Kemasan Premium,lt,27/02/2026,21500
Jawa Tengah,Kab. Wonosobo,Minyak Goreng Sawit Curah,lt,27/02/2026,16933
Jawa Tengah,Kab. Wonosobo,Minyakita,lt,27/02/2026,15700
Jawa Tengah,Kab. Wonosobo,Daging Sapi Paha Belakang,kg,27/02/2026,135000
Jawa Tengah,Kab. Wonosobo,Daging Ayam Ras,kg,27/02/2026,38000
Jawa Tengah,Kab. Wonosobo,Telur Ayam Ras,kg,27/02/2026,29667
Jawa Tengah,Kab. Wonosobo,Tepung Terigu,kg,27/02/2026,11500
Jawa Tengah,Kab. Wonosobo,Kedelai Impor,kg,27/02/2026,9400
Jawa Tengah,Kab. Wonosobo,Cabai Merah Keriting,kg,27/02/2026,38333
Jawa Tengah,Kab. Wonosobo,Cabai Rawit Merah,kg,27/02/2026,73333
Jawa Tengah,Kab. Wonosobo,Cabai Merah Besar,kg,27/02/2026,0
Jawa Tengah,Kab. Wonosobo,Bawang Merah,kg,27/02/2026,38667
Jawa Tengah,Kab. Wonosobo,Bawang Putih Honan,kg,27/02/2026,35000
Jawa Tengah,Kab. Magelang,Beras Medium,kg,27/02/2026,13400
Jawa Tengah,Kab. Magelang,Beras Premium,kg,27/02/2026,14900
Jawa Tengah,Kab. Magelang,Gula Pasir Curah,kg,27/02/2026,17000
Jawa Tengah,Kab. Magelang,Minyak Goreng Sawit Kemasan Premium,lt,27/02/2026,20000
Jawa Tengah,Kab. Magelang,Minyak Goreng Sawit Curah,lt,27/02/2026,17800
Jawa Tengah,Kab. Magelang,Minyakita,lt,27/02/2026,15700
Jawa Tengah,Kab. Magelang,Daging Sapi Paha Belakang,kg,27/02/2026,138000
Jawa Tengah,Kab. Magelang,Daging Ayam Ras,kg,27/02/2026,39000
Jawa Tengah,Kab. Magelang,Telur Ayam Ras,kg,27/02/2026,29000
Jawa Tengah,Kab. Magelang,Tepung Terigu,kg,27/02/2026,11500
Jawa Tengah,Kab. Magelang,Kedelai Impor,kg,27/02/2026,11700
Jawa Tengah,Kab. Magelang,Cabai Merah Keriting,kg,27/02/2026,30000
Jawa Tengah,Kab. Magelang,Cabai Rawit Merah,kg,27/02/2026,70000
Jawa Tengah,Kab. Magelang,Cabai Merah Besar,kg,27/02/2026,40000
Jawa Tengah,Kab. Magelang,Bawang Merah,kg,27/02/2026,40000
Jawa Tengah,Kab. Magelang,Bawang Putih Honan,kg,27/02/2026,34000
Jawa Tengah,Kab. Boyolali,Beras Medium,kg,27/02/2026,13000
Jawa Tengah,Kab. Boyolali,Beras Premium,kg,27/02/2026,14867
Jawa Tengah,Kab. Boyolali,Gula Pasir Curah,kg,27/02/2026,16500
Jawa Tengah,Kab. Boyolali,Minyak Goreng Sawit Kemasan Premium,lt,27/02/2026,21000
Jawa Tengah,Kab. Boyolali,Minyak Goreng Sawit Curah,lt,27/02/2026,17500
Jawa Tengah,Kab. Boyolali,Minyakita,lt,27/02/2026,15700
Jawa Tengah,Kab. Boyolali,Daging Sapi Paha Belakang,kg,27/02/2026,130000
Jawa Tengah,Kab. Boyolali,Daging Ayam Ras,kg,27/02/2026,39333
Jawa Tengah,Kab. Boyolali,Telur Ayam Ras,kg,27/02/2026,29333
Jawa Tengah,Kab. Boyolali,Tepung Terigu,kg,27/02/2026,11667
Jawa Tengah,Kab. Boyolali,Kedelai Impor,kg,27/02/2026,11667
Jawa Tengah,Kab. Boyolali,Cabai Merah Keriting,kg,27/02/2026,36667
Jawa Tengah,Kab. Boyolali,Cabai Rawit Merah,kg,27/02/2026,81667
Jawa Tengah,Kab. Boyolali,Cabai Merah Besar,kg,27/02/2026,38333
Jawa Tengah,Kab. Boyolali,Bawang Merah,kg,27/02/2026,40000
Jawa Tengah,Kab. Boyolali,Bawang Putih Honan,kg,27/02/2026,33000
Jawa Tengah,Kab. Klaten,Beras Medium,kg,27/02/2026,13500
Jawa Tengah,Kab. Klaten,Beras Premium,kg,27/02/2026,14900
Jawa Tengah,Kab. Klaten,Gula Pasir Curah,kg,27/02/2026,17500
Jawa Tengah,Kab. Klaten,Minyak Goreng Sawit Kemasan Premium,lt,27/02/2026,22000
Jawa Tengah,Kab. Klaten,Minyak Goreng Sawit Curah,lt,27/02/2026,18000
Jawa Tengah,Kab. Klaten,Minyakita,lt,27/02/2026,15700
Jawa Tengah,Kab. Klaten,Daging Sapi Paha Belakang,kg,27/02/2026,130000
Jawa Tengah,Kab. Klaten,Daging Ayam Ras,kg,27/02/2026,37000
Jawa Tengah,Kab. Klaten,Telur Ayam Ras,kg,27/02/2026,29000
Jawa Tengah,Kab. Klaten,Tepung Terigu,kg,27/02/2026,11333
Jawa Tengah,Kab. Klaten,Kedelai Impor,kg,27/02/2026,10333
Jawa Tengah,Kab. Klaten,Cabai Merah Keriting,kg,27/02/2026,33333
Jawa Tengah,Kab. Klaten,Cabai Rawit Merah,kg,27/02/2026,80000
Jawa Tengah,Kab. Klaten,Cabai Merah Besar,kg,27/02/2026,40000
Jawa Tengah,Kab. Klaten,Bawang Merah,kg,27/02/2026,41000
Jawa Tengah,Kab. Klaten,Bawang Putih Honan,kg,27/02/2026,30000
Jawa Tengah,Kab. Sukoharjo,Beras Medium,kg,27/02/2026,13000
Jawa Tengah,Kab. Sukoharjo,Beras Premium,kg,27/02/2026,14500
Jawa Tengah,Kab. Sukoharjo,Gula Pasir Curah,kg,27/02/2026,17000
Jawa Tengah,Kab. Sukoharjo,Minyak Goreng Sawit Kemasan Premium,lt,27/02/2026,20667
Jawa Tengah,Kab. Sukoharjo,Minyak Goreng Sawit Curah,lt,27/02/2026,17000
Jawa Tengah,Kab. Sukoharjo,Minyakita,lt,27/02/2026,15700
Jawa Tengah,Kab. Sukoharjo,Daging Sapi Paha Belakang,kg,27/02/2026,125000
Jawa Tengah,Kab. Sukoharjo,Daging Ayam Ras,kg,27/02/2026,40000
Jawa Tengah,Kab. Sukoharjo,Telur Ayam Ras,kg,27/02/2026,29000
Jawa Tengah,Kab. Sukoharjo,Tepung Terigu,kg,27/02/2026,12000
Jawa Tengah,Kab. Sukoharjo,Kedelai Impor,kg,27/02/2026,10000
Jawa Tengah,Kab. Sukoharjo,Cabai Merah Keriting,kg,27/02/2026,32333
Jawa Tengah,Kab. Sukoharjo,Cabai Rawit Merah,kg,27/02/2026,80000
Jawa Tengah,Kab. Sukoharjo,Cabai Merah Besar,kg,27/02/2026,32333
Jawa Tengah,Kab. Sukoharjo,Bawang Merah,kg,27/02/2026,40000
Jawa Tengah,Kab. Sukoharjo,Bawang Putih Honan,kg,27/02/2026,31333
Jawa Tengah,Kab. Wonogiri,Beras Medium,kg,27/02/2026,13583
Jawa Tengah,Kab. Wonogiri,Beras Premium,kg,27/02/2026,14500
Jawa Tengah,Kab. Wonogiri,Gula Pasir Curah,kg,27/02/2026,17000
Jawa Tengah,Kab. Wonogiri,Minyak Goreng Sawit Kemasan Premium,lt,27/02/2026,21000
Jawa Tengah,Kab. Wonogiri,Minyak Goreng Sawit Curah,lt,27/02/2026,19500
Jawa Tengah,Kab. Wonogiri,Minyakita,lt,27/02/2026,15700
Jawa Tengah,Kab. Wonogiri,Daging Sapi Paha Belakang,kg,27/02/2026,130000
Jawa Tengah,Kab. Wonogiri,Daging Ayam Ras,kg,27/02/2026,40667
Jawa Tengah,Kab. Wonogiri,Telur Ayam Ras,kg,27/02/2026,29333
Jawa Tengah,Kab. Wonogiri,Tepung Terigu,kg,27/02/2026,11833
Jawa Tengah,Kab. Wonogiri,Kedelai Impor,kg,27/02/2026,11167
Jawa Tengah,Kab. Wonogiri,Cabai Merah Keriting,kg,27/02/2026,24000
Jawa Tengah,Kab. Wonogiri,Cabai Rawit Merah,kg,27/02/2026,86667
Jawa Tengah,Kab. Wonogiri,Cabai Merah Besar,kg,27/02/2026,25000
Jawa Tengah,Kab. Wonogiri,Bawang Merah,kg,27/02/2026,40000
Jawa Tengah,Kab. Wonogiri,Bawang Putih Honan,kg,27/02/2026,0
Jawa Tengah,Kab. Karanganyar,Beras Medium,kg,27/02/2026,13333
Jawa Tengah,Kab. Karanganyar,Beras Premium,kg,27/02/2026,15167
Jawa Tengah,Kab. Karanganyar,Gula Pasir Curah,kg,27/02/2026,17167
Jawa Tengah,Kab. Karanganyar,Minyak Goreng Sawit Kemasan Premium,lt,27/02/2026,20667
Jawa Tengah,Kab. Karanganyar,Minyak Goreng Sawit Curah,lt,27/02/2026,19333
Jawa Tengah,Kab. Karanganyar,Minyakita,lt,27/02/2026,15500
Jawa Tengah,Kab. Karanganyar,Daging Sapi Paha Belakang,kg,27/02/2026,125000
Jawa Tengah,Kab. Karanganyar,Daging Ayam Ras,kg,27/02/2026,40000
Jawa Tengah,Kab. Karanganyar,Telur Ayam Ras,kg,27/02/2026,30000
Jawa Tengah,Kab. Karanganyar,Tepung Terigu,kg,27/02/2026,12000
Jawa Tengah,Kab. Karanganyar,Kedelai Impor,kg,27/02/2026,10000
Jawa Tengah,Kab. Karanganyar,Cabai Merah Keriting,kg,27/02/2026,40000
Jawa Tengah,Kab. Karanganyar,Cabai Rawit Merah,kg,27/02/2026,80000
Jawa Tengah,Kab. Karanganyar,Cabai Merah Besar,kg,27/02/2026,40000
Jawa Tengah,Kab. Karanganyar,Bawang Merah,kg,27/02/2026,40000
Jawa Tengah,Kab. Karanganyar,Bawang Putih Honan,kg,27/02/2026,30000
Jawa Tengah,Kab. Sragen,Beras Medium,kg,27/02/2026,13400
Jawa Tengah,Kab. Sragen,Beras Premium,kg,27/02/2026,14400
Jawa Tengah,Kab. Sragen,Gula Pasir Curah,kg,27/02/2026,16750
Jawa Tengah,Kab. Sragen,Minyak Goreng Sawit Kemasan Premium,lt,27/02/2026,19750
Jawa Tengah,Kab. Sragen,Minyak Goreng Sawit Curah,lt,27/02/2026,18600
Jawa Tengah,Kab. Sragen,Minyakita,lt,27/02/2026,15700
Jawa Tengah,Kab. Sragen,Daging Sapi Paha Belakang,kg,27/02/2026,120000
Jawa Tengah,Kab. Sragen,Daging Ayam Ras,kg,27/02/2026,40000
Jawa Tengah,Kab. Sragen,Telur Ayam Ras,kg,27/02/2026,30167
Jawa Tengah,Kab. Sragen,Tepung Terigu,kg,27/02/2026,12000
Jawa Tengah,Kab. Sragen,Kedelai Impor,kg,27/02/2026,9650
Jawa Tengah,Kab. Sragen,Cabai Merah Keriting,kg,27/02/2026,27000
Jawa Tengah,Kab. Sragen,Cabai Rawit Merah,kg,27/02/2026,85333
Jawa Tengah,Kab. Sragen,Cabai Merah Besar,kg,27/02/2026,20333
Jawa Tengah,Kab. Sragen,Bawang Merah,kg,27/02/2026,40000
Jawa Tengah,Kab. Sragen,Bawang Putih Honan,kg,27/02/2026,31333
Jawa Tengah,Kab. Grobogan,Beras Medium,kg,27/02/2026,13000
Jawa Tengah,Kab. Grobogan,Beras Premium,kg,27/02/2026,14825
Jawa Tengah,Kab. Grobogan,Gula Pasir Curah,kg,27/02/2026,17000
Jawa Tengah,Kab. Grobogan,Minyak Goreng Sawit Kemasan Premium,lt,27/02/2026,19000
Jawa Tengah,Kab. Grobogan,Minyak Goreng Sawit Curah,lt,27/02/2026,16000
Jawa Tengah,Kab. Grobogan,Minyakita,lt,27/02/2026,15700
Jawa Tengah,Kab. Grobogan,Daging Sapi Paha Belakang,kg,27/02/2026,130000
Jawa Tengah,Kab. Grobogan,Daging Ayam Ras,kg,27/02/2026,40000
Jawa Tengah,Kab. Grobogan,Telur Ayam Ras,kg,27/02/2026,30000
Jawa Tengah,Kab. Grobogan,Tepung Terigu,kg,27/02/2026,10500
Jawa Tengah,Kab. Grobogan,Kedelai Impor,kg,27/02/2026,11000
Jawa Tengah,Kab. Grobogan,Cabai Merah Keriting,kg,27/02/2026,30000
Jawa Tengah,Kab. Grobogan,Cabai Rawit Merah,kg,27/02/2026,65000
Jawa Tengah,Kab. Grobogan,Cabai Merah Besar,kg,27/02/2026,48000
Jawa Tengah,Kab. Grobogan,Bawang Merah,kg,27/02/2026,37000
Jawa Tengah,Kab. Grobogan,Bawang Putih Honan,kg,27/02/2026,31000
Jawa Tengah,Kab. Blora,Beras Medium,kg,27/02/2026,11642
Jawa Tengah,Kab. Blora,Beras Premium,kg,27/02/2026,13575
Jawa Tengah,Kab. Blora,Gula Pasir Curah,kg,27/02/2026,16500
Jawa Tengah,Kab. Blora,Minyak Goreng Sawit Kemasan Premium,lt,27/02/2026,19300
Jawa Tengah,Kab. Blora,Minyak Goreng Sawit Curah,lt,27/02/2026,16300
Jawa Tengah,Kab. Blora,Minyakita,lt,27/02/2026,15700
Jawa Tengah,Kab. Blora,Daging Sapi Paha Belakang,kg,27/02/2026,125000
Jawa Tengah,Kab. Blora,Daging Ayam Ras,kg,27/02/2026,40000
Jawa Tengah,Kab. Blora,Telur Ayam Ras,kg,27/02/2026,29667
Jawa Tengah,Kab. Blora,Tepung Terigu,kg,27/02/2026,12300
Jawa Tengah,Kab. Blora,Kedelai Impor,kg,27/02/2026,11500
Jawa Tengah,Kab. Blora,Cabai Merah Keriting,kg,27/02/2026,29333
Jawa Tengah,Kab. Blora,Cabai Rawit Merah,kg,27/02/2026,60333
Jawa Tengah,Kab. Blora,Cabai Merah Besar,kg,27/02/2026,0
Jawa Tengah,Kab. Blora,Bawang Merah,kg,27/02/2026,35333
Jawa Tengah,Kab. Blora,Bawang Putih Honan,kg,27/02/2026,30333
Jawa Tengah,Kab. Rembang,Beras Medium,kg,27/02/2026,13333
Jawa Tengah,Kab. Rembang,Beras Premium,kg,27/02/2026,14900
Jawa Tengah,Kab. Rembang,Gula Pasir Curah,kg,27/02/2026,16333
Jawa Tengah,Kab. Rembang,Minyak Goreng Sawit Kemasan Premium,lt,27/02/2026,21000
Jawa Tengah,Kab. Rembang,Minyak Goreng Sawit Curah,lt,27/02/2026,18822
Jawa Tengah,Kab. Rembang,Minyakita,lt,27/02/2026,15633
Jawa Tengah,Kab. Rembang,Daging Sapi Paha Belakang,kg,27/02/2026,125000
Jawa Tengah,Kab. Rembang,Daging Ayam Ras,kg,27/02/2026,39667
Jawa Tengah,Kab. Rembang,Telur Ayam Ras,kg,27/02/2026,31000
Jawa Tengah,Kab. Rembang,Tepung Terigu,kg,27/02/2026,11500
Jawa Tengah,Kab. Rembang,Kedelai Impor,kg,27/02/2026,11167
Jawa Tengah,Kab. Rembang,Cabai Merah Keriting,kg,27/02/2026,26000
Jawa Tengah,Kab. Rembang,Cabai Rawit Merah,kg,27/02/2026,80000
Jawa Tengah,Kab. Rembang,Cabai Merah Besar,kg,27/02/2026,60000
Jawa Tengah,Kab. Rembang,Bawang Merah,kg,27/02/2026,42333
Jawa Tengah,Kab. Rembang,Bawang Putih Honan,kg,27/02/2026,34000
Jawa Tengah,Kab. Pati,Beras Medium,kg,27/02/2026,13500
Jawa Tengah,Kab. Pati,Beras Premium,kg,27/02/2026,14650
Jawa Tengah,Kab. Pati,Gula Pasir Curah,kg,27/02/2026,17000
Jawa Tengah,Kab. Pati,Minyak Goreng Sawit Kemasan Premium,lt,27/02/2026,20000
Jawa Tengah,Kab. Pati,Minyak Goreng Sawit Curah,lt,27/02/2026,18000
Jawa Tengah,Kab. Pati,Minyakita,lt,27/02/2026,15700
Jawa Tengah,Kab. Pati,Daging Sapi Paha Belakang,kg,27/02/2026,125000
Jawa Tengah,Kab. Pati,Daging Ayam Ras,kg,27/02/2026,40000
Jawa Tengah,Kab. Pati,Telur Ayam Ras,kg,27/02/2026,31000
Jawa Tengah,Kab. Pati,Tepung Terigu,kg,27/02/2026,12500
Jawa Tengah,Kab. Pati,Kedelai Impor,kg,27/02/2026,10500
Jawa Tengah,Kab. Pati,Cabai Merah Keriting,kg,27/02/2026,35000
Jawa Tengah,Kab. Pati,Cabai Rawit Merah,kg,27/02/2026,80000
Jawa Tengah,Kab. Pati,Cabai Merah Besar,kg,27/02/2026,50000
Jawa Tengah,Kab. Pati,Bawang Merah,kg,27/02/2026,35000
Jawa Tengah,Kab. Pati,Bawang Putih Honan,kg,27/02/2026,36000
Jawa Tengah,Kab. Kudus,Beras Medium,kg,27/02/2026,13500
Jawa Tengah,Kab. Kudus,Beras Premium,kg,27/02/2026,14900
Jawa Tengah,Kab. Kudus,Gula Pasir Curah,kg,27/02/2026,16500
Jawa Tengah,Kab. Kudus,Minyak Goreng Sawit Kemasan Premium,lt,27/02/2026,19500
Jawa Tengah,Kab. Kudus,Minyak Goreng Sawit Curah,lt,27/02/2026,17000
Jawa Tengah,Kab. Kudus,Minyakita,lt,27/02/2026,15700
Jawa Tengah,Kab. Kudus,Daging Sapi Paha Belakang,kg,27/02/2026,128000
Jawa Tengah,Kab. Kudus,Daging Ayam Ras,kg,27/02/2026,37000
Jawa Tengah,Kab. Kudus,Telur Ayam Ras,kg,27/02/2026,30000
Jawa Tengah,Kab. Kudus,Tepung Terigu,kg,27/02/2026,12000
Jawa Tengah,Kab. Kudus,Kedelai Impor,kg,27/02/2026,11500
Jawa Tengah,Kab. Kudus,Cabai Merah Keriting,kg,27/02/2026,30000
Jawa Tengah,Kab. Kudus,Cabai Rawit Merah,kg,27/02/2026,65000
Jawa Tengah,Kab. Kudus,Cabai Merah Besar,kg,27/02/2026,40000
Jawa Tengah,Kab. Kudus,Bawang Merah,kg,27/02/2026,45000
Jawa Tengah,Kab. Kudus,Bawang Putih Honan,kg,27/02/2026,0
Jawa Tengah,Kab. Jepara,Beras Medium,kg,27/02/2026,13000
Jawa Tengah,Kab. Jepara,Beras Premium,kg,27/02/2026,14900
Jawa Tengah,Kab. Jepara,Gula Pasir Curah,kg,27/02/2026,17000
Jawa Tengah,Kab. Jepara,Minyak Goreng Sawit Kemasan Premium,lt,27/02/2026,21000
Jawa Tengah,Kab. Jepara,Minyak Goreng Sawit Curah,lt,27/02/2026,18000
Jawa Tengah,Kab. Jepara,Minyakita,lt,27/02/2026,15500
Jawa Tengah,Kab. Jepara,Daging Sapi Paha Belakang,kg,27/02/2026,130000
Jawa Tengah,Kab. Jepara,Daging Ayam Ras,kg,27/02/2026,40000
Jawa Tengah,Kab. Jepara,Telur Ayam Ras,kg,27/02/2026,30000
Jawa Tengah,Kab. Jepara,Tepung Terigu,kg,27/02/2026,12000
Jawa Tengah,Kab. Jepara,Kedelai Impor,kg,27/02/2026,10500
Jawa Tengah,Kab. Jepara,Cabai Merah Keriting,kg,27/02/2026,35000
Jawa Tengah,Kab. Jepara,Cabai Rawit Merah,kg,27/02/2026,75000
Jawa Tengah,Kab. Jepara,Cabai Merah Besar,kg,27/02/2026,38000
Jawa Tengah,Kab. Jepara,Bawang Merah,kg,27/02/2026,38000
Jawa Tengah,Kab. Jepara,Bawang Putih Honan,kg,27/02/2026,32000
Jawa Tengah,Kab. Demak,Beras Medium,kg,27/02/2026,12800
Jawa Tengah,Kab. Demak,Beras Premium,kg,27/02/2026,14250
Jawa Tengah,Kab. Demak,Gula Pasir Curah,kg,27/02/2026,16500
Jawa Tengah,Kab. Demak,Minyak Goreng Sawit Kemasan Premium,lt,27/02/2026,20250
Jawa Tengah,Kab. Demak,Minyak Goreng Sawit Curah,lt,27/02/2026,16167
Jawa Tengah,Kab. Demak,Minyakita,lt,27/02/2026,15350
Jawa Tengah,Kab. Demak,Daging Sapi Paha Belakang,kg,27/02/2026,130000
Jawa Tengah,Kab. Demak,Daging Ayam Ras,kg,27/02/2026,35000
Jawa Tengah,Kab. Demak,Telur Ayam Ras,kg,27/02/2026,28000
Jawa Tengah,Kab. Demak,Tepung Terigu,kg,27/02/2026,11250
Jawa Tengah,Kab. Demak,Kedelai Impor,kg,27/02/2026,10000
Jawa Tengah,Kab. Demak,Cabai Merah Keriting,kg,27/02/2026,29667
Jawa Tengah,Kab. Demak,Cabai Rawit Merah,kg,27/02/2026,45667
Jawa Tengah,Kab. Demak,Cabai Merah Besar,kg,27/02/2026,34667
Jawa Tengah,Kab. Demak,Bawang Merah,kg,27/02/2026,34333
Jawa Tengah,Kab. Demak,Bawang Putih Honan,kg,27/02/2026,30000
Jawa Tengah,Kab. Semarang,Beras Medium,kg,27/02/2026,13833
Jawa Tengah,Kab. Semarang,Beras Premium,kg,27/02/2026,15000
Jawa Tengah,Kab. Semarang,Gula Pasir Curah,kg,27/02/2026,17333
Jawa Tengah,Kab. Semarang,Minyak Goreng Sawit Kemasan Premium,lt,27/02/2026,21500
Jawa Tengah,Kab. Semarang,Minyak Goreng Sawit Curah,lt,27/02/2026,18900
Jawa Tengah,Kab. Semarang,Minyakita,lt,27/02/2026,15600
Jawa Tengah,Kab. Semarang,Daging Sapi Paha Belakang,kg,27/02/2026,136667
Jawa Tengah,Kab. Semarang,Daging Ayam Ras,kg,27/02/2026,37500
Jawa Tengah,Kab. Semarang,Telur Ayam Ras,kg,27/02/2026,30000
Jawa Tengah,Kab. Semarang,Tepung Terigu,kg,27/02/2026,12083
Jawa Tengah,Kab. Semarang,Kedelai Impor,kg,27/02/2026,9650
Jawa Tengah,Kab. Semarang,Cabai Merah Keriting,kg,27/02/2026,36667
Jawa Tengah,Kab. Semarang,Cabai Rawit Merah,kg,27/02/2026,76667
Jawa Tengah,Kab. Semarang,Cabai Merah Besar,kg,27/02/2026,40000
Jawa Tengah,Kab. Semarang,Bawang Merah,kg,27/02/2026,44167
Jawa Tengah,Kab. Semarang,Bawang Putih Honan,kg,27/02/2026,34667
Jawa Tengah,Kab. Temanggung,Beras Medium,kg,27/02/2026,13500
Jawa Tengah,Kab. Temanggung,Beras Premium,kg,27/02/2026,14800
Jawa Tengah,Kab. Temanggung,Gula Pasir Curah,kg,27/02/2026,16750
Jawa Tengah,Kab. Temanggung,Minyak Goreng Sawit Kemasan Premium,lt,27/02/2026,19000
Jawa Tengah,Kab. Temanggung,Minyak Goreng Sawit Curah,lt,27/02/2026,19000
Jawa Tengah,Kab. Temanggung,Minyakita,lt,27/02/2026,15700
Jawa Tengah,Kab. Temanggung,Daging Sapi Paha Belakang,kg,27/02/2026,135000
Jawa Tengah,Kab. Temanggung,Daging Ayam Ras,kg,27/02/2026,39000
Jawa Tengah,Kab. Temanggung,Telur Ayam Ras,kg,27/02/2026,29000
Jawa Tengah,Kab. Temanggung,Tepung Terigu,kg,27/02/2026,11750
Jawa Tengah,Kab. Temanggung,Kedelai Impor,kg,27/02/2026,9700
Jawa Tengah,Kab. Temanggung,Cabai Merah Keriting,kg,27/02/2026,42500
Jawa Tengah,Kab. Temanggung,Cabai Rawit Merah,kg,27/02/2026,77500
Jawa Tengah,Kab. Temanggung,Cabai Merah Besar,kg,27/02/2026,45000
Jawa Tengah,Kab. Temanggung,Bawang Merah,kg,27/02/2026,45000
Jawa Tengah,Kab. Temanggung,Bawang Putih Honan,kg,27/02/2026,34000
Jawa Tengah,Kab. Kendal,Beras Medium,kg,27/02/2026,13500
Jawa Tengah,Kab. Kendal,Beras Premium,kg,27/02/2026,14900
Jawa Tengah,Kab. Kendal,Gula Pasir Curah,kg,27/02/2026,17167
Jawa Tengah,Kab. Kendal,Minyak Goreng Sawit Kemasan Premium,lt,27/02/2026,21000
Jawa Tengah,Kab. Kendal,Minyak Goreng Sawit Curah,lt,27/02/2026,17850
Jawa Tengah,Kab. Kendal,Minyakita,lt,27/02/2026,15700
Jawa Tengah,Kab. Kendal,Daging Sapi Paha Belakang,kg,27/02/2026,135000
Jawa Tengah,Kab. Kendal,Daging Ayam Ras,kg,27/02/2026,40000
Jawa Tengah,Kab. Kendal,Telur Ayam Ras,kg,27/02/2026,29500
Jawa Tengah,Kab. Kendal,Tepung Terigu,kg,27/02/2026,11667
Jawa Tengah,Kab. Kendal,Kedelai Impor,kg,27/02/2026,9800
Jawa Tengah,Kab. Kendal,Cabai Merah Keriting,kg,27/02/2026,27333
Jawa Tengah,Kab. Kendal,Cabai Rawit Merah,kg,27/02/2026,77000
Jawa Tengah,Kab. Kendal,Cabai Merah Besar,kg,27/02/2026,30000
Jawa Tengah,Kab. Kendal,Bawang Merah,kg,27/02/2026,40667
Jawa Tengah,Kab. Kendal,Bawang Putih Honan,kg,27/02/2026,31333
Jawa Tengah,Kab. Batang,Beras Medium,kg,27/02/2026,13200
Jawa Tengah,Kab. Batang,Beras Premium,kg,27/02/2026,14700
Jawa Tengah,Kab. Batang,Gula Pasir Curah,kg,27/02/2026,16500
Jawa Tengah,Kab. Batang,Minyak Goreng Sawit Kemasan Premium,lt,27/02/2026,19500
Jawa Tengah,Kab. Batang,Minyak Goreng Sawit Curah,lt,27/02/2026,17100
Jawa Tengah,Kab. Batang,Minyakita,lt,27/02/2026,15700
Jawa Tengah,Kab. Batang,Daging Sapi Paha Belakang,kg,27/02/2026,130000
Jawa Tengah,Kab. Batang,Daging Ayam Ras,kg,27/02/2026,40000
Jawa Tengah,Kab. Batang,Telur Ayam Ras,kg,27/02/2026,30000
Jawa Tengah,Kab. Batang,Tepung Terigu,kg,27/02/2026,11500
Jawa Tengah,Kab. Batang,Kedelai Impor,kg,27/02/2026,10500
Jawa Tengah,Kab. Batang,Cabai Merah Keriting,kg,27/02/2026,35000
Jawa Tengah,Kab. Batang,Cabai Rawit Merah,kg,27/02/2026,70000
Jawa Tengah,Kab. Batang,Cabai Merah Besar,kg,27/02/2026,35000
Jawa Tengah,Kab. Batang,Bawang Merah,kg,27/02/2026,40000
Jawa Tengah,Kab. Batang,Bawang Putih Honan,kg,27/02/2026,32000
Jawa Tengah,Kab. Pekalongan,Beras Medium,kg,27/02/2026,13200
Jawa Tengah,Kab. Pekalongan,Beras Premium,kg,27/02/2026,14500
Jawa Tengah,Kab. Pekalongan,Gula Pasir Curah,kg,27/02/2026,17000
Jawa Tengah,Kab. Pekalongan,Minyak Goreng Sawit Kemasan Premium,lt,27/02/2026,21000
Jawa Tengah,Kab. Pekalongan,Minyak Goreng Sawit Curah,lt,27/02/2026,17550
Jawa Tengah,Kab. Pekalongan,Minyakita,lt,27/02/2026,15700
Jawa Tengah,Kab. Pekalongan,Daging Sapi Paha Belakang,kg,27/02/2026,140000
Jawa Tengah,Kab. Pekalongan,Daging Ayam Ras,kg,27/02/2026,42000
Jawa Tengah,Kab. Pekalongan,Telur Ayam Ras,kg,27/02/2026,30000
Jawa Tengah,Kab. Pekalongan,Tepung Terigu,kg,27/02/2026,12000
Jawa Tengah,Kab. Pekalongan,Kedelai Impor,kg,27/02/2026,9800
Jawa Tengah,Kab. Pekalongan,Cabai Merah Keriting,kg,27/02/2026,35000
Jawa Tengah,Kab. Pekalongan,Cabai Rawit Merah,kg,27/02/2026,68000
Jawa Tengah,Kab. Pekalongan,Cabai Merah Besar,kg,27/02/2026,28000
Jawa Tengah,Kab. Pekalongan,Bawang Merah,kg,27/02/2026,39000
Jawa Tengah,Kab. Pekalongan,Bawang Putih Honan,kg,27/02/2026,33000
Jawa Tengah,Kab. Pemalang,Beras Medium,kg,27/02/2026,13000
Jawa Tengah,Kab. Pemalang,Beras Premium,kg,27/02/2026,14800
Jawa Tengah,Kab. Pemalang,Gula Pasir Curah,kg,27/02/2026,17167
Jawa Tengah,Kab. Pemalang,Minyak Goreng Sawit Kemasan Premium,lt,27/02/2026,21000
Jawa Tengah,Kab. Pemalang,Minyak Goreng Sawit Curah,lt,27/02/2026,17667
Jawa Tengah,Kab. Pemalang,Minyakita,lt,27/02/2026,15700
Jawa Tengah,Kab. Pemalang,Daging Sapi Paha Belakang,kg,27/02/2026,130000
Jawa Tengah,Kab. Pemalang,Daging Ayam Ras,kg,27/02/2026,40000
Jawa Tengah,Kab. Pemalang,Telur Ayam Ras,kg,27/02/2026,30000
Jawa Tengah,Kab. Pemalang,Tepung Terigu,kg,27/02/2026,12000
Jawa Tengah,Kab. Pemalang,Kedelai Impor,kg,27/02/2026,11500
Jawa Tengah,Kab. Pemalang,Cabai Merah Keriting,kg,27/02/2026,41667
Jawa Tengah,Kab. Pemalang,Cabai Rawit Merah,kg,27/02/2026,65000
Jawa Tengah,Kab. Pemalang,Cabai Merah Besar,kg,27/02/2026,34000
Jawa Tengah,Kab. Pemalang,Bawang Merah,kg,27/02/2026,41333
Jawa Tengah,Kab. Pemalang,Bawang Putih Honan,kg,27/02/2026,32667
Jawa Tengah,Kab. Tegal,Beras Medium,kg,27/02/2026,13167
Jawa Tengah,Kab. Tegal,Beras Premium,kg,27/02/2026,14300
Jawa Tengah,Kab. Tegal,Gula Pasir Curah,kg,27/02/2026,17000
Jawa Tengah,Kab. Tegal,Minyak Goreng Sawit Kemasan Premium,lt,27/02/2026,21167
Jawa Tengah,Kab. Tegal,Minyak Goreng Sawit Curah,lt,27/02/2026,17550
Jawa Tengah,Kab. Tegal,Minyakita,lt,27/02/2026,15700
Jawa Tengah,Kab. Tegal,Daging Sapi Paha Belakang,kg,27/02/2026,136667
Jawa Tengah,Kab. Tegal,Daging Ayam Ras,kg,27/02/2026,40667
Jawa Tengah,Kab. Tegal,Telur Ayam Ras,kg,27/02/2026,29667
Jawa Tengah,Kab. Tegal,Tepung Terigu,kg,27/02/2026,11000
Jawa Tengah,Kab. Tegal,Kedelai Impor,kg,27/02/2026,9983
Jawa Tengah,Kab. Tegal,Cabai Merah Keriting,kg,27/02/2026,32000
Jawa Tengah,Kab. Tegal,Cabai Rawit Merah,kg,27/02/2026,82500
Jawa Tengah,Kab. Tegal,Cabai Merah Besar,kg,27/02/2026,26500
Jawa Tengah,Kab. Tegal,Bawang Merah,kg,27/02/2026,38333
Jawa Tengah,Kab. Tegal,Bawang Putih Honan,kg,27/02/2026,30333
Jawa Tengah,Kab. Brebes,Beras Medium,kg,27/02/2026,13167
Jawa Tengah,Kab. Brebes,Beras Premium,kg,27/02/2026,14583
Jawa Tengah,Kab. Brebes,Gula Pasir Curah,kg,27/02/2026,17000
Jawa Tengah,Kab. Brebes,Minyak Goreng Sawit Kemasan Premium,lt,27/02/2026,21667
Jawa Tengah,Kab. Brebes,Minyak Goreng Sawit Curah,lt,27/02/2026,19000
Jawa Tengah,Kab. Brebes,Minyakita,lt,27/02/2026,15700
Jawa Tengah,Kab. Brebes,Daging Sapi Paha Belakang,kg,27/02/2026,145000
Jawa Tengah,Kab. Brebes,Daging Ayam Ras,kg,27/02/2026,40000
Jawa Tengah,Kab. Brebes,Telur Ayam Ras,kg,27/02/2026,31000
Jawa Tengah,Kab. Brebes,Tepung Terigu,kg,27/02/2026,12000
Jawa Tengah,Kab. Brebes,Kedelai Impor,kg,27/02/2026,0
Jawa Tengah,Kab. Brebes,Cabai Merah Keriting,kg,27/02/2026,32000
Jawa Tengah,Kab. Brebes,Cabai Rawit Merah,kg,27/02/2026,60667
Jawa Tengah,Kab. Brebes,Cabai Merah Besar,kg,27/02/2026,30000
Jawa Tengah,Kab. Brebes,Bawang Merah,kg,27/02/2026,35000
Jawa Tengah,Kab. Brebes,Bawang Putih Honan,kg,27/02/2026,35000
Jawa Tengah,Kota Magelang,Beras Medium,kg,27/02/2026,13500
Jawa Tengah,Kota Magelang,Beras Premium,kg,27/02/2026,14833
Jawa Tengah,Kota Magelang,Gula Pasir Curah,kg,27/02/2026,16833
Jawa Tengah,Kota Magelang,Minyak Goreng Sawit Kemasan Premium,lt,27/02/2026,20333
Jawa Tengah,Kota Magelang,Minyak Goreng Sawit Curah,lt,27/02/2026,16500
Jawa Tengah,Kota Magelang,Minyakita,lt,27/02/2026,15700
Jawa Tengah,Kota Magelang,Daging Sapi Paha Belakang,kg,27/02/2026,135000
Jawa Tengah,Kota Magelang,Daging Ayam Ras,kg,27/02/2026,38667
Jawa Tengah,Kota Magelang,Telur Ayam Ras,kg,27/02/2026,28667
Jawa Tengah,Kota Magelang,Tepung Terigu,kg,27/02/2026,12000
Jawa Tengah,Kota Magelang,Kedelai Impor,kg,27/02/2026,11000
Jawa Tengah,Kota Magelang,Cabai Merah Keriting,kg,27/02/2026,37000
Jawa Tengah,Kota Magelang,Cabai Rawit Merah,kg,27/02/2026,74333
Jawa Tengah,Kota Magelang,Cabai Merah Besar,kg,27/02/2026,43333
Jawa Tengah,Kota Magelang,Bawang Merah,kg,27/02/2026,40000
Jawa Tengah,Kota Magelang,Bawang Putih Honan,kg,27/02/2026,32667
Jawa Tengah,Kota Surakarta,Beras Medium,kg,27/02/2026,13583
Jawa Tengah,Kota Surakarta,Beras Premium,kg,27/02/2026,15750
Jawa Tengah,Kota Surakarta,Gula Pasir Curah,kg,27/02/2026,17000
Jawa Tengah,Kota Surakarta,Minyak Goreng Sawit Kemasan Premium,lt,27/02/2026,21667
Jawa Tengah,Kota Surakarta,Minyak Goreng Sawit Curah,lt,27/02/2026,20000
Jawa Tengah,Kota Surakarta,Minyakita,lt,27/02/2026,15700
Jawa Tengah,Kota Surakarta,Daging Sapi Paha Belakang,kg,27/02/2026,135000
Jawa Tengah,Kota Surakarta,Daging Ayam Ras,kg,27/02/2026,40000
Jawa Tengah,Kota Surakarta,Telur Ayam Ras,kg,27/02/2026,29000
Jawa Tengah,Kota Surakarta,Tepung Terigu,kg,27/02/2026,11250
Jawa Tengah,Kota Surakarta,Kedelai Impor,kg,27/02/2026,12000
Jawa Tengah,Kota Surakarta,Cabai Merah Keriting,kg,27/02/2026,25000
Jawa Tengah,Kota Surakarta,Cabai Rawit Merah,kg,27/02/2026,85000
Jawa Tengah,Kota Surakarta,Cabai Merah Besar,kg,27/02/2026,22000
Jawa Tengah,Kota Surakarta,Bawang Merah,kg,27/02/2026,36000
Jawa Tengah,Kota Surakarta,Bawang Putih Honan,kg,27/02/2026,28000
Jawa Tengah,Kota Salatiga,Beras Medium,kg,27/02/2026,13467
Jawa Tengah,Kota Salatiga,Beras Premium,kg,27/02/2026,14267
Jawa Tengah,Kota Salatiga,Gula Pasir Curah,kg,27/02/2026,17500
Jawa Tengah,Kota Salatiga,Minyak Goreng Sawit Kemasan Premium,lt,27/02/2026,22000
Jawa Tengah,Kota Salatiga,Minyak Goreng Sawit Curah,lt,27/02/2026,17100
Jawa Tengah,Kota Salatiga,Minyakita,lt,27/02/2026,15700
Jawa Tengah,Kota Salatiga,Daging Sapi Paha Belakang,kg,27/02/2026,120000
Jawa Tengah,Kota Salatiga,Daging Ayam Ras,kg,27/02/2026,39333
Jawa Tengah,Kota Salatiga,Telur Ayam Ras,kg,27/02/2026,29000
Jawa Tengah,Kota Salatiga,Tepung Terigu,kg,27/02/2026,12000
Jawa Tengah,Kota Salatiga,Kedelai Impor,kg,27/02/2026,12000
Jawa Tengah,Kota Salatiga,Cabai Merah Keriting,kg,27/02/2026,33333
Jawa Tengah,Kota Salatiga,Cabai Rawit Merah,kg,27/02/2026,83333
Jawa Tengah,Kota Salatiga,Cabai Merah Besar,kg,27/02/2026,36667
Jawa Tengah,Kota Salatiga,Bawang Merah,kg,27/02/2026,47667
Jawa Tengah,Kota Salatiga,Bawang Putih Honan,kg,27/02/2026,31333
Jawa Tengah,Kota Semarang,Beras Medium,kg,27/02/2026,13792
Jawa Tengah,Kota Semarang,Beras Premium,kg,27/02/2026,15292
Jawa Tengah,Kota Semarang,Gula Pasir Curah,kg,27/02/2026,17000
Jawa Tengah,Kota Semarang,Minyak Goreng Sawit Kemasan Premium,lt,27/02/2026,21833
Jawa Tengah,Kota Semarang,Minyak Goreng Sawit Curah,lt,27/02/2026,19833
Jawa Tengah,Kota Semarang,Minyakita,lt,27/02/2026,15700
Jawa Tengah,Kota Semarang,Daging Sapi Paha Belakang,kg,27/02/2026,130000
Jawa Tengah,Kota Semarang,Daging Ayam Ras,kg,27/02/2026,41000
Jawa Tengah,Kota Semarang,Telur Ayam Ras,kg,27/02/2026,29750
Jawa Tengah,Kota Semarang,Tepung Terigu,kg,27/02/2026,11750
Jawa Tengah,Kota Semarang,Kedelai Impor,kg,27/02/2026,0
Jawa Tengah,Kota Semarang,Cabai Merah Keriting,kg,27/02/2026,31000
Jawa Tengah,Kota Semarang,Cabai Rawit Merah,kg,27/02/2026,78500
Jawa Tengah,Kota Semarang,Cabai Merah Besar,kg,27/02/2026,33167
Jawa Tengah,Kota Semarang,Bawang Merah,kg,27/02/2026,39167
Jawa Tengah,Kota Semarang,Bawang Putih Honan,kg,27/02/2026,0
Jawa Tengah,Kota Pekalongan,Beras Medium,kg,27/02/2026,13500
Jawa Tengah,Kota Pekalongan,Beras Premium,kg,27/02/2026,14900
Jawa Tengah,Kota Pekalongan,Gula Pasir Curah,kg,27/02/2026,17000
Jawa Tengah,Kota Pekalongan,Minyak Goreng Sawit Kemasan Premium,lt,27/02/2026,21000
Jawa Tengah,Kota Pekalongan,Minyak Goreng Sawit Curah,lt,27/02/2026,18450
Jawa Tengah,Kota Pekalongan,Minyakita,lt,27/02/2026,15700
Jawa Tengah,Kota Pekalongan,Daging Sapi Paha Belakang,kg,27/02/2026,130000
Jawa Tengah,Kota Pekalongan,Daging Ayam Ras,kg,27/02/2026,42000
Jawa Tengah,Kota Pekalongan,Telur Ayam Ras,kg,27/02/2026,30000
Jawa Tengah,Kota Pekalongan,Tepung Terigu,kg,27/02/2026,11000
Jawa Tengah,Kota Pekalongan,Kedelai Impor,kg,27/02/2026,10000
Jawa Tengah,Kota Pekalongan,Cabai Merah Keriting,kg,27/02/2026,35000
Jawa Tengah,Kota Pekalongan,Cabai Rawit Merah,kg,27/02/2026,80000
Jawa Tengah,Kota Pekalongan,Cabai Merah Besar,kg,27/02/2026,28000
Jawa Tengah,Kota Pekalongan,Bawang Merah,kg,27/02/2026,48000
Jawa Tengah,Kota Pekalongan,Bawang Putih Honan,kg,27/02/2026,0
Jawa Tengah,Kota Tegal,Beras Medium,kg,27/02/2026,13250
Jawa Tengah,Kota Tegal,Beras Premium,kg,27/02/2026,14900
Jawa Tengah,Kota Tegal,Gula Pasir Curah,kg,27/02/2026,17333
Jawa Tengah,Kota Tegal,Minyak Goreng Sawit Kemasan Premium,lt,27/02/2026,21500
Jawa Tengah,Kota Tegal,Minyak Goreng Sawit Curah,lt,27/02/2026,18000
Jawa Tengah,Kota Tegal,Minyakita,lt,27/02/2026,15700
Jawa Tengah,Kota Tegal,Daging Sapi Paha Belakang,kg,27/02/2026,145000
Jawa Tengah,Kota Tegal,Daging Ayam Ras,kg,27/02/2026,43000
Jawa Tengah,Kota Tegal,Telur Ayam Ras,kg,27/02/2026,30833
Jawa Tengah,Kota Tegal,Tepung Terigu,kg,27/02/2026,11833
Jawa Tengah,Kota Tegal,Kedelai Impor,kg,27/02/2026,10200
Jawa Tengah,Kota Tegal,Cabai Merah Keriting,kg,27/02/2026,36667
Jawa Tengah,Kota Tegal,Cabai Rawit Merah,kg,27/02/2026,83333
Jawa Tengah,Kota Tegal,Cabai Merah Besar,kg,27/02/2026,26667
Jawa Tengah,Kota Tegal,Bawang Merah,kg,27/02/2026,45000
Jawa Tengah,Kota Tegal,Bawang Putih Honan,kg,27/02/2026,34667
Jawa Tengah,Kab. Cilacap,Beras Medium,kg,28/02/2026,0
Jawa Tengah,Kab. Cilacap,Beras Premium,kg,28/02/2026,0
Jawa Tengah,Kab. Cilacap,Gula Pasir Curah,kg,28/02/2026,0
Jawa Tengah,Kab. Cilacap,Minyak Goreng Sawit Kemasan Premium,lt,28/02/2026,0
Jawa Tengah,Kab. Cilacap,Minyak Goreng Sawit Curah,lt,28/02/2026,0
Jawa Tengah,Kab. Cilacap,Minyakita,lt,28/02/2026,0
Jawa Tengah,Kab. Cilacap,Daging Sapi Paha Belakang,kg,28/02/2026,0
Jawa Tengah,Kab. Cilacap,Daging Ayam Ras,kg,28/02/2026,0
Jawa Tengah,Kab. Cilacap,Telur Ayam Ras,kg,28/02/2026,0
Jawa Tengah,Kab. Cilacap,Tepung Terigu,kg,28/02/2026,0
Jawa Tengah,Kab. Cilacap,Kedelai Impor,kg,28/02/2026,0
Jawa Tengah,Kab. Cilacap,Cabai Merah Keriting,kg,28/02/2026,0
Jawa Tengah,Kab. Cilacap,Cabai Rawit Merah,kg,28/02/2026,0
Jawa Tengah,Kab. Cilacap,Cabai Merah Besar,kg,28/02/2026,0
Jawa Tengah,Kab. Cilacap,Bawang Merah,kg,28/02/2026,0
Jawa Tengah,Kab. Cilacap,Bawang Putih Honan,kg,28/02/2026,0
Jawa Tengah,Kab. Banyumas,Beras Medium,kg,28/02/2026,0
Jawa Tengah,Kab. Banyumas,Beras Premium,kg,28/02/2026,0
Jawa Tengah,Kab. Banyumas,Gula Pasir Curah,kg,28/02/2026,0
Jawa Tengah,Kab. Banyumas,Minyak Goreng Sawit Kemasan Premium,lt,28/02/2026,0
Jawa Tengah,Kab. Banyumas,Minyak Goreng Sawit Curah,lt,28/02/2026,0
Jawa Tengah,Kab. Banyumas,Minyakita,lt,28/02/2026,0
Jawa Tengah,Kab. Banyumas,Daging Sapi Paha Belakang,kg,28/02/2026,0
Jawa Tengah,Kab. Banyumas,Daging Ayam Ras,kg,28/02/2026,0
Jawa Tengah,Kab. Banyumas,Telur Ayam Ras,kg,28/02/2026,0
Jawa Tengah,Kab. Banyumas,Tepung Terigu,kg,28/02/2026,0
Jawa Tengah,Kab. Banyumas,Kedelai Impor,kg,28/02/2026,0
Jawa Tengah,Kab. Banyumas,Cabai Merah Keriting,kg,28/02/2026,0
Jawa Tengah,Kab. Banyumas,Cabai Rawit Merah,kg,28/02/2026,0
Jawa Tengah,Kab. Banyumas,Cabai Merah Besar,kg,28/02/2026,0
Jawa Tengah,Kab. Banyumas,Bawang Merah,kg,28/02/2026,0
Jawa Tengah,Kab. Banyumas,Bawang Putih Honan,kg,28/02/2026,0
Jawa Tengah,Kab. Purbalingga,Beras Medium,kg,28/02/2026,0
Jawa Tengah,Kab. Purbalingga,Beras Premium,kg,28/02/2026,0
Jawa Tengah,Kab. Purbalingga,Gula Pasir Curah,kg,28/02/2026,0
Jawa Tengah,Kab. Purbalingga,Minyak Goreng Sawit Kemasan Premium,lt,28/02/2026,0
Jawa Tengah,Kab. Purbalingga,Minyak Goreng Sawit Curah,lt,28/02/2026,0
Jawa Tengah,Kab. Purbalingga,Minyakita,lt,28/02/2026,0
Jawa Tengah,Kab. Purbalingga,Daging Sapi Paha Belakang,kg,28/02/2026,0
Jawa Tengah,Kab. Purbalingga,Daging Ayam Ras,kg,28/02/2026,0
Jawa Tengah,Kab. Purbalingga,Telur Ayam Ras,kg,28/02/2026,0
Jawa Tengah,Kab. Purbalingga,Tepung Terigu,kg,28/02/2026,0
Jawa Tengah,Kab. Purbalingga,Kedelai Impor,kg,28/02/2026,0
Jawa Tengah,Kab. Purbalingga,Cabai Merah Keriting,kg,28/02/2026,0
Jawa Tengah,Kab. Purbalingga,Cabai Rawit Merah,kg,28/02/2026,0
Jawa Tengah,Kab. Purbalingga,Cabai Merah Besar,kg,28/02/2026,0
Jawa Tengah,Kab. Purbalingga,Bawang Merah,kg,28/02/2026,0
Jawa Tengah,Kab. Purbalingga,Bawang Putih Honan,kg,28/02/2026,0
Jawa Tengah,Kab. Banjarnegara,Beras Medium,kg,28/02/2026,0
Jawa Tengah,Kab. Banjarnegara,Beras Premium,kg,28/02/2026,0
Jawa Tengah,Kab. Banjarnegara,Gula Pasir Curah,kg,28/02/2026,0
Jawa Tengah,Kab. Banjarnegara,Minyak Goreng Sawit Kemasan Premium,lt,28/02/2026,0
Jawa Tengah,Kab. Banjarnegara,Minyak Goreng Sawit Curah,lt,28/02/2026,0
Jawa Tengah,Kab. Banjarnegara,Minyakita,lt,28/02/2026,0
Jawa Tengah,Kab. Banjarnegara,Daging Sapi Paha Belakang,kg,28/02/2026,0
Jawa Tengah,Kab. Banjarnegara,Daging Ayam Ras,kg,28/02/2026,0
Jawa Tengah,Kab. Banjarnegara,Telur Ayam Ras,kg,28/02/2026,0
Jawa Tengah,Kab. Banjarnegara,Tepung Terigu,kg,28/02/2026,0
Jawa Tengah,Kab. Banjarnegara,Kedelai Impor,kg,28/02/2026,0
Jawa Tengah,Kab. Banjarnegara,Cabai Merah Keriting,kg,28/02/2026,0
Jawa Tengah,Kab. Banjarnegara,Cabai Rawit Merah,kg,28/02/2026,0
Jawa Tengah,Kab. Banjarnegara,Cabai Merah Besar,kg,28/02/2026,0
Jawa Tengah,Kab. Banjarnegara,Bawang Merah,kg,28/02/2026,0
Jawa Tengah,Kab. Banjarnegara,Bawang Putih Honan,kg,28/02/2026,0
Jawa Tengah,Kab. Kebumen,Beras Medium,kg,28/02/2026,0
Jawa Tengah,Kab. Kebumen,Beras Premium,kg,28/02/2026,0
Jawa Tengah,Kab. Kebumen,Gula Pasir Curah,kg,28/02/2026,0
Jawa Tengah,Kab. Kebumen,Minyak Goreng Sawit Kemasan Premium,lt,28/02/2026,0
Jawa Tengah,Kab. Kebumen,Minyak Goreng Sawit Curah,lt,28/02/2026,0
Jawa Tengah,Kab. Kebumen,Minyakita,lt,28/02/2026,0
Jawa Tengah,Kab. Kebumen,Daging Sapi Paha Belakang,kg,28/02/2026,0
Jawa Tengah,Kab. Kebumen,Daging Ayam Ras,kg,28/02/2026,0
Jawa Tengah,Kab. Kebumen,Telur Ayam Ras,kg,28/02/2026,0
Jawa Tengah,Kab. Kebumen,Tepung Terigu,kg,28/02/2026,0
Jawa Tengah,Kab. Kebumen,Kedelai Impor,kg,28/02/2026,0
Jawa Tengah,Kab. Kebumen,Cabai Merah Keriting,kg,28/02/2026,0
Jawa Tengah,Kab. Kebumen,Cabai Rawit Merah,kg,28/02/2026,0
Jawa Tengah,Kab. Kebumen,Cabai Merah Besar,kg,28/02/2026,0
Jawa Tengah,Kab. Kebumen,Bawang Merah,kg,28/02/2026,0
Jawa Tengah,Kab. Kebumen,Bawang Putih Honan,kg,28/02/2026,0
Jawa Tengah,Kab. Purworejo,Beras Medium,kg,28/02/2026,0
Jawa Tengah,Kab. Purworejo,Beras Premium,kg,28/02/2026,0
Jawa Tengah,Kab. Purworejo,Gula Pasir Curah,kg,28/02/2026,0
Jawa Tengah,Kab. Purworejo,Minyak Goreng Sawit Kemasan Premium,lt,28/02/2026,0
Jawa Tengah,Kab. Purworejo,Minyak Goreng Sawit Curah,lt,28/02/2026,0
Jawa Tengah,Kab. Purworejo,Minyakita,lt,28/02/2026,0
Jawa Tengah,Kab. Purworejo,Daging Sapi Paha Belakang,kg,28/02/2026,0
Jawa Tengah,Kab. Purworejo,Daging Ayam Ras,kg,28/02/2026,0
Jawa Tengah,Kab. Purworejo,Telur Ayam Ras,kg,28/02/2026,0
Jawa Tengah,Kab. Purworejo,Tepung Terigu,kg,28/02/2026,0
Jawa Tengah,Kab. Purworejo,Kedelai Impor,kg,28/02/2026,0
Jawa Tengah,Kab. Purworejo,Cabai Merah Keriting,kg,28/02/2026,0
Jawa Tengah,Kab. Purworejo,Cabai Rawit Merah,kg,28/02/2026,0
Jawa Tengah,Kab. Purworejo,Cabai Merah Besar,kg,28/02/2026,0
Jawa Tengah,Kab. Purworejo,Bawang Merah,kg,28/02/2026,0
Jawa Tengah,Kab. Purworejo,Bawang Putih Honan,kg,28/02/2026,0
Jawa Tengah,Kab. Wonosobo,Beras Medium,kg,28/02/2026,0
Jawa Tengah,Kab. Wonosobo,Beras Premium,kg,28/02/2026,0
Jawa Tengah,Kab. Wonosobo,Gula Pasir Curah,kg,28/02/2026,0
Jawa Tengah,Kab. Wonosobo,Minyak Goreng Sawit Kemasan Premium,lt,28/02/2026,0
Jawa Tengah,Kab. Wonosobo,Minyak Goreng Sawit Curah,lt,28/02/2026,0
Jawa Tengah,Kab. Wonosobo,Minyakita,lt,28/02/2026,0
Jawa Tengah,Kab. Wonosobo,Daging Sapi Paha Belakang,kg,28/02/2026,0
Jawa Tengah,Kab. Wonosobo,Daging Ayam Ras,kg,28/02/2026,0
Jawa Tengah,Kab. Wonosobo,Telur Ayam Ras,kg,28/02/2026,0
Jawa Tengah,Kab. Wonosobo,Tepung Terigu,kg,28/02/2026,0
Jawa Tengah,Kab. Wonosobo,Kedelai Impor,kg,28/02/2026,0
Jawa Tengah,Kab. Wonosobo,Cabai Merah Keriting,kg,28/02/2026,0
Jawa Tengah,Kab. Wonosobo,Cabai Rawit Merah,kg,28/02/2026,0
Jawa Tengah,Kab. Wonosobo,Cabai Merah Besar,kg,28/02/2026,0
Jawa Tengah,Kab. Wonosobo,Bawang Merah,kg,28/02/2026,0
Jawa Tengah,Kab. Wonosobo,Bawang Putih Honan,kg,28/02/2026,0
Jawa Tengah,Kab. Magelang,Beras Medium,kg,28/02/2026,0
Jawa Tengah,Kab. Magelang,Beras Premium,kg,28/02/2026,0
Jawa Tengah,Kab. Magelang,Gula Pasir Curah,kg,28/02/2026,0
Jawa Tengah,Kab. Magelang,Minyak Goreng Sawit Kemasan Premium,lt,28/02/2026,0
Jawa Tengah,Kab. Magelang,Minyak Goreng Sawit Curah,lt,28/02/2026,0
Jawa Tengah,Kab. Magelang,Minyakita,lt,28/02/2026,0
Jawa Tengah,Kab. Magelang,Daging Sapi Paha Belakang,kg,28/02/2026,0
Jawa Tengah,Kab. Magelang,Daging Ayam Ras,kg,28/02/2026,0
Jawa Tengah,Kab. Magelang,Telur Ayam Ras,kg,28/02/2026,0
Jawa Tengah,Kab. Magelang,Tepung Terigu,kg,28/02/2026,0
Jawa Tengah,Kab. Magelang,Kedelai Impor,kg,28/02/2026,0
Jawa Tengah,Kab. Magelang,Cabai Merah Keriting,kg,28/02/2026,0
Jawa Tengah,Kab. Magelang,Cabai Rawit Merah,kg,28/02/2026,0
Jawa Tengah,Kab. Magelang,Cabai Merah Besar,kg,28/02/2026,0
Jawa Tengah,Kab. Magelang,Bawang Merah,kg,28/02/2026,0
Jawa Tengah,Kab. Magelang,Bawang Putih Honan,kg,28/02/2026,0
Jawa Tengah,Kab. Boyolali,Beras Medium,kg,28/02/2026,0
Jawa Tengah,Kab. Boyolali,Beras Premium,kg,28/02/2026,0
Jawa Tengah,Kab. Boyolali,Gula Pasir Curah,kg,28/02/2026,0
Jawa Tengah,Kab. Boyolali,Minyak Goreng Sawit Kemasan Premium,lt,28/02/2026,0
Jawa Tengah,Kab. Boyolali,Minyak Goreng Sawit Curah,lt,28/02/2026,0
Jawa Tengah,Kab. Boyolali,Minyakita,lt,28/02/2026,0
Jawa Tengah,Kab. Boyolali,Daging Sapi Paha Belakang,kg,28/02/2026,0
Jawa Tengah,Kab. Boyolali,Daging Ayam Ras,kg,28/02/2026,0
Jawa Tengah,Kab. Boyolali,Telur Ayam Ras,kg,28/02/2026,0
Jawa Tengah,Kab. Boyolali,Tepung Terigu,kg,28/02/2026,0
Jawa Tengah,Kab. Boyolali,Kedelai Impor,kg,28/02/2026,0
Jawa Tengah,Kab. Boyolali,Cabai Merah Keriting,kg,28/02/2026,0
Jawa Tengah,Kab. Boyolali,Cabai Rawit Merah,kg,28/02/2026,0
Jawa Tengah,Kab. Boyolali,Cabai Merah Besar,kg,28/02/2026,0
Jawa Tengah,Kab. Boyolali,Bawang Merah,kg,28/02/2026,0
Jawa Tengah,Kab. Boyolali,Bawang Putih Honan,kg,28/02/2026,0
Jawa Tengah,Kab. Klaten,Beras Medium,kg,28/02/2026,0
Jawa Tengah,Kab. Klaten,Beras Premium,kg,28/02/2026,0
Jawa Tengah,Kab. Klaten,Gula Pasir Curah,kg,28/02/2026,0
Jawa Tengah,Kab. Klaten,Minyak Goreng Sawit Kemasan Premium,lt,28/02/2026,0
Jawa Tengah,Kab. Klaten,Minyak Goreng Sawit Curah,lt,28/02/2026,0
Jawa Tengah,Kab. Klaten,Minyakita,lt,28/02/2026,0
Jawa Tengah,Kab. Klaten,Daging Sapi Paha Belakang,kg,28/02/2026,0
Jawa Tengah,Kab. Klaten,Daging Ayam Ras,kg,28/02/2026,0
Jawa Tengah,Kab. Klaten,Telur Ayam Ras,kg,28/02/2026,0
Jawa Tengah,Kab. Klaten,Tepung Terigu,kg,28/02/2026,0
Jawa Tengah,Kab. Klaten,Kedelai Impor,kg,28/02/2026,0
Jawa Tengah,Kab. Klaten,Cabai Merah Keriting,kg,28/02/2026,0
Jawa Tengah,Kab. Klaten,Cabai Rawit Merah,kg,28/02/2026,0
Jawa Tengah,Kab. Klaten,Cabai Merah Besar,kg,28/02/2026,0
Jawa Tengah,Kab. Klaten,Bawang Merah,kg,28/02/2026,0
Jawa Tengah,Kab. Klaten,Bawang Putih Honan,kg,28/02/2026,0
Jawa Tengah,Kab. Sukoharjo,Beras Medium,kg,28/02/2026,0
Jawa Tengah,Kab. Sukoharjo,Beras Premium,kg,28/02/2026,0
Jawa Tengah,Kab. Sukoharjo,Gula Pasir Curah,kg,28/02/2026,0
Jawa Tengah,Kab. Sukoharjo,Minyak Goreng Sawit Kemasan Premium,lt,28/02/2026,0
Jawa Tengah,Kab. Sukoharjo,Minyak Goreng Sawit Curah,lt,28/02/2026,0
Jawa Tengah,Kab. Sukoharjo,Minyakita,lt,28/02/2026,0
Jawa Tengah,Kab. Sukoharjo,Daging Sapi Paha Belakang,kg,28/02/2026,0
Jawa Tengah,Kab. Sukoharjo,Daging Ayam Ras,kg,28/02/2026,0
Jawa Tengah,Kab. Sukoharjo,Telur Ayam Ras,kg,28/02/2026,0
Jawa Tengah,Kab. Sukoharjo,Tepung Terigu,kg,28/02/2026,0
Jawa Tengah,Kab. Sukoharjo,Kedelai Impor,kg,28/02/2026,0
Jawa Tengah,Kab. Sukoharjo,Cabai Merah Keriting,kg,28/02/2026,0
Jawa Tengah,Kab. Sukoharjo,Cabai Rawit Merah,kg,28/02/2026,0
Jawa Tengah,Kab. Sukoharjo,Cabai Merah Besar,kg,28/02/2026,0
Jawa Tengah,Kab. Sukoharjo,Bawang Merah,kg,28/02/2026,0
Jawa Tengah,Kab. Sukoharjo,Bawang Putih Honan,kg,28/02/2026,0
Jawa Tengah,Kab. Wonogiri,Beras Medium,kg,28/02/2026,0
Jawa Tengah,Kab. Wonogiri,Beras Premium,kg,28/02/2026,0
Jawa Tengah,Kab. Wonogiri,Gula Pasir Curah,kg,28/02/2026,0
Jawa Tengah,Kab. Wonogiri,Minyak Goreng Sawit Kemasan Premium,lt,28/02/2026,0
Jawa Tengah,Kab. Wonogiri,Minyak Goreng Sawit Curah,lt,28/02/2026,0
Jawa Tengah,Kab. Wonogiri,Minyakita,lt,28/02/2026,0
Jawa Tengah,Kab. Wonogiri,Daging Sapi Paha Belakang,kg,28/02/2026,0
Jawa Tengah,Kab. Wonogiri,Daging Ayam Ras,kg,28/02/2026,0
Jawa Tengah,Kab. Wonogiri,Telur Ayam Ras,kg,28/02/2026,0
Jawa Tengah,Kab. Wonogiri,Tepung Terigu,kg,28/02/2026,0
Jawa Tengah,Kab. Wonogiri,Kedelai Impor,kg,28/02/2026,0
Jawa Tengah,Kab. Wonogiri,Cabai Merah Keriting,kg,28/02/2026,0
Jawa Tengah,Kab. Wonogiri,Cabai Rawit Merah,kg,28/02/2026,0
Jawa Tengah,Kab. Wonogiri,Cabai Merah Besar,kg,28/02/2026,0
Jawa Tengah,Kab. Wonogiri,Bawang Merah,kg,28/02/2026,0
Jawa Tengah,Kab. Wonogiri,Bawang Putih Honan,kg,28/02/2026,0
Jawa Tengah,Kab. Karanganyar,Beras Medium,kg,28/02/2026,0
Jawa Tengah,Kab. Karanganyar,Beras Premium,kg,28/02/2026,0
Jawa Tengah,Kab. Karanganyar,Gula Pasir Curah,kg,28/02/2026,0
Jawa Tengah,Kab. Karanganyar,Minyak Goreng Sawit Kemasan Premium,lt,28/02/2026,0
Jawa Tengah,Kab. Karanganyar,Minyak Goreng Sawit Curah,lt,28/02/2026,0
Jawa Tengah,Kab. Karanganyar,Minyakita,lt,28/02/2026,0
Jawa Tengah,Kab. Karanganyar,Daging Sapi Paha Belakang,kg,28/02/2026,0
Jawa Tengah,Kab. Karanganyar,Daging Ayam Ras,kg,28/02/2026,0
Jawa Tengah,Kab. Karanganyar,Telur Ayam Ras,kg,28/02/2026,0
Jawa Tengah,Kab. Karanganyar,Tepung Terigu,kg,28/02/2026,0
Jawa Tengah,Kab. Karanganyar,Kedelai Impor,kg,28/02/2026,0
Jawa Tengah,Kab. Karanganyar,Cabai Merah Keriting,kg,28/02/2026,0
Jawa Tengah,Kab. Karanganyar,Cabai Rawit Merah,kg,28/02/2026,0
Jawa Tengah,Kab. Karanganyar,Cabai Merah Besar,kg,28/02/2026,0
Jawa Tengah,Kab. Karanganyar,Bawang Merah,kg,28/02/2026,0
Jawa Tengah,Kab. Karanganyar,Bawang Putih Honan,kg,28/02/2026,0
Jawa Tengah,Kab. Sragen,Beras Medium,kg,28/02/2026,0
Jawa Tengah,Kab. Sragen,Beras Premium,kg,28/02/2026,0
Jawa Tengah,Kab. Sragen,Gula Pasir Curah,kg,28/02/2026,0
Jawa Tengah,Kab. Sragen,Minyak Goreng Sawit Kemasan Premium,lt,28/02/2026,0
Jawa Tengah,Kab. Sragen,Minyak Goreng Sawit Curah,lt,28/02/2026,0
Jawa Tengah,Kab. Sragen,Minyakita,lt,28/02/2026,0
Jawa Tengah,Kab. Sragen,Daging Sapi Paha Belakang,kg,28/02/2026,0
Jawa Tengah,Kab. Sragen,Daging Ayam Ras,kg,28/02/2026,0
Jawa Tengah,Kab. Sragen,Telur Ayam Ras,kg,28/02/2026,0
Jawa Tengah,Kab. Sragen,Tepung Terigu,kg,28/02/2026,0
Jawa Tengah,Kab. Sragen,Kedelai Impor,kg,28/02/2026,0
Jawa Tengah,Kab. Sragen,Cabai Merah Keriting,kg,28/02/2026,0
Jawa Tengah,Kab. Sragen,Cabai Rawit Merah,kg,28/02/2026,0
Jawa Tengah,Kab. Sragen,Cabai Merah Besar,kg,28/02/2026,0
Jawa Tengah,Kab. Sragen,Bawang Merah,kg,28/02/2026,0
Jawa Tengah,Kab. Sragen,Bawang Putih Honan,kg,28/02/2026,0
Jawa Tengah,Kab. Grobogan,Beras Medium,kg,28/02/2026,0
Jawa Tengah,Kab. Grobogan,Beras Premium,kg,28/02/2026,0
Jawa Tengah,Kab. Grobogan,Gula Pasir Curah,kg,28/02/2026,0
Jawa Tengah,Kab. Grobogan,Minyak Goreng Sawit Kemasan Premium,lt,28/02/2026,0
Jawa Tengah,Kab. Grobogan,Minyak Goreng Sawit Curah,lt,28/02/2026,0
Jawa Tengah,Kab. Grobogan,Minyakita,lt,28/02/2026,0
Jawa Tengah,Kab. Grobogan,Daging Sapi Paha Belakang,kg,28/02/2026,0
Jawa Tengah,Kab. Grobogan,Daging Ayam Ras,kg,28/02/2026,0
Jawa Tengah,Kab. Grobogan,Telur Ayam Ras,kg,28/02/2026,0
Jawa Tengah,Kab. Grobogan,Tepung Terigu,kg,28/02/2026,0
Jawa Tengah,Kab. Grobogan,Kedelai Impor,kg,28/02/2026,0
Jawa Tengah,Kab. Grobogan,Cabai Merah Keriting,kg,28/02/2026,0
Jawa Tengah,Kab. Grobogan,Cabai Rawit Merah,kg,28/02/2026,0
Jawa Tengah,Kab. Grobogan,Cabai Merah Besar,kg,28/02/2026,0
Jawa Tengah,Kab. Grobogan,Bawang Merah,kg,28/02/2026,0
Jawa Tengah,Kab. Grobogan,Bawang Putih Honan,kg,28/02/2026,0
Jawa Tengah,Kab. Blora,Beras Medium,kg,28/02/2026,0
Jawa Tengah,Kab. Blora,Beras Premium,kg,28/02/2026,0
Jawa Tengah,Kab. Blora,Gula Pasir Curah,kg,28/02/2026,0
Jawa Tengah,Kab. Blora,Minyak Goreng Sawit Kemasan Premium,lt,28/02/2026,0
Jawa Tengah,Kab. Blora,Minyak Goreng Sawit Curah,lt,28/02/2026,0
Jawa Tengah,Kab. Blora,Minyakita,lt,28/02/2026,0
Jawa Tengah,Kab. Blora,Daging Sapi Paha Belakang,kg,28/02/2026,0
Jawa Tengah,Kab. Blora,Daging Ayam Ras,kg,28/02/2026,0
Jawa Tengah,Kab. Blora,Telur Ayam Ras,kg,28/02/2026,0
Jawa Tengah,Kab. Blora,Tepung Terigu,kg,28/02/2026,0
Jawa Tengah,Kab. Blora,Kedelai Impor,kg,28/02/2026,0
Jawa Tengah,Kab. Blora,Cabai Merah Keriting,kg,28/02/2026,0
Jawa Tengah,Kab. Blora,Cabai Rawit Merah,kg,28/02/2026,0
Jawa Tengah,Kab. Blora,Cabai Merah Besar,kg,28/02/2026,0
Jawa Tengah,Kab. Blora,Bawang Merah,kg,28/02/2026,0
Jawa Tengah,Kab. Blora,Bawang Putih Honan,kg,28/02/2026,0
Jawa Tengah,Kab. Rembang,Beras Medium,kg,28/02/2026,0
Jawa Tengah,Kab. Rembang,Beras Premium,kg,28/02/2026,0
Jawa Tengah,Kab. Rembang,Gula Pasir Curah,kg,28/02/2026,0
Jawa Tengah,Kab. Rembang,Minyak Goreng Sawit Kemasan Premium,lt,28/02/2026,0
Jawa Tengah,Kab. Rembang,Minyak Goreng Sawit Curah,lt,28/02/2026,0
Jawa Tengah,Kab. Rembang,Minyakita,lt,28/02/2026,0
Jawa Tengah,Kab. Rembang,Daging Sapi Paha Belakang,kg,28/02/2026,0
Jawa Tengah,Kab. Rembang,Daging Ayam Ras,kg,28/02/2026,0
Jawa Tengah,Kab. Rembang,Telur Ayam Ras,kg,28/02/2026,0
Jawa Tengah,Kab. Rembang,Tepung Terigu,kg,28/02/2026,0
Jawa Tengah,Kab. Rembang,Kedelai Impor,kg,28/02/2026,0
Jawa Tengah,Kab. Rembang,Cabai Merah Keriting,kg,28/02/2026,0
Jawa Tengah,Kab. Rembang,Cabai Rawit Merah,kg,28/02/2026,0
Jawa Tengah,Kab. Rembang,Cabai Merah Besar,kg,28/02/2026,0
Jawa Tengah,Kab. Rembang,Bawang Merah,kg,28/02/2026,0
Jawa Tengah,Kab. Rembang,Bawang Putih Honan,kg,28/02/2026,0
Jawa Tengah,Kab. Pati,Beras Medium,kg,28/02/2026,0
Jawa Tengah,Kab. Pati,Beras Premium,kg,28/02/2026,0
Jawa Tengah,Kab. Pati,Gula Pasir Curah,kg,28/02/2026,0
Jawa Tengah,Kab. Pati,Minyak Goreng Sawit Kemasan Premium,lt,28/02/2026,0
Jawa Tengah,Kab. Pati,Minyak Goreng Sawit Curah,lt,28/02/2026,0
Jawa Tengah,Kab. Pati,Minyakita,lt,28/02/2026,0
Jawa Tengah,Kab. Pati,Daging Sapi Paha Belakang,kg,28/02/2026,0
Jawa Tengah,Kab. Pati,Daging Ayam Ras,kg,28/02/2026,0
Jawa Tengah,Kab. Pati,Telur Ayam Ras,kg,28/02/2026,0
Jawa Tengah,Kab. Pati,Tepung Terigu,kg,28/02/2026,0
Jawa Tengah,Kab. Pati,Kedelai Impor,kg,28/02/2026,0
Jawa Tengah,Kab. Pati,Cabai Merah Keriting,kg,28/02/2026,0
Jawa Tengah,Kab. Pati,Cabai Rawit Merah,kg,28/02/2026,0
Jawa Tengah,Kab. Pati,Cabai Merah Besar,kg,28/02/2026,0
Jawa Tengah,Kab. Pati,Bawang Merah,kg,28/02/2026,0
Jawa Tengah,Kab. Pati,Bawang Putih Honan,kg,28/02/2026,0
Jawa Tengah,Kab. Kudus,Beras Medium,kg,28/02/2026,0
Jawa Tengah,Kab. Kudus,Beras Premium,kg,28/02/2026,0
Jawa Tengah,Kab. Kudus,Gula Pasir Curah,kg,28/02/2026,0
Jawa Tengah,Kab. Kudus,Minyak Goreng Sawit Kemasan Premium,lt,28/02/2026,0
Jawa Tengah,Kab. Kudus,Minyak Goreng Sawit Curah,lt,28/02/2026,0
Jawa Tengah,Kab. Kudus,Minyakita,lt,28/02/2026,0
Jawa Tengah,Kab. Kudus,Daging Sapi Paha Belakang,kg,28/02/2026,0
Jawa Tengah,Kab. Kudus,Daging Ayam Ras,kg,28/02/2026,0
Jawa Tengah,Kab. Kudus,Telur Ayam Ras,kg,28/02/2026,0
Jawa Tengah,Kab. Kudus,Tepung Terigu,kg,28/02/2026,0
Jawa Tengah,Kab. Kudus,Kedelai Impor,kg,28/02/2026,0
Jawa Tengah,Kab. Kudus,Cabai Merah Keriting,kg,28/02/2026,0
Jawa Tengah,Kab. Kudus,Cabai Rawit Merah,kg,28/02/2026,0
Jawa Tengah,Kab. Kudus,Cabai Merah Besar,kg,28/02/2026,0
Jawa Tengah,Kab. Kudus,Bawang Merah,kg,28/02/2026,0
Jawa Tengah,Kab. Kudus,Bawang Putih Honan,kg,28/02/2026,0
Jawa Tengah,Kab. Jepara,Beras Medium,kg,28/02/2026,0
Jawa Tengah,Kab. Jepara,Beras Premium,kg,28/02/2026,0
Jawa Tengah,Kab. Jepara,Gula Pasir Curah,kg,28/02/2026,0
Jawa Tengah,Kab. Jepara,Minyak Goreng Sawit Kemasan Premium,lt,28/02/2026,0
Jawa Tengah,Kab. Jepara,Minyak Goreng Sawit Curah,lt,28/02/2026,0
Jawa Tengah,Kab. Jepara,Minyakita,lt,28/02/2026,0
Jawa Tengah,Kab. Jepara,Daging Sapi Paha Belakang,kg,28/02/2026,0
Jawa Tengah,Kab. Jepara,Daging Ayam Ras,kg,28/02/2026,0
Jawa Tengah,Kab. Jepara,Telur Ayam Ras,kg,28/02/2026,0
Jawa Tengah,Kab. Jepara,Tepung Terigu,kg,28/02/2026,0
Jawa Tengah,Kab. Jepara,Kedelai Impor,kg,28/02/2026,0
Jawa Tengah,Kab. Jepara,Cabai Merah Keriting,kg,28/02/2026,0
Jawa Tengah,Kab. Jepara,Cabai Rawit Merah,kg,28/02/2026,0
Jawa Tengah,Kab. Jepara,Cabai Merah Besar,kg,28/02/2026,0
Jawa Tengah,Kab. Jepara,Bawang Merah,kg,28/02/2026,0
Jawa Tengah,Kab. Jepara,Bawang Putih Honan,kg,28/02/2026,0
Jawa Tengah,Kab. Demak,Beras Medium,kg,28/02/2026,0
Jawa Tengah,Kab. Demak,Beras Premium,kg,28/02/2026,0
Jawa Tengah,Kab. Demak,Gula Pasir Curah,kg,28/02/2026,0
Jawa Tengah,Kab. Demak,Minyak Goreng Sawit Kemasan Premium,lt,28/02/2026,0
Jawa Tengah,Kab. Demak,Minyak Goreng Sawit Curah,lt,28/02/2026,0
Jawa Tengah,Kab. Demak,Minyakita,lt,28/02/2026,0
Jawa Tengah,Kab. Demak,Daging Sapi Paha Belakang,kg,28/02/2026,0
Jawa Tengah,Kab. Demak,Daging Ayam Ras,kg,28/02/2026,0
Jawa Tengah,Kab. Demak,Telur Ayam Ras,kg,28/02/2026,0
Jawa Tengah,Kab. Demak,Tepung Terigu,kg,28/02/2026,0
Jawa Tengah,Kab. Demak,Kedelai Impor,kg,28/02/2026,0
Jawa Tengah,Kab. Demak,Cabai Merah Keriting,kg,28/02/2026,0
Jawa Tengah,Kab. Demak,Cabai Rawit Merah,kg,28/02/2026,0
Jawa Tengah,Kab. Demak,Cabai Merah Besar,kg,28/02/2026,0
Jawa Tengah,Kab. Demak,Bawang Merah,kg,28/02/2026,0
Jawa Tengah,Kab. Demak,Bawang Putih Honan,kg,28/02/2026,0
Jawa Tengah,Kab. Semarang,Beras Medium,kg,28/02/2026,0
Jawa Tengah,Kab. Semarang,Beras Premium,kg,28/02/2026,0
Jawa Tengah,Kab. Semarang,Gula Pasir Curah,kg,28/02/2026,0
Jawa Tengah,Kab. Semarang,Minyak Goreng Sawit Kemasan Premium,lt,28/02/2026,0
Jawa Tengah,Kab. Semarang,Minyak Goreng Sawit Curah,lt,28/02/2026,0
Jawa Tengah,Kab. Semarang,Minyakita,lt,28/02/2026,0
Jawa Tengah,Kab. Semarang,Daging Sapi Paha Belakang,kg,28/02/2026,0
Jawa Tengah,Kab. Semarang,Daging Ayam Ras,kg,28/02/2026,0
Jawa Tengah,Kab. Semarang,Telur Ayam Ras,kg,28/02/2026,0
Jawa Tengah,Kab. Semarang,Tepung Terigu,kg,28/02/2026,0
Jawa Tengah,Kab. Semarang,Kedelai Impor,kg,28/02/2026,0
Jawa Tengah,Kab. Semarang,Cabai Merah Keriting,kg,28/02/2026,0
Jawa Tengah,Kab. Semarang,Cabai Rawit Merah,kg,28/02/2026,0
Jawa Tengah,Kab. Semarang,Cabai Merah Besar,kg,28/02/2026,0
Jawa Tengah,Kab. Semarang,Bawang Merah,kg,28/02/2026,0
Jawa Tengah,Kab. Semarang,Bawang Putih Honan,kg,28/02/2026,0
Jawa Tengah,Kab. Temanggung,Beras Medium,kg,28/02/2026,0
Jawa Tengah,Kab. Temanggung,Beras Premium,kg,28/02/2026,0
Jawa Tengah,Kab. Temanggung,Gula Pasir Curah,kg,28/02/2026,0
Jawa Tengah,Kab. Temanggung,Minyak Goreng Sawit Kemasan Premium,lt,28/02/2026,0
Jawa Tengah,Kab. Temanggung,Minyak Goreng Sawit Curah,lt,28/02/2026,0
Jawa Tengah,Kab. Temanggung,Minyakita,lt,28/02/2026,0
Jawa Tengah,Kab. Temanggung,Daging Sapi Paha Belakang,kg,28/02/2026,0
Jawa Tengah,Kab. Temanggung,Daging Ayam Ras,kg,28/02/2026,0
Jawa Tengah,Kab. Temanggung,Telur Ayam Ras,kg,28/02/2026,0
Jawa Tengah,Kab. Temanggung,Tepung Terigu,kg,28/02/2026,0
Jawa Tengah,Kab. Temanggung,Kedelai Impor,kg,28/02/2026,0
Jawa Tengah,Kab. Temanggung,Cabai Merah Keriting,kg,28/02/2026,0
Jawa Tengah,Kab. Temanggung,Cabai Rawit Merah,kg,28/02/2026,0
Jawa Tengah,Kab. Temanggung,Cabai Merah Besar,kg,28/02/2026,0
Jawa Tengah,Kab. Temanggung,Bawang Merah,kg,28/02/2026,0
Jawa Tengah,Kab. Temanggung,Bawang Putih Honan,kg,28/02/2026,0
Jawa Tengah,Kab. Kendal,Beras Medium,kg,28/02/2026,0
Jawa Tengah,Kab. Kendal,Beras Premium,kg,28/02/2026,0
Jawa Tengah,Kab. Kendal,Gula Pasir Curah,kg,28/02/2026,0
Jawa Tengah,Kab. Kendal,Minyak Goreng Sawit Kemasan Premium,lt,28/02/2026,0
Jawa Tengah,Kab. Kendal,Minyak Goreng Sawit Curah,lt,28/02/2026,0
Jawa Tengah,Kab. Kendal,Minyakita,lt,28/02/2026,0
Jawa Tengah,Kab. Kendal,Daging Sapi Paha Belakang,kg,28/02/2026,0
Jawa Tengah,Kab. Kendal,Daging Ayam Ras,kg,28/02/2026,0
Jawa Tengah,Kab. Kendal,Telur Ayam Ras,kg,28/02/2026,0
Jawa Tengah,Kab. Kendal,Tepung Terigu,kg,28/02/2026,0
Jawa Tengah,Kab. Kendal,Kedelai Impor,kg,28/02/2026,0
Jawa Tengah,Kab. Kendal,Cabai Merah Keriting,kg,28/02/2026,0
Jawa Tengah,Kab. Kendal,Cabai Rawit Merah,kg,28/02/2026,0
Jawa Tengah,Kab. Kendal,Cabai Merah Besar,kg,28/02/2026,0
Jawa Tengah,Kab. Kendal,Bawang Merah,kg,28/02/2026,0
Jawa Tengah,Kab. Kendal,Bawang Putih Honan,kg,28/02/2026,0
Jawa Tengah,Kab. Batang,Beras Medium,kg,28/02/2026,0
Jawa Tengah,Kab. Batang,Beras Premium,kg,28/02/2026,0
Jawa Tengah,Kab. Batang,Gula Pasir Curah,kg,28/02/2026,0
Jawa Tengah,Kab. Batang,Minyak Goreng Sawit Kemasan Premium,lt,28/02/2026,0
Jawa Tengah,Kab. Batang,Minyak Goreng Sawit Curah,lt,28/02/2026,0
Jawa Tengah,Kab. Batang,Minyakita,lt,28/02/2026,0
Jawa Tengah,Kab. Batang,Daging Sapi Paha Belakang,kg,28/02/2026,0
Jawa Tengah,Kab. Batang,Daging Ayam Ras,kg,28/02/2026,0
Jawa Tengah,Kab. Batang,Telur Ayam Ras,kg,28/02/2026,0
Jawa Tengah,Kab. Batang,Tepung Terigu,kg,28/02/2026,0
Jawa Tengah,Kab. Batang,Kedelai Impor,kg,28/02/2026,0
Jawa Tengah,Kab. Batang,Cabai Merah Keriting,kg,28/02/2026,0
Jawa Tengah,Kab. Batang,Cabai Rawit Merah,kg,28/02/2026,0
Jawa Tengah,Kab. Batang,Cabai Merah Besar,kg,28/02/2026,0
Jawa Tengah,Kab. Batang,Bawang Merah,kg,28/02/2026,0
Jawa Tengah,Kab. Batang,Bawang Putih Honan,kg,28/02/2026,0
Jawa Tengah,Kab. Pekalongan,Beras Medium,kg,28/02/2026,0
Jawa Tengah,Kab. Pekalongan,Beras Premium,kg,28/02/2026,0
Jawa Tengah,Kab. Pekalongan,Gula Pasir Curah,kg,28/02/2026,0
Jawa Tengah,Kab. Pekalongan,Minyak Goreng Sawit Kemasan Premium,lt,28/02/2026,0
Jawa Tengah,Kab. Pekalongan,Minyak Goreng Sawit Curah,lt,28/02/2026,0
Jawa Tengah,Kab. Pekalongan,Minyakita,lt,28/02/2026,0
Jawa Tengah,Kab. Pekalongan,Daging Sapi Paha Belakang,kg,28/02/2026,0
Jawa Tengah,Kab. Pekalongan,Daging Ayam Ras,kg,28/02/2026,0
Jawa Tengah,Kab. Pekalongan,Telur Ayam Ras,kg,28/02/2026,0
Jawa Tengah,Kab. Pekalongan,Tepung Terigu,kg,28/02/2026,0
Jawa Tengah,Kab. Pekalongan,Kedelai Impor,kg,28/02/2026,0
Jawa Tengah,Kab. Pekalongan,Cabai Merah Keriting,kg,28/02/2026,0
Jawa Tengah,Kab. Pekalongan,Cabai Rawit Merah,kg,28/02/2026,0
Jawa Tengah,Kab. Pekalongan,Cabai Merah Besar,kg,28/02/2026,0
Jawa Tengah,Kab. Pekalongan,Bawang Merah,kg,28/02/2026,0
Jawa Tengah,Kab. Pekalongan,Bawang Putih Honan,kg,28/02/2026,0
Jawa Tengah,Kab. Pemalang,Beras Medium,kg,28/02/2026,0
Jawa Tengah,Kab. Pemalang,Beras Premium,kg,28/02/2026,0
Jawa Tengah,Kab. Pemalang,Gula Pasir Curah,kg,28/02/2026,0
Jawa Tengah,Kab. Pemalang,Minyak Goreng Sawit Kemasan Premium,lt,28/02/2026,0
Jawa Tengah,Kab. Pemalang,Minyak Goreng Sawit Curah,lt,28/02/2026,0
Jawa Tengah,Kab. Pemalang,Minyakita,lt,28/02/2026,0
Jawa Tengah,Kab. Pemalang,Daging Sapi Paha Belakang,kg,28/02/2026,0
Jawa Tengah,Kab. Pemalang,Daging Ayam Ras,kg,28/02/2026,0
Jawa Tengah,Kab. Pemalang,Telur Ayam Ras,kg,28/02/2026,0
Jawa Tengah,Kab. Pemalang,Tepung Terigu,kg,28/02/2026,0
Jawa Tengah,Kab. Pemalang,Kedelai Impor,kg,28/02/2026,0
Jawa Tengah,Kab. Pemalang,Cabai Merah Keriting,kg,28/02/2026,0
Jawa Tengah,Kab. Pemalang,Cabai Rawit Merah,kg,28/02/2026,0
Jawa Tengah,Kab. Pemalang,Cabai Merah Besar,kg,28/02/2026,0
Jawa Tengah,Kab. Pemalang,Bawang Merah,kg,28/02/2026,0
Jawa Tengah,Kab. Pemalang,Bawang Putih Honan,kg,28/02/2026,0
Jawa Tengah,Kab. Tegal,Beras Medium,kg,28/02/2026,0
Jawa Tengah,Kab. Tegal,Beras Premium,kg,28/02/2026,0
Jawa Tengah,Kab. Tegal,Gula Pasir Curah,kg,28/02/2026,0
Jawa Tengah,Kab. Tegal,Minyak Goreng Sawit Kemasan Premium,lt,28/02/2026,0
Jawa Tengah,Kab. Tegal,Minyak Goreng Sawit Curah,lt,28/02/2026,0
Jawa Tengah,Kab. Tegal,Minyakita,lt,28/02/2026,0
Jawa Tengah,Kab. Tegal,Daging Sapi Paha Belakang,kg,28/02/2026,0
Jawa Tengah,Kab. Tegal,Daging Ayam Ras,kg,28/02/2026,0
Jawa Tengah,Kab. Tegal,Telur Ayam Ras,kg,28/02/2026,0
Jawa Tengah,Kab. Tegal,Tepung Terigu,kg,28/02/2026,0
Jawa Tengah,Kab. Tegal,Kedelai Impor,kg,28/02/2026,0
Jawa Tengah,Kab. Tegal,Cabai Merah Keriting,kg,28/02/2026,0
Jawa Tengah,Kab. Tegal,Cabai Rawit Merah,kg,28/02/2026,0
Jawa Tengah,Kab. Tegal,Cabai Merah Besar,kg,28/02/2026,0
Jawa Tengah,Kab. Tegal,Bawang Merah,kg,28/02/2026,0
Jawa Tengah,Kab. Tegal,Bawang Putih Honan,kg,28/02/2026,0
Jawa Tengah,Kab. Brebes,Beras Medium,kg,28/02/2026,0
Jawa Tengah,Kab. Brebes,Beras Premium,kg,28/02/2026,0
Jawa Tengah,Kab. Brebes,Gula Pasir Curah,kg,28/02/2026,0
Jawa Tengah,Kab. Brebes,Minyak Goreng Sawit Kemasan Premium,lt,28/02/2026,0
Jawa Tengah,Kab. Brebes,Minyak Goreng Sawit Curah,lt,28/02/2026,0
Jawa Tengah,Kab. Brebes,Minyakita,lt,28/02/2026,0
Jawa Tengah,Kab. Brebes,Daging Sapi Paha Belakang,kg,28/02/2026,0
Jawa Tengah,Kab. Brebes,Daging Ayam Ras,kg,28/02/2026,0
Jawa Tengah,Kab. Brebes,Telur Ayam Ras,kg,28/02/2026,0
Jawa Tengah,Kab. Brebes,Tepung Terigu,kg,28/02/2026,0
Jawa Tengah,Kab. Brebes,Kedelai Impor,kg,28/02/2026,0
Jawa Tengah,Kab. Brebes,Cabai Merah Keriting,kg,28/02/2026,0
Jawa Tengah,Kab. Brebes,Cabai Rawit Merah,kg,28/02/2026,0
Jawa Tengah,Kab. Brebes,Cabai Merah Besar,kg,28/02/2026,0
Jawa Tengah,Kab. Brebes,Bawang Merah,kg,28/02/2026,0
Jawa Tengah,Kab. Brebes,Bawang Putih Honan,kg,28/02/2026,0
Jawa Tengah,Kota Magelang,Beras Medium,kg,28/02/2026,0
Jawa Tengah,Kota Magelang,Beras Premium,kg,28/02/2026,0
Jawa Tengah,Kota Magelang,Gula Pasir Curah,kg,28/02/2026,0
Jawa Tengah,Kota Magelang,Minyak Goreng Sawit Kemasan Premium,lt,28/02/2026,0
Jawa Tengah,Kota Magelang,Minyak Goreng Sawit Curah,lt,28/02/2026,0
Jawa Tengah,Kota Magelang,Minyakita,lt,28/02/2026,0
Jawa Tengah,Kota Magelang,Daging Sapi Paha Belakang,kg,28/02/2026,0
Jawa Tengah,Kota Magelang,Daging Ayam Ras,kg,28/02/2026,0
Jawa Tengah,Kota Magelang,Telur Ayam Ras,kg,28/02/2026,0
Jawa Tengah,Kota Magelang,Tepung Terigu,kg,28/02/2026,0
Jawa Tengah,Kota Magelang,Kedelai Impor,kg,28/02/2026,0
Jawa Tengah,Kota Magelang,Cabai Merah Keriting,kg,28/02/2026,0
Jawa Tengah,Kota Magelang,Cabai Rawit Merah,kg,28/02/2026,0
Jawa Tengah,Kota Magelang,Cabai Merah Besar,kg,28/02/2026,0
Jawa Tengah,Kota Magelang,Bawang Merah,kg,28/02/2026,0
Jawa Tengah,Kota Magelang,Bawang Putih Honan,kg,28/02/2026,0
Jawa Tengah,Kota Surakarta,Beras Medium,kg,28/02/2026,0
Jawa Tengah,Kota Surakarta,Beras Premium,kg,28/02/2026,0
Jawa Tengah,Kota Surakarta,Gula Pasir Curah,kg,28/02/2026,0
Jawa Tengah,Kota Surakarta,Minyak Goreng Sawit Kemasan Premium,lt,28/02/2026,0
Jawa Tengah,Kota Surakarta,Minyak Goreng Sawit Curah,lt,28/02/2026,0
Jawa Tengah,Kota Surakarta,Minyakita,lt,28/02/2026,0
Jawa Tengah,Kota Surakarta,Daging Sapi Paha Belakang,kg,28/02/2026,0
Jawa Tengah,Kota Surakarta,Daging Ayam Ras,kg,28/02/2026,0
Jawa Tengah,Kota Surakarta,Telur Ayam Ras,kg,28/02/2026,0
Jawa Tengah,Kota Surakarta,Tepung Terigu,kg,28/02/2026,0
Jawa Tengah,Kota Surakarta,Kedelai Impor,kg,28/02/2026,0
Jawa Tengah,Kota Surakarta,Cabai Merah Keriting,kg,28/02/2026,0
Jawa Tengah,Kota Surakarta,Cabai Rawit Merah,kg,28/02/2026,0
Jawa Tengah,Kota Surakarta,Cabai Merah Besar,kg,28/02/2026,0
Jawa Tengah,Kota Surakarta,Bawang Merah,kg,28/02/2026,0
Jawa Tengah,Kota Surakarta,Bawang Putih Honan,kg,28/02/2026,0
Jawa Tengah,Kota Salatiga,Beras Medium,kg,28/02/2026,0
Jawa Tengah,Kota Salatiga,Beras Premium,kg,28/02/2026,0
Jawa Tengah,Kota Salatiga,Gula Pasir Curah,kg,28/02/2026,0
Jawa Tengah,Kota Salatiga,Minyak Goreng Sawit Kemasan Premium,lt,28/02/2026,0
Jawa Tengah,Kota Salatiga,Minyak Goreng Sawit Curah,lt,28/02/2026,0
Jawa Tengah,Kota Salatiga,Minyakita,lt,28/02/2026,0
Jawa Tengah,Kota Salatiga,Daging Sapi Paha Belakang,kg,28/02/2026,0
Jawa Tengah,Kota Salatiga,Daging Ayam Ras,kg,28/02/2026,0
Jawa Tengah,Kota Salatiga,Telur Ayam Ras,kg,28/02/2026,0
Jawa Tengah,Kota Salatiga,Tepung Terigu,kg,28/02/2026,0
Jawa Tengah,Kota Salatiga,Kedelai Impor,kg,28/02/2026,0
Jawa Tengah,Kota Salatiga,Cabai Merah Keriting,kg,28/02/2026,0
Jawa Tengah,Kota Salatiga,Cabai Rawit Merah,kg,28/02/2026,0
Jawa Tengah,Kota Salatiga,Cabai Merah Besar,kg,28/02/2026,0
Jawa Tengah,Kota Salatiga,Bawang Merah,kg,28/02/2026,0
Jawa Tengah,Kota Salatiga,Bawang Putih Honan,kg,28/02/2026,0
Jawa Tengah,Kota Semarang,Beras Medium,kg,28/02/2026,0
Jawa Tengah,Kota Semarang,Beras Premium,kg,28/02/2026,0
Jawa Tengah,Kota Semarang,Gula Pasir Curah,kg,28/02/2026,0
Jawa Tengah,Kota Semarang,Minyak Goreng Sawit Kemasan Premium,lt,28/02/2026,0
Jawa Tengah,Kota Semarang,Minyak Goreng Sawit Curah,lt,28/02/2026,0
Jawa Tengah,Kota Semarang,Minyakita,lt,28/02/2026,0
Jawa Tengah,Kota Semarang,Daging Sapi Paha Belakang,kg,28/02/2026,0
Jawa Tengah,Kota Semarang,Daging Ayam Ras,kg,28/02/2026,0
Jawa Tengah,Kota Semarang,Telur Ayam Ras,kg,28/02/2026,0
Jawa Tengah,Kota Semarang,Tepung Terigu,kg,28/02/2026,0
Jawa Tengah,Kota Semarang,Kedelai Impor,kg,28/02/2026,0
Jawa Tengah,Kota Semarang,Cabai Merah Keriting,kg,28/02/2026,0
Jawa Tengah,Kota Semarang,Cabai Rawit Merah,kg,28/02/2026,0
Jawa Tengah,Kota Semarang,Cabai Merah Besar,kg,28/02/2026,0
Jawa Tengah,Kota Semarang,Bawang Merah,kg,28/02/2026,0
Jawa Tengah,Kota Semarang,Bawang Putih Honan,kg,28/02/2026,0
Jawa Tengah,Kota Pekalongan,Beras Medium,kg,28/02/2026,0
Jawa Tengah,Kota Pekalongan,Beras Premium,kg,28/02/2026,0
Jawa Tengah,Kota Pekalongan,Gula Pasir Curah,kg,28/02/2026,0
Jawa Tengah,Kota Pekalongan,Minyak Goreng Sawit Kemasan Premium,lt,28/02/2026,0
Jawa Tengah,Kota Pekalongan,Minyak Goreng Sawit Curah,lt,28/02/2026,0
Jawa Tengah,Kota Pekalongan,Minyakita,lt,28/02/2026,0
Jawa Tengah,Kota Pekalongan,Daging Sapi Paha Belakang,kg,28/02/2026,0
Jawa Tengah,Kota Pekalongan,Daging Ayam Ras,kg,28/02/2026,0
Jawa Tengah,Kota Pekalongan,Telur Ayam Ras,kg,28/02/2026,0
Jawa Tengah,Kota Pekalongan,Tepung Terigu,kg,28/02/2026,0
Jawa Tengah,Kota Pekalongan,Kedelai Impor,kg,28/02/2026,0
Jawa Tengah,Kota Pekalongan,Cabai Merah Keriting,kg,28/02/2026,0
Jawa Tengah,Kota Pekalongan,Cabai Rawit Merah,kg,28/02/2026,0
Jawa Tengah,Kota Pekalongan,Cabai Merah Besar,kg,28/02/2026,0
Jawa Tengah,Kota Pekalongan,Bawang Merah,kg,28/02/2026,0
Jawa Tengah,Kota Pekalongan,Bawang Putih Honan,kg,28/02/2026,0
Jawa Tengah,Kota Tegal,Beras Medium,kg,28/02/2026,0
Jawa Tengah,Kota Tegal,Beras Premium,kg,28/02/2026,0
Jawa Tengah,Kota Tegal,Gula Pasir Curah,kg,28/02/2026,0
Jawa Tengah,Kota Tegal,Minyak Goreng Sawit Kemasan Premium,lt,28/02/2026,0
Jawa Tengah,Kota Tegal,Minyak Goreng Sawit Curah,lt,28/02/2026,0
Jawa Tengah,Kota Tegal,Minyakita,lt,28/02/2026,0
Jawa Tengah,Kota Tegal,Daging Sapi Paha Belakang,kg,28/02/2026,0
Jawa Tengah,Kota Tegal,Daging Ayam Ras,kg,28/02/2026,0
Jawa Tengah,Kota Tegal,Telur Ayam Ras,kg,28/02/2026,0
Jawa Tengah,Kota Tegal,Tepung Terigu,kg,28/02/2026,0
Jawa Tengah,Kota Tegal,Kedelai Impor,kg,28/02/2026,0
Jawa Tengah,Kota Tegal,Cabai Merah Keriting,kg,28/02/2026,0
Jawa Tengah,Kota Tegal,Cabai Rawit Merah,kg,28/02/2026,0
Jawa Tengah,Kota Tegal,Cabai Merah Besar,kg,28/02/2026,0
Jawa Tengah,Kota Tegal,Bawang Merah,kg,28/02/2026,0
Jawa Tengah,Kota Tegal,Bawang Putih Honan,kg,28/02/2026,0
